family	upstream_symbol	upstream_signature	header_path_line	feature_gate	overload_disposition	go_symbol	go_signature	input_unit	output_unit	result_shape	count_meaning	destination_precondition	alias_contract	scalar_source	amd64_source	arm64_source	test_source	fuzz_source	benchmark_source	status	milestone	exclusion_reason
Encoding detection	simdutf::to_string	std::string_view (encoding_type)	include/simdutf/encoding_types.h:46	always	split C++ enum overload because Go cannot overload	EncodingString	func EncodingString(value Encoding) string	Encoding value	none	string	exact table: UTF8; UTF16 little-endian; UTF16 big-endian; UTF32 little-endian; UTF32 big-endian; unspecified -> unknown; Latin1 or any other value -> error	not_applicable	no overlap guarantee beyond pinned declaration; nil slice is empty input	src/encoding_types.cpp:3-20	not_applicable: non-accelerated string helper	not_applicable: non-accelerated string helper	tests; exact encoding string table required in Go	not_applicable: finite enum/value table	not_applicable: string helper has no upstream benchmark procedure	implemented	611becc-current-api	not_applicable
Base64	simdutf::to_string	std::string_view (base64_options)	include/simdutf/implementation.h:4194	SIMDUTF_FEATURE_BASE64	split C++ enum overload because Go cannot overload	Base64OptionsString	func Base64OptionsString(value Base64Options) string	Base64Options value	none	string	exact table including value 2 -> base64_reverse_padding and unknown values -> <unknown>	not_applicable	no overlap guarantee beyond pinned declaration; nil slice is empty input	include/simdutf/implementation.h:4194-4214	not_applicable: non-accelerated string helper	not_applicable: non-accelerated string helper	tests; exact Base64 option string table required in Go	not_applicable: finite enum/value table	not_applicable: string helper has no upstream benchmark procedure	implemented	611becc-current-api	not_applicable
Base64	simdutf::to_string	std::string_view (last_chunk_handling_options)	include/simdutf/implementation.h:4216	SIMDUTF_FEATURE_BASE64	split C++ enum overload because Go cannot overload	LastChunkHandlingOptionsString	func LastChunkHandlingOptionsString(value LastChunkHandlingOptions) string	LastChunkHandlingOptions value	none	string	exact four-value table; unknown values -> <unknown>	not_applicable	no overlap guarantee beyond pinned declaration; nil slice is empty input	include/simdutf/implementation.h:4216-4228	not_applicable: non-accelerated string helper	not_applicable: non-accelerated string helper	tests; exact last-chunk option string table required in Go	not_applicable: finite enum/value table	not_applicable: string helper has no upstream benchmark procedure	implemented	611becc-current-api	not_applicable
Result/error	simdutf::error_to_string	std::string_view (error_code) noexcept	include/simdutf/error.h:47	always	mapped one-to-one	ErrorToString	func ErrorToString(value ErrorCode) string	ErrorCode value	none	string	exact error-code table; unrecognized values -> OTHER	not_applicable	no overlap guarantee beyond pinned declaration; nil slice is empty input	include/simdutf/error.h:47-74	not_applicable: non-accelerated string helper	not_applicable: non-accelerated string helper	tests; exact error-code string table required in Go	not_applicable: finite enum/value table	not_applicable: string helper has no upstream benchmark procedure	implemented	611becc-current-api	not_applicable
Encoding detection	simdutf::autodetect_encoding	simdutf::encoding_type (const char *, size_t) noexcept	include/simdutf/implementation.h:202	SIMDUTF_FEATURE_DETECT_ENCODING	collapsed char and uint8_t pointer spellings to []byte	AutodetectEncoding	func AutodetectEncoding(input []byte) Encoding	bytes ([]byte)	none	Encoding	not_applicable	not_applicable	no overlap guarantee beyond pinned declaration; nil slice is empty input	not_applicable: no autodetect_encoding occurrence under src/fallback or include/simdutf/scalar at pinned tree	not_applicable: no autodetect_encoding occurrence under src/westmere or src/haswell at pinned tree	not_applicable: no autodetect_encoding occurrence under src/arm64 at pinned tree	tests/nostdlibcxx_c_api_test.c;tests/null_safety_tests.cpp;tests/simdutf_c_tests.cpp;tests/span_tests.cpp;tests/straight_c_test.c	fuzz/misc.cpp	benchmarks/alignment.cpp;benchmarks/src/benchmark_base.cpp;benchmarks/stream.cpp;benchmarks/threaded.cpp	planned	future-upstream-api	not_applicable
Encoding detection	simdutf::detect_encodings	int (const char *, size_t) noexcept	include/simdutf/implementation.h:238	SIMDUTF_FEATURE_DETECT_ENCODING	collapsed char and uint8_t pointer spellings to []byte	DetectEncodings	func DetectEncodings(input []byte) Encoding	bytes ([]byte)	none	Encoding bitset	not_applicable	not_applicable	no overlap guarantee beyond pinned declaration; nil slice is empty input	src/fallback/implementation.cpp	src/haswell/implementation.cpp;src/westmere/implementation.cpp	src/arm64/implementation.cpp	tests/CMakeLists.txt;tests/detect_encodings_tests.cpp;tests/simdutf_c_tests.cpp;tests/straight_c_test.c	fuzz/misc.cpp;fuzz_encoding_detection_test.go (planned direct scalar-differential target for DetectEncodings)	benchmarks/src/benchmark.cpp;benchmarks/src/benchmark.h	planned	future-upstream-api	not_applicable
UTF-8	simdutf::validate_utf8	bool (const char *, size_t) noexcept	include/simdutf/implementation.h:265	SIMDUTF_FEATURE_UTF8	mapped one-to-one	ValidateUTF8	func ValidateUTF8(input []byte) bool	bytes ([]byte)	none	bool	not_applicable	not_applicable	no overlap guarantee beyond pinned declaration; nil slice is empty input	src/fallback/implementation.cpp	src/haswell/implementation.cpp;src/westmere/implementation.cpp	src/arm64/implementation.cpp	tests/CMakeLists.txt;tests/basic_fuzzer.cpp;tests/bele_tests.cpp;tests/convert_utf16_to_utf8_with_replacement_tests.cpp;tests/convert_utf8_to_latin1_tests.cpp;tests/convert_utf8_to_latin1_with_errors_tests.cpp;tests/convert_utf8_to_utf16be_tests.cpp;tests/convert_utf8_to_utf16be_with_errors_tests.cpp;tests/convert_utf8_to_utf16le_tests.cpp;tests/convert_utf8_to_utf16le_with_errors_tests.cpp;tests/convert_utf8_to_utf32_tests.cpp;tests/convert_utf8_to_utf32_with_errors_tests.cpp;tests/convert_valid_utf8_to_utf16le_tests.cpp;tests/embed_tests.cpp;tests/helpers/transcode_test_base.cpp;tests/installation_tests/find/CMakeLists.txt;tests/installation_tests/from_fetch/CMakeLists.txt;tests/nostdlibcxx_c_api_test.c;tests/null_safety_tests.cpp;tests/random_fuzzer.cpp;tests/readme_tests.cpp;tests/reference/CMakeLists.txt;tests/reference/validate_utf8.cpp;tests/reference/validate_utf8.h;tests/reference/validate_utf8_to_latin1.cpp;tests/reference/validate_utf8_to_latin1.h;tests/select_implementation.cpp;tests/simdutf_c_tests.cpp;tests/special_tests.cpp;tests/straight_c_test.c;tests/validate_utf8_basic_tests.cpp;tests/validate_utf8_brute_force_tests.cpp;tests/validate_utf8_puzzler_tests.cpp;tests/validate_utf8_with_errors_tests.cpp	fuzz/conversion.cpp;fuzz/roundtrip.cpp;fuzz/with_replacement.cpp;fuzz_utf_8_test.go (planned direct scalar-differential target for ValidateUTF8)	benchmarks/shortbench.cpp;benchmarks/src/benchmark.cpp;benchmarks/src/benchmark.h	implemented	611becc-current-api	not_applicable
UTF-8	simdutf::validate_utf8_with_errors	result (const char *, size_t) noexcept	include/simdutf/implementation.h:296	SIMDUTF_FEATURE_UTF8	mapped one-to-one	ValidateUTF8WithErrors	func ValidateUTF8WithErrors(input []byte) Result	bytes ([]byte)	none	Result	Count is input code-unit length on success and input error position on failure	not_applicable	no overlap guarantee beyond pinned declaration; nil slice is empty input	src/fallback/implementation.cpp	src/haswell/implementation.cpp;src/westmere/implementation.cpp	src/arm64/implementation.cpp	tests/CMakeLists.txt;tests/bele_tests.cpp;tests/convert_utf8_to_latin1_tests.cpp;tests/convert_utf8_to_latin1_with_errors_tests.cpp;tests/convert_utf8_to_utf16be_tests.cpp;tests/convert_utf8_to_utf16be_with_errors_tests.cpp;tests/convert_utf8_to_utf16le_tests.cpp;tests/convert_utf8_to_utf16le_with_errors_tests.cpp;tests/convert_utf8_to_utf32_tests.cpp;tests/convert_utf8_to_utf32_with_errors_tests.cpp;tests/convert_valid_utf8_to_utf16le_tests.cpp;tests/nostdlibcxx_c_api_test.c;tests/null_safety_tests.cpp;tests/random_fuzzer.cpp;tests/readme_tests.cpp;tests/simdutf_c_tests.cpp;tests/straight_c_test.c;tests/validate_utf8_puzzler_tests.cpp;tests/validate_utf8_with_errors_tests.cpp	fuzz/conversion.cpp;fuzz/roundtrip.cpp;fuzz_utf_8_test.go (planned direct scalar-differential target for ValidateUTF8WithErrors)	benchmarks/src/benchmark.cpp;benchmarks/src/benchmark.h	implemented	611becc-current-api	not_applicable
ASCII	simdutf::validate_ascii	bool (const char *, size_t) noexcept	include/simdutf/implementation.h:326	SIMDUTF_FEATURE_ASCII	mapped one-to-one	ValidateASCII	func ValidateASCII(input []byte) bool	bytes ([]byte)	none	bool	not_applicable	not_applicable	no overlap guarantee beyond pinned declaration; nil slice is empty input	src/fallback/implementation.cpp	src/haswell/implementation.cpp;src/westmere/implementation.cpp	src/arm64/implementation.cpp	tests/CMakeLists.txt;tests/nostdlibcxx_c_api_test.c;tests/readme_tests.cpp;tests/simdutf_c_tests.cpp;tests/straight_c_test.c;tests/validate_ascii_basic_tests.cpp;tests/validate_ascii_with_errors_tests.cpp	fuzz/misc.cpp;fuzz_ascii_test.go (FuzzValidateASCII)	benchmarks/shortbench.cpp;benchmarks/src/benchmark.cpp;benchmarks/src/benchmark.h	implemented	611becc-current-api	not_applicable
ASCII	simdutf::validate_ascii_with_errors	result (const char *, size_t) noexcept	include/simdutf/implementation.h:356	SIMDUTF_FEATURE_ASCII	mapped one-to-one	ValidateASCIIWithErrors	func ValidateASCIIWithErrors(input []byte) Result	bytes ([]byte)	none	Result	Count is input code-unit length on success and input error position on failure	not_applicable	no overlap guarantee beyond pinned declaration; nil slice is empty input	src/fallback/implementation.cpp	src/haswell/implementation.cpp;src/westmere/implementation.cpp	src/arm64/implementation.cpp	tests/CMakeLists.txt;tests/readme_tests.cpp;tests/simdutf_c_tests.cpp;tests/straight_c_test.c;tests/validate_ascii_with_errors_tests.cpp	fuzz/misc.cpp;fuzz_ascii_test.go (FuzzValidateASCII)	benchmarks/src/benchmark.cpp;benchmarks/src/benchmark.h	implemented	611becc-current-api	not_applicable
ASCII	simdutf::validate_utf16_as_ascii	bool (const char16_t *, size_t) noexcept	include/simdutf/implementation.h:388	SIMDUTF_FEATURE_ASCII && SIMDUTF_FEATURE_UTF16	mapped one-to-one	ValidateUTF16AsASCII	func ValidateUTF16AsASCII(input []uint16) bool	UTF-16 code units ([]uint16; LE/BE names are raw storage)	none	bool	not_applicable	not_applicable	no overlap guarantee beyond pinned declaration; nil slice is empty input	include/simdutf/implementation.h:388; native-endian delegate to simdutf::validate_utf16le_as_ascii or simdutf::validate_utf16be_as_ascii	not_applicable: native wrapper delegates to the explicit UTF16LE/UTF16BE ISA row; no duplicate native assembly symbol	not_applicable: native wrapper delegates to the explicit UTF16LE/UTF16BE ISA row; no duplicate native assembly symbol	tests/validate_utf16be_basic_tests.cpp;tests/validate_utf16le_basic_tests.cpp	fuzz/misc.cpp;fuzz_ascii_test.go (FuzzValidateUTF16AsASCII exercises direct LE/BE cells; native wrapper remains tested through delegation)	not_applicable: no validate_utf16_as_ascii occurrence under benchmarks at pinned tree	implemented	611becc-current-api	not_applicable
ASCII	simdutf::validate_utf16be_as_ascii	bool (const char16_t *, size_t) noexcept	include/simdutf/implementation.h:416	SIMDUTF_FEATURE_ASCII && SIMDUTF_FEATURE_UTF16	mapped one-to-one	ValidateUTF16BEAsASCII	func ValidateUTF16BEAsASCII(input []uint16) bool	UTF-16 code units ([]uint16; LE/BE names are raw storage)	none	bool	not_applicable	not_applicable	no overlap guarantee beyond pinned declaration; nil slice is empty input	src/fallback/implementation.cpp	src/haswell/implementation.cpp;src/westmere/implementation.cpp	src/arm64/implementation.cpp	tests/validate_utf16be_basic_tests.cpp	fuzz/misc.cpp;fuzz_ascii_test.go (FuzzValidateUTF16AsASCII)	not_applicable: no validate_utf16be_as_ascii occurrence under benchmarks at pinned tree	implemented	611becc-current-api	not_applicable
ASCII	simdutf::validate_utf16le_as_ascii	bool (const char16_t *, size_t) noexcept	include/simdutf/implementation.h:444	SIMDUTF_FEATURE_ASCII && SIMDUTF_FEATURE_UTF16	mapped one-to-one	ValidateUTF16LEAsASCII	func ValidateUTF16LEAsASCII(input []uint16) bool	UTF-16 code units ([]uint16; LE/BE names are raw storage)	none	bool	not_applicable	not_applicable	no overlap guarantee beyond pinned declaration; nil slice is empty input	src/fallback/implementation.cpp	src/haswell/implementation.cpp;src/westmere/implementation.cpp	src/arm64/implementation.cpp	tests/validate_utf16le_basic_tests.cpp	fuzz/misc.cpp;fuzz_ascii_test.go (FuzzValidateUTF16AsASCII)	not_applicable: no validate_utf16le_as_ascii occurrence under benchmarks at pinned tree	implemented	611becc-current-api	not_applicable
UTF-16	simdutf::validate_utf16	bool (const char16_t *, size_t) noexcept	include/simdutf/implementation.h:477	SIMDUTF_FEATURE_UTF16	mapped one-to-one	ValidateUTF16	func ValidateUTF16(input []uint16) bool	UTF-16 code units ([]uint16; LE/BE names are raw storage)	none	bool	not_applicable	not_applicable	no overlap guarantee beyond pinned declaration; nil slice is empty input	include/simdutf/implementation.h:477; native-endian delegate to simdutf::validate_utf16le or simdutf::validate_utf16be	not_applicable: native wrapper delegates to the explicit UTF16LE/UTF16BE ISA row; no duplicate native assembly symbol	not_applicable: native wrapper delegates to the explicit UTF16LE/UTF16BE ISA row; no duplicate native assembly symbol	tests/CMakeLists.txt;tests/basic_fuzzer.cpp;tests/bele_tests.cpp;tests/convert_utf16_to_utf8_safe_tests.cpp;tests/convert_utf16be_to_latin1_tests.cpp;tests/convert_utf16be_to_latin1_tests_with_errors.cpp;tests/convert_utf16be_to_utf32_tests.cpp;tests/convert_utf16be_to_utf32_with_errors_tests.cpp;tests/convert_utf16be_to_utf8_tests.cpp;tests/convert_utf16le_to_latin1_tests.cpp;tests/convert_utf16le_to_latin1_tests_with_errors.cpp;tests/convert_utf16le_to_utf32_tests.cpp;tests/convert_utf16le_to_utf32_with_errors_tests.cpp;tests/convert_utf16le_to_utf8_tests.cpp;tests/convert_utf8_to_utf16le_tests.cpp;tests/convert_valid_utf16be_to_utf32_tests.cpp;tests/convert_valid_utf16be_to_utf8_tests.cpp;tests/convert_valid_utf16le_to_utf32_tests.cpp;tests/convert_valid_utf16le_to_utf8_tests.cpp;tests/convert_valid_utf8_to_utf16le_tests.cpp;tests/helpers/transcode_test_base.cpp;tests/null_safety_tests.cpp;tests/random_fuzzer.cpp;tests/readme_tests.cpp;tests/reference/CMakeLists.txt;tests/reference/validate_utf16.cpp;tests/reference/validate_utf16.h;tests/reference/validate_utf16_to_latin1.cpp;tests/reference/validate_utf16_to_latin1.h;tests/simdutf_c_tests.cpp;tests/span_tests.cpp;tests/special_tests.cpp;tests/to_well_formed_utf16_tests.cpp;tests/utf8_length_from_utf16_tests.cpp;tests/validate_utf16be_basic_tests.cpp;tests/validate_utf16be_with_errors_tests.cpp;tests/validate_utf16le_basic_tests.cpp;tests/validate_utf16le_with_errors_tests.cpp	fuzz/conversion.cpp;fuzz/misc.cpp;fuzz/roundtrip.cpp	benchmarks/src/benchmark.cpp;benchmarks/src/benchmark.h	implemented	611becc-current-api	not_applicable
UTF-16	simdutf::validate_utf16le	bool (const char16_t *, size_t) noexcept	include/simdutf/implementation.h:510	SIMDUTF_FEATURE_UTF16	mapped one-to-one	ValidateUTF16LE	func ValidateUTF16LE(input []uint16) bool	UTF-16 code units ([]uint16; LE/BE names are raw storage)	none	bool	not_applicable	not_applicable	no overlap guarantee beyond pinned declaration; nil slice is empty input	src/fallback/implementation.cpp	src/haswell/implementation.cpp;src/westmere/implementation.cpp	src/arm64/implementation.cpp	tests/CMakeLists.txt;tests/basic_fuzzer.cpp;tests/bele_tests.cpp;tests/convert_utf16le_to_latin1_tests_with_errors.cpp;tests/convert_utf16le_to_utf32_with_errors_tests.cpp;tests/convert_utf8_to_utf16le_tests.cpp;tests/convert_valid_utf8_to_utf16le_tests.cpp;tests/null_safety_tests.cpp;tests/random_fuzzer.cpp;tests/readme_tests.cpp;tests/special_tests.cpp;tests/to_well_formed_utf16_tests.cpp;tests/validate_utf16le_basic_tests.cpp;tests/validate_utf16le_with_errors_tests.cpp	fuzz/conversion.cpp;fuzz/misc.cpp;fuzz/roundtrip.cpp;fuzz_utf_16_test.go (planned direct scalar-differential target for ValidateUTF16LE)	benchmarks/src/benchmark.cpp;benchmarks/src/benchmark.h	implemented	611becc-current-api	not_applicable
UTF-16	simdutf::validate_utf16be	bool (const char16_t *, size_t) noexcept	include/simdutf/implementation.h:543	SIMDUTF_FEATURE_UTF16	mapped one-to-one	ValidateUTF16BE	func ValidateUTF16BE(input []uint16) bool	UTF-16 code units ([]uint16; LE/BE names are raw storage)	none	bool	not_applicable	not_applicable	no overlap guarantee beyond pinned declaration; nil slice is empty input	src/fallback/implementation.cpp	src/haswell/implementation.cpp;src/westmere/implementation.cpp	src/arm64/implementation.cpp	tests/CMakeLists.txt;tests/bele_tests.cpp;tests/convert_utf16be_to_utf32_with_errors_tests.cpp;tests/null_safety_tests.cpp;tests/random_fuzzer.cpp;tests/special_tests.cpp;tests/to_well_formed_utf16_tests.cpp;tests/validate_utf16be_basic_tests.cpp;tests/validate_utf16be_with_errors_tests.cpp	fuzz/conversion.cpp;fuzz/misc.cpp;fuzz/roundtrip.cpp;fuzz_utf_16_test.go (planned direct scalar-differential target for ValidateUTF16BE)	not_applicable: no validate_utf16be occurrence under benchmarks at pinned tree	implemented	611becc-current-api	not_applicable
UTF-16	simdutf::validate_utf16_with_errors	result (const char16_t *, size_t) noexcept	include/simdutf/implementation.h:576	SIMDUTF_FEATURE_UTF16	mapped one-to-one	ValidateUTF16WithErrors	func ValidateUTF16WithErrors(input []uint16) Result	UTF-16 code units ([]uint16; LE/BE names are raw storage)	none	Result	Count is input code-unit length on success and input error position on failure	not_applicable	no overlap guarantee beyond pinned declaration; nil slice is empty input	include/simdutf/implementation.h:576; native-endian delegate to simdutf::validate_utf16le_with_errors or simdutf::validate_utf16be_with_errors	not_applicable: native wrapper delegates to the explicit UTF16LE/UTF16BE ISA row; no duplicate native assembly symbol	not_applicable: native wrapper delegates to the explicit UTF16LE/UTF16BE ISA row; no duplicate native assembly symbol	tests/simdutf_c_tests.cpp;tests/validate_utf16be_with_errors_tests.cpp;tests/validate_utf16le_with_errors_tests.cpp	not_applicable: no validate_utf16_with_errors occurrence under fuzz at pinned tree	not_applicable: no validate_utf16_with_errors occurrence under benchmarks at pinned tree	implemented	611becc-current-api	not_applicable
UTF-16	simdutf::validate_utf16le_with_errors	result (const char16_t *, size_t) noexcept	include/simdutf/implementation.h:609	SIMDUTF_FEATURE_UTF16	mapped one-to-one	ValidateUTF16LEWithErrors	func ValidateUTF16LEWithErrors(input []uint16) Result	UTF-16 code units ([]uint16; LE/BE names are raw storage)	none	Result	Count is input code-unit length on success and input error position on failure	not_applicable	no overlap guarantee beyond pinned declaration; nil slice is empty input	src/fallback/implementation.cpp	src/haswell/implementation.cpp;src/westmere/implementation.cpp	src/arm64/implementation.cpp	tests/CMakeLists.txt;tests/bele_tests.cpp;tests/convert_utf16le_to_latin1_tests_with_errors.cpp;tests/convert_utf16le_to_utf32_with_errors_tests.cpp;tests/null_safety_tests.cpp;tests/random_fuzzer.cpp;tests/validate_utf16le_with_errors_tests.cpp	fuzz/conversion.cpp;fuzz/roundtrip.cpp;fuzz_utf_16_test.go (planned direct scalar-differential target for ValidateUTF16LEWithErrors)	benchmarks/src/benchmark.cpp;benchmarks/src/benchmark.h	implemented	611becc-current-api	not_applicable
UTF-16	simdutf::validate_utf16be_with_errors	result (const char16_t *, size_t) noexcept	include/simdutf/implementation.h:642	SIMDUTF_FEATURE_UTF16	mapped one-to-one	ValidateUTF16BEWithErrors	func ValidateUTF16BEWithErrors(input []uint16) Result	UTF-16 code units ([]uint16; LE/BE names are raw storage)	none	Result	Count is input code-unit length on success and input error position on failure	not_applicable	no overlap guarantee beyond pinned declaration; nil slice is empty input	src/fallback/implementation.cpp	src/haswell/implementation.cpp;src/westmere/implementation.cpp	src/arm64/implementation.cpp	tests/CMakeLists.txt;tests/bele_tests.cpp;tests/convert_utf16be_to_utf32_with_errors_tests.cpp;tests/null_safety_tests.cpp;tests/random_fuzzer.cpp;tests/validate_utf16be_with_errors_tests.cpp	fuzz/conversion.cpp;fuzz/roundtrip.cpp;fuzz_utf_16_test.go (planned direct scalar-differential target for ValidateUTF16BEWithErrors)	not_applicable: no validate_utf16be_with_errors occurrence under benchmarks at pinned tree	implemented	611becc-current-api	not_applicable
UTF-16	simdutf::to_well_formed_utf16le	void (const char16_t *, size_t, char16_t *) noexcept	include/simdutf/implementation.h:671	SIMDUTF_FEATURE_UTF16	mapped one-to-one	ToWellFormedUTF16LE	func ToWellFormedUTF16LE(input, dst []uint16)	UTF-16 code units ([]uint16; LE/BE names are raw storage)	UTF-16 code units ([]uint16; LE/BE names are raw storage)	no return	not_applicable	caller supplies destination sized by the corresponding pinned length helper; Go wrapper panics stably before out-of-bounds store	input and output may be identical as documented; no other overlap guaranteed	src/fallback/implementation.cpp	src/haswell/implementation.cpp;src/westmere/implementation.cpp	src/arm64/implementation.cpp	tests/convert_utf16_to_utf8_with_replacement_tests.cpp;tests/helpers/compiletime_conversions.h;tests/to_well_formed_utf16_tests.cpp	fuzz/misc.cpp;fuzz_utf_16_test.go (planned direct scalar-differential target for ToWellFormedUTF16LE)	benchmarks/benchmark_to_well_formed_utf16.cpp;benchmarks/src/benchmark.cpp;benchmarks/src/benchmark.h	implemented	611becc-current-api	not_applicable
UTF-16	simdutf::to_well_formed_utf16be	void (const char16_t *, size_t, char16_t *) noexcept	include/simdutf/implementation.h:701	SIMDUTF_FEATURE_UTF16	mapped one-to-one	ToWellFormedUTF16BE	func ToWellFormedUTF16BE(input, dst []uint16)	UTF-16 code units ([]uint16; LE/BE names are raw storage)	UTF-16 code units ([]uint16; LE/BE names are raw storage)	no return	not_applicable	caller supplies destination sized by the corresponding pinned length helper; Go wrapper panics stably before out-of-bounds store	input and output may be identical as documented; no other overlap guaranteed	src/fallback/implementation.cpp	src/haswell/implementation.cpp;src/westmere/implementation.cpp	src/arm64/implementation.cpp	tests/convert_utf16_to_utf8_with_replacement_tests.cpp;tests/helpers/compiletime_conversions.h;tests/to_well_formed_utf16_tests.cpp	fuzz/misc.cpp;fuzz_utf_16_test.go (planned direct scalar-differential target for ToWellFormedUTF16BE)	not_applicable: no to_well_formed_utf16be occurrence under benchmarks at pinned tree	implemented	611becc-current-api	not_applicable
UTF-16	simdutf::to_well_formed_utf16	void (const char16_t *, size_t, char16_t *) noexcept	include/simdutf/implementation.h:731	SIMDUTF_FEATURE_UTF16	mapped one-to-one	ToWellFormedUTF16	func ToWellFormedUTF16(input, dst []uint16)	UTF-16 code units ([]uint16; LE/BE names are raw storage)	UTF-16 code units ([]uint16; LE/BE names are raw storage)	no return	not_applicable	caller supplies destination sized by the corresponding pinned length helper; Go wrapper panics stably before out-of-bounds store	input and output may be identical as documented; no other overlap guaranteed	include/simdutf/implementation.h:731; native-endian delegate to simdutf::to_well_formed_utf16le or simdutf::to_well_formed_utf16be	not_applicable: native wrapper delegates to the explicit UTF16LE/UTF16BE ISA row; no duplicate native assembly symbol	not_applicable: native wrapper delegates to the explicit UTF16LE/UTF16BE ISA row; no duplicate native assembly symbol	tests/CMakeLists.txt;tests/convert_utf16_to_utf8_with_replacement_tests.cpp;tests/helpers/compiletime_conversions.h;tests/simdutf_c_tests.cpp;tests/to_well_formed_utf16_tests.cpp	fuzz/misc.cpp	benchmarks/CMakeLists.txt;benchmarks/benchmark_to_well_formed_utf16.cpp;benchmarks/src/benchmark.cpp;benchmarks/src/benchmark.h	implemented	611becc-current-api	not_applicable
UTF-32	simdutf::validate_utf32	bool (const char32_t *, size_t) noexcept	include/simdutf/implementation.h:766	SIMDUTF_FEATURE_UTF32	mapped one-to-one	ValidateUTF32	func ValidateUTF32(input []uint32) bool	UTF-32 code units ([]uint32)	none	bool	not_applicable	not_applicable	no overlap guarantee beyond pinned declaration; nil slice is empty input	src/fallback/implementation.cpp	src/haswell/implementation.cpp;src/westmere/implementation.cpp;src/westmere/sse_convert_utf32_to_utf16.cpp	src/arm64/arm_validate_utf32le.cpp;src/arm64/implementation.cpp	tests/CMakeLists.txt;tests/basic_fuzzer.cpp;tests/bele_tests.cpp;tests/convert_utf32_to_latin1_tests.cpp;tests/convert_utf32_to_utf16be_with_errors_tests.cpp;tests/convert_utf32_to_utf16le_with_errors_tests.cpp;tests/convert_utf32_to_utf8_with_errors_tests.cpp;tests/helpers/transcode_test_base.cpp;tests/null_safety_tests.cpp;tests/random_fuzzer.cpp;tests/reference/CMakeLists.txt;tests/reference/validate_utf32.cpp;tests/reference/validate_utf32.h;tests/reference/validate_utf32_to_latin1.cpp;tests/reference/validate_utf32_to_latin1.h;tests/simdutf_c_tests.cpp;tests/span_tests.cpp;tests/special_tests.cpp;tests/validate_utf32_basic_tests.cpp;tests/validate_utf32_with_errors_tests.cpp	fuzz/conversion.cpp;fuzz/roundtrip.cpp;fuzz_utf_32_test.go (planned direct scalar-differential target for ValidateUTF32)	benchmarks/src/benchmark.cpp;benchmarks/src/benchmark.h	implemented	611becc-current-api	not_applicable
UTF-32	simdutf::validate_utf32_with_errors	result (const char32_t *, size_t) noexcept	include/simdutf/implementation.h:801	SIMDUTF_FEATURE_UTF32	mapped one-to-one	ValidateUTF32WithErrors	func ValidateUTF32WithErrors(input []uint32) Result	UTF-32 code units ([]uint32)	none	Result	Count is input code-unit length on success and input error position on failure	not_applicable	no overlap guarantee beyond pinned declaration; nil slice is empty input	src/fallback/implementation.cpp	src/haswell/implementation.cpp;src/westmere/implementation.cpp	src/arm64/implementation.cpp	tests/CMakeLists.txt;tests/bele_tests.cpp;tests/convert_utf32_to_utf16be_with_errors_tests.cpp;tests/convert_utf32_to_utf16le_with_errors_tests.cpp;tests/convert_utf32_to_utf8_with_errors_tests.cpp;tests/null_safety_tests.cpp;tests/random_fuzzer.cpp;tests/simdutf_c_tests.cpp;tests/span_tests.cpp;tests/validate_utf32_with_errors_tests.cpp	fuzz/conversion.cpp;fuzz_utf_32_test.go (planned direct scalar-differential target for ValidateUTF32WithErrors)	benchmarks/src/benchmark.cpp;benchmarks/src/benchmark.h	implemented	611becc-current-api	not_applicable
Transcoding/length	simdutf::convert_latin1_to_utf8	size_t (const char *, size_t, char *) noexcept	include/simdutf/implementation.h:830	SIMDUTF_FEATURE_LATIN1 && SIMDUTF_FEATURE_UTF8	mapped one-to-one	ConvertLatin1ToUTF8	func ConvertLatin1ToUTF8(input []byte, dst []byte) int	bytes ([]byte)	bytes ([]byte)	int	number of output code units/bytes written	caller supplies destination sized by the corresponding pinned length helper; Go wrapper panics stably before out-of-bounds store	no overlap guarantee beyond pinned declaration; nil slice is empty input	src/fallback/implementation.cpp	src/haswell/avx2_convert_latin1_to_utf8.cpp;src/haswell/implementation.cpp;src/westmere/implementation.cpp;src/westmere/sse_convert_latin1_to_utf8.cpp	src/arm64/arm_convert_latin1_to_utf8.cpp;src/arm64/implementation.cpp	tests/CMakeLists.txt;tests/convert_latin1_to_utf8_tests.cpp;tests/helpers/compiletime_conversions.h;tests/random_fuzzer.cpp;tests/simdutf_c_tests.cpp;tests/span_tests.cpp;tests/straight_c_test.c	fuzz/conversion.cpp;fuzz/misc.cpp;fuzz/roundtrip.cpp;fuzz/safe_conversion.cpp;fuzz_transcoding_length_test.go (planned direct scalar-differential target for ConvertLatin1ToUTF8)	benchmarks/shortbench.cpp;benchmarks/src/benchmark.cpp;benchmarks/src/benchmark.h	implemented	611becc-current-api	not_applicable
Transcoding/length	simdutf::convert_latin1_to_utf8_safe	size_t (const char *, size_t, char *, size_t) noexcept	include/simdutf/implementation.h:868	SIMDUTF_FEATURE_LATIN1 && SIMDUTF_FEATURE_UTF8	mapped one-to-one	ConvertLatin1ToUTF8Safe	func ConvertLatin1ToUTF8Safe(input []byte, dst []byte) int	bytes ([]byte)	bytes ([]byte)	int	number of output code units/bytes written	bounded: writes as many complete output units as fit and returns written count; 0 when conversion is impossible	no overlap guarantee beyond pinned declaration; nil slice is empty input	not_applicable: no convert_latin1_to_utf8_safe occurrence under src/fallback or include/simdutf/scalar at pinned tree	not_applicable: no convert_latin1_to_utf8_safe occurrence under src/westmere or src/haswell at pinned tree	not_applicable: no convert_latin1_to_utf8_safe occurrence under src/arm64 at pinned tree	tests/convert_latin1_to_utf8_tests.cpp;tests/span_tests.cpp	fuzz/misc.cpp;fuzz/safe_conversion.cpp	not_applicable: no convert_latin1_to_utf8_safe occurrence under benchmarks at pinned tree	implemented	611becc-current-api	not_applicable
Transcoding/length	simdutf::convert_latin1_to_utf16le	size_t (const char *, size_t, char16_t *) noexcept	include/simdutf/implementation.h:907	SIMDUTF_FEATURE_LATIN1 && SIMDUTF_FEATURE_UTF16	mapped one-to-one	ConvertLatin1ToUTF16LE	func ConvertLatin1ToUTF16LE(input []byte, dst []uint16) int	bytes ([]byte)	UTF-16 code units ([]uint16; LE/BE names are raw storage)	int	number of output code units/bytes written	caller supplies destination sized by the corresponding pinned length helper; Go wrapper panics stably before out-of-bounds store	no overlap guarantee beyond pinned declaration; nil slice is empty input	src/fallback/implementation.cpp	src/haswell/implementation.cpp;src/westmere/implementation.cpp	src/arm64/implementation.cpp	tests/CMakeLists.txt;tests/convert_latin1_to_utf16le_tests.cpp;tests/helpers/compiletime_conversions.h;tests/null_safety_tests.cpp;tests/random_fuzzer.cpp;tests/span_tests.cpp	fuzz/conversion.cpp;fuzz/roundtrip.cpp;fuzz_transcoding_length_test.go (planned direct scalar-differential target for ConvertLatin1ToUTF16LE)	benchmarks/shortbench.cpp;benchmarks/src/benchmark.cpp;benchmarks/src/benchmark.h	implemented	611becc-current-api	not_applicable
Transcoding/length	simdutf::convert_latin1_to_utf16be	size_t (const char *, size_t, char16_t *) noexcept	include/simdutf/implementation.h:938	SIMDUTF_FEATURE_LATIN1 && SIMDUTF_FEATURE_UTF16	mapped one-to-one	ConvertLatin1ToUTF16BE	func ConvertLatin1ToUTF16BE(input []byte, dst []uint16) int	bytes ([]byte)	UTF-16 code units ([]uint16; LE/BE names are raw storage)	int	number of output code units/bytes written	caller supplies destination sized by the corresponding pinned length helper; Go wrapper panics stably before out-of-bounds store	no overlap guarantee beyond pinned declaration; nil slice is empty input	src/fallback/implementation.cpp	src/haswell/implementation.cpp;src/westmere/implementation.cpp	src/arm64/implementation.cpp	tests/CMakeLists.txt;tests/convert_latin1_to_utf16be_tests.cpp;tests/helpers/compiletime_conversions.h;tests/null_safety_tests.cpp;tests/random_fuzzer.cpp	fuzz/conversion.cpp;fuzz/roundtrip.cpp;fuzz_transcoding_length_test.go (planned direct scalar-differential target for ConvertLatin1ToUTF16BE)	benchmarks/shortbench.cpp	implemented	611becc-current-api	not_applicable
Transcoding/length	simdutf::latin1_length_from_utf16	size_t (size_t) noexcept	include/simdutf/implementation.h:966	SIMDUTF_FEATURE_LATIN1 && SIMDUTF_FEATURE_UTF16	mapped one-to-one	Latin1LengthFromUTF16	func Latin1LengthFromUTF16(length int) int	input code-unit/byte count (int)	none	int	required/maximum output code units or bytes named by the operation	not_applicable	no overlap guarantee beyond pinned declaration; nil slice is empty input	not_applicable: no latin1_length_from_utf16 occurrence under src/fallback or include/simdutf/scalar at pinned tree	not_applicable: no latin1_length_from_utf16 occurrence under src/westmere or src/haswell at pinned tree	not_applicable: no latin1_length_from_utf16 occurrence under src/arm64 at pinned tree	tests/convert_utf16be_to_latin1_tests.cpp;tests/convert_utf16be_to_latin1_tests_with_errors.cpp;tests/convert_utf16le_to_latin1_tests.cpp;tests/convert_utf16le_to_latin1_tests_with_errors.cpp;tests/convert_valid_utf16be_to_latin1_tests.cpp;tests/convert_valid_utf16le_to_latin1_tests.cpp;tests/null_safety_tests.cpp;tests/random_fuzzer.cpp	fuzz/conversion.cpp;fuzz/roundtrip.cpp	not_applicable: no latin1_length_from_utf16 occurrence under benchmarks at pinned tree	planned	future-upstream-api	not_applicable
Transcoding/length	simdutf::utf16_length_from_latin1	size_t (size_t) noexcept	include/simdutf/implementation.h:979	SIMDUTF_FEATURE_LATIN1 && SIMDUTF_FEATURE_UTF16	mapped one-to-one	UTF16LengthFromLatin1	func UTF16LengthFromLatin1(length int) int	input code-unit/byte count (int)	none	int	required/maximum output code units or bytes named by the operation	not_applicable	no overlap guarantee beyond pinned declaration; nil slice is empty input	not_applicable: no utf16_length_from_latin1 occurrence under src/fallback or include/simdutf/scalar at pinned tree	not_applicable: no utf16_length_from_latin1 occurrence under src/westmere or src/haswell at pinned tree	not_applicable: no utf16_length_from_latin1 occurrence under src/arm64 at pinned tree	tests/convert_latin1_to_utf16be_tests.cpp;tests/convert_latin1_to_utf16le_tests.cpp;tests/null_safety_tests.cpp;tests/random_fuzzer.cpp	fuzz/conversion.cpp;fuzz/roundtrip.cpp	not_applicable: no utf16_length_from_latin1 occurrence under benchmarks at pinned tree	implemented	611becc-current-api	not_applicable
Transcoding/length	simdutf::convert_latin1_to_utf32	size_t (const char *, size_t, char32_t *) noexcept	include/simdutf/implementation.h:995	SIMDUTF_FEATURE_LATIN1 && SIMDUTF_FEATURE_UTF32	mapped one-to-one	ConvertLatin1ToUTF32	func ConvertLatin1ToUTF32(input []byte, dst []uint32) int	bytes ([]byte)	UTF-32 code units ([]uint32)	int	number of output code units/bytes written	caller supplies destination sized by the corresponding pinned length helper; Go wrapper panics stably before out-of-bounds store	no overlap guarantee beyond pinned declaration; nil slice is empty input	src/fallback/implementation.cpp	src/haswell/avx2_convert_latin1_to_utf32.cpp;src/haswell/implementation.cpp;src/westmere/implementation.cpp;src/westmere/sse_convert_latin1_to_utf32.cpp	src/arm64/arm_convert_latin1_to_utf32.cpp;src/arm64/implementation.cpp	tests/CMakeLists.txt;tests/convert_latin1_to_utf32_tests.cpp;tests/random_fuzzer.cpp	fuzz/conversion.cpp;fuzz/roundtrip.cpp;fuzz_transcoding_length_test.go (planned direct scalar-differential target for ConvertLatin1ToUTF32)	benchmarks/shortbench.cpp;benchmarks/src/benchmark.cpp;benchmarks/src/benchmark.h	implemented	611becc-current-api	not_applicable
Transcoding/length	simdutf::convert_utf8_to_latin1	size_t (const char *, size_t, char *) noexcept	include/simdutf/implementation.h:1030	SIMDUTF_FEATURE_LATIN1 && SIMDUTF_FEATURE_UTF8	mapped one-to-one	ConvertUTF8ToLatin1	func ConvertUTF8ToLatin1(input []byte, dst []byte) int	bytes ([]byte)	bytes ([]byte)	int	number of output code units/bytes written	caller supplies destination sized by the corresponding pinned length helper; Go wrapper panics stably before out-of-bounds store	no overlap guarantee beyond pinned declaration; nil slice is empty input	src/fallback/implementation.cpp	src/haswell/implementation.cpp;src/westmere/implementation.cpp	src/arm64/implementation.cpp	tests/CMakeLists.txt;tests/convert_utf8_to_latin1_tests.cpp;tests/convert_utf8_to_latin1_with_errors_tests.cpp;tests/random_fuzzer.cpp;tests/simdutf_c_tests.cpp;tests/span_tests.cpp;tests/special_tests.cpp	fuzz/conversion.cpp;fuzz/roundtrip.cpp;fuzz_transcoding_length_test.go (planned direct scalar-differential target for ConvertUTF8ToLatin1)	benchmarks/shortbench.cpp;benchmarks/src/benchmark.cpp;benchmarks/src/benchmark.h	planned	future-upstream-api	not_applicable
Transcoding/length	simdutf::convert_utf8_to_utf16	size_t (const char *, size_t, char16_t *) noexcept	include/simdutf/implementation.h:1067	SIMDUTF_FEATURE_UTF8 && SIMDUTF_FEATURE_UTF16	mapped one-to-one	ConvertUTF8ToUTF16	func ConvertUTF8ToUTF16(input []byte, dst []uint16) int	bytes ([]byte)	UTF-16 code units ([]uint16; LE/BE names are raw storage)	int	number of output code units/bytes written	caller supplies destination sized by the corresponding pinned length helper; Go wrapper panics stably before out-of-bounds store	no overlap guarantee beyond pinned declaration; nil slice is empty input	include/simdutf/implementation.h:1067; native-endian delegate to simdutf::convert_utf8_to_utf16le or simdutf::convert_utf8_to_utf16be	not_applicable: native wrapper delegates to the explicit UTF16LE/UTF16BE ISA row; no duplicate native assembly symbol	not_applicable: native wrapper delegates to the explicit UTF16LE/UTF16BE ISA row; no duplicate native assembly symbol	tests/CMakeLists.txt;tests/atomic_base64_tests.cpp;tests/basic_fuzzer.cpp;tests/bele_tests.cpp;tests/convert_utf8_to_utf16be_tests.cpp;tests/convert_utf8_to_utf16be_with_errors_tests.cpp;tests/convert_utf8_to_utf16le_tests.cpp;tests/convert_utf8_to_utf16le_with_errors_tests.cpp;tests/convert_valid_utf8_to_utf16be_tests.cpp;tests/convert_valid_utf8_to_utf16le_tests.cpp;tests/helpers/compiletime_conversions.h;tests/helpers/test.cpp;tests/installation_tests/find/CMakeLists.txt;tests/installation_tests/from_fetch/CMakeLists.txt;tests/nostdlibcxx_c_api_test.c;tests/null_safety_tests.cpp;tests/random_fuzzer.cpp;tests/readme_tests.cpp;tests/simdutf_c_tests.cpp;tests/span_tests.cpp;tests/special_tests.cpp;tests/straight_c_test.c	fuzz/conversion.cpp;fuzz/roundtrip.cpp	benchmarks/alignment.cpp;benchmarks/shortbench.cpp;benchmarks/src/benchmark.cpp;benchmarks/src/benchmark.h;benchmarks/src/cmdline.cpp;benchmarks/stream.cpp;benchmarks/threaded.cpp	planned	future-upstream-api	not_applicable
Transcoding/length	simdutf::utf8_length_from_utf16le_with_replacement	result (const char16_t *, size_t) noexcept	include/simdutf/implementation.h:1103	SIMDUTF_FEATURE_UTF8 && SIMDUTF_FEATURE_UTF16	mapped one-to-one	UTF8LengthFromUTF16LEWithReplacement	func UTF8LengthFromUTF16LEWithReplacement(input []uint16) Result	UTF-16 code units ([]uint16; LE/BE names are raw storage)	none	Result	Count is required UTF-8 bytes regardless of Error; Error is SUCCESS or SURROGATE as a surrogate-presence flag, not a validation failure	not_applicable	no overlap guarantee beyond pinned declaration; nil slice is empty input	src/fallback/implementation.cpp	src/haswell/implementation.cpp;src/westmere/implementation.cpp	src/arm64/implementation.cpp	tests/convert_utf16_to_utf8_with_replacement_tests.cpp;tests/random_fuzzer.cpp;tests/to_well_formed_utf16_tests.cpp;tests/utf8_length_from_utf16_tests.cpp	fuzz/with_replacement.cpp;fuzz_transcoding_length_test.go (planned direct scalar-differential target for UTF8LengthFromUTF16LEWithReplacement)	benchmarks/src/benchmark.cpp;benchmarks/src/benchmark.h	planned	future-upstream-api	not_applicable
Transcoding/length	simdutf::utf8_length_from_utf16be_with_replacement	result (const char16_t *, size_t) noexcept	include/simdutf/implementation.h:1139	SIMDUTF_FEATURE_UTF8 && SIMDUTF_FEATURE_UTF16	mapped one-to-one	UTF8LengthFromUTF16BEWithReplacement	func UTF8LengthFromUTF16BEWithReplacement(input []uint16) Result	UTF-16 code units ([]uint16; LE/BE names are raw storage)	none	Result	Count is required UTF-8 bytes regardless of Error; Error is SUCCESS or SURROGATE as a surrogate-presence flag, not a validation failure	not_applicable	no overlap guarantee beyond pinned declaration; nil slice is empty input	src/fallback/implementation.cpp	src/haswell/implementation.cpp;src/westmere/implementation.cpp	src/arm64/implementation.cpp	tests/convert_utf16_to_utf8_with_replacement_tests.cpp;tests/to_well_formed_utf16_tests.cpp;tests/utf8_length_from_utf16_tests.cpp	fuzz/with_replacement.cpp;fuzz_transcoding_length_test.go (planned direct scalar-differential target for UTF8LengthFromUTF16BEWithReplacement)	benchmarks/src/benchmark.cpp;benchmarks/src/benchmark.h	planned	future-upstream-api	not_applicable
Transcoding/length	simdutf::convert_latin1_to_utf16	size_t (const char *, size_t, char16_t *) noexcept	include/simdutf/implementation.h:1169	SIMDUTF_FEATURE_LATIN1 && SIMDUTF_FEATURE_UTF16	mapped one-to-one	ConvertLatin1ToUTF16	func ConvertLatin1ToUTF16(input []byte, dst []uint16) int	bytes ([]byte)	UTF-16 code units ([]uint16; LE/BE names are raw storage)	int	number of output code units/bytes written	caller supplies destination sized by the corresponding pinned length helper; Go wrapper panics stably before out-of-bounds store	no overlap guarantee beyond pinned declaration; nil slice is empty input	include/simdutf/implementation.h:1169; native-endian delegate to simdutf::convert_latin1_to_utf16le or simdutf::convert_latin1_to_utf16be	not_applicable: native wrapper delegates to the explicit UTF16LE/UTF16BE ISA row; no duplicate native assembly symbol	not_applicable: native wrapper delegates to the explicit UTF16LE/UTF16BE ISA row; no duplicate native assembly symbol	tests/CMakeLists.txt;tests/convert_latin1_to_utf16be_tests.cpp;tests/convert_latin1_to_utf16le_tests.cpp;tests/helpers/compiletime_conversions.h;tests/null_safety_tests.cpp;tests/random_fuzzer.cpp;tests/simdutf_c_tests.cpp;tests/span_tests.cpp	fuzz/conversion.cpp;fuzz/roundtrip.cpp	benchmarks/shortbench.cpp;benchmarks/src/benchmark.cpp;benchmarks/src/benchmark.h	implemented	611becc-current-api	not_applicable
Transcoding/length	simdutf::convert_utf8_to_utf16le	size_t (const char *, size_t, char16_t *) noexcept	include/simdutf/implementation.h:1202	SIMDUTF_FEATURE_UTF8 && SIMDUTF_FEATURE_UTF16	mapped one-to-one	ConvertUTF8ToUTF16LE	func ConvertUTF8ToUTF16LE(input []byte, dst []uint16) int	bytes ([]byte)	UTF-16 code units ([]uint16; LE/BE names are raw storage)	int	number of output code units/bytes written	caller supplies destination sized by the corresponding pinned length helper; Go wrapper panics stably before out-of-bounds store	no overlap guarantee beyond pinned declaration; nil slice is empty input	src/fallback/implementation.cpp	src/haswell/implementation.cpp;src/westmere/implementation.cpp	src/arm64/implementation.cpp	tests/CMakeLists.txt;tests/basic_fuzzer.cpp;tests/bele_tests.cpp;tests/convert_utf8_to_utf16le_tests.cpp;tests/convert_utf8_to_utf16le_with_errors_tests.cpp;tests/convert_valid_utf8_to_utf16le_tests.cpp;tests/helpers/compiletime_conversions.h;tests/installation_tests/find/CMakeLists.txt;tests/installation_tests/from_fetch/CMakeLists.txt;tests/nostdlibcxx_c_api_test.c;tests/null_safety_tests.cpp;tests/random_fuzzer.cpp;tests/readme_tests.cpp;tests/special_tests.cpp	fuzz/conversion.cpp;fuzz/roundtrip.cpp;fuzz_transcoding_length_test.go (planned direct scalar-differential target for ConvertUTF8ToUTF16LE)	benchmarks/alignment.cpp;benchmarks/shortbench.cpp;benchmarks/src/benchmark.cpp;benchmarks/src/benchmark.h;benchmarks/stream.cpp;benchmarks/threaded.cpp	planned	future-upstream-api	not_applicable
Transcoding/length	simdutf::convert_utf8_to_utf16be	size_t (const char *, size_t, char16_t *) noexcept	include/simdutf/implementation.h:1234	SIMDUTF_FEATURE_UTF8 && SIMDUTF_FEATURE_UTF16	mapped one-to-one	ConvertUTF8ToUTF16BE	func ConvertUTF8ToUTF16BE(input []byte, dst []uint16) int	bytes ([]byte)	UTF-16 code units ([]uint16; LE/BE names are raw storage)	int	number of output code units/bytes written	caller supplies destination sized by the corresponding pinned length helper; Go wrapper panics stably before out-of-bounds store	no overlap guarantee beyond pinned declaration; nil slice is empty input	src/fallback/implementation.cpp	src/haswell/implementation.cpp;src/westmere/implementation.cpp	src/arm64/implementation.cpp	tests/CMakeLists.txt;tests/basic_fuzzer.cpp;tests/bele_tests.cpp;tests/convert_utf8_to_utf16be_tests.cpp;tests/convert_utf8_to_utf16be_with_errors_tests.cpp;tests/convert_valid_utf8_to_utf16be_tests.cpp;tests/helpers/compiletime_conversions.h;tests/null_safety_tests.cpp;tests/random_fuzzer.cpp;tests/special_tests.cpp	fuzz/conversion.cpp;fuzz/roundtrip.cpp;fuzz_transcoding_length_test.go (planned direct scalar-differential target for ConvertUTF8ToUTF16BE)	benchmarks/shortbench.cpp	planned	future-upstream-api	not_applicable
Transcoding/length	simdutf::convert_utf8_to_latin1_with_errors	result (const char *, size_t, char *) noexcept	include/simdutf/implementation.h:1273	SIMDUTF_FEATURE_LATIN1 && SIMDUTF_FEATURE_UTF8	mapped one-to-one	ConvertUTF8ToLatin1WithErrors	func ConvertUTF8ToLatin1WithErrors(input []byte, dst []byte) Result	bytes ([]byte)	bytes ([]byte)	Result	Count is output code units on success and input error position on failure	caller supplies destination sized by the corresponding pinned length helper; Go wrapper panics stably before out-of-bounds store	no overlap guarantee beyond pinned declaration; nil slice is empty input	src/fallback/implementation.cpp	src/haswell/implementation.cpp;src/westmere/implementation.cpp	src/arm64/implementation.cpp	tests/CMakeLists.txt;tests/convert_utf8_to_latin1_with_errors_tests.cpp	fuzz/conversion.cpp;fuzz_transcoding_length_test.go (planned direct scalar-differential target for ConvertUTF8ToLatin1WithErrors)	benchmarks/src/benchmark.cpp;benchmarks/src/benchmark.h	planned	future-upstream-api	not_applicable
Transcoding/length	simdutf::convert_utf8_to_utf16_with_errors	result (const char *, size_t, char16_t *) noexcept	include/simdutf/implementation.h:1311	SIMDUTF_FEATURE_UTF8 && SIMDUTF_FEATURE_UTF16	mapped one-to-one	ConvertUTF8ToUTF16WithErrors	func ConvertUTF8ToUTF16WithErrors(input []byte, dst []uint16) Result	bytes ([]byte)	UTF-16 code units ([]uint16; LE/BE names are raw storage)	Result	Count is output code units on success and input error position on failure	caller supplies destination sized by the corresponding pinned length helper; Go wrapper panics stably before out-of-bounds store	no overlap guarantee beyond pinned declaration; nil slice is empty input	include/simdutf/implementation.h:1311; native-endian delegate to simdutf::convert_utf8_to_utf16le_with_errors or simdutf::convert_utf8_to_utf16be_with_errors	not_applicable: native wrapper delegates to the explicit UTF16LE/UTF16BE ISA row; no duplicate native assembly symbol	not_applicable: native wrapper delegates to the explicit UTF16LE/UTF16BE ISA row; no duplicate native assembly symbol	tests/convert_utf8_to_utf16le_with_errors_tests.cpp;tests/readme_tests.cpp;tests/simdutf_c_tests.cpp	not_applicable: no convert_utf8_to_utf16_with_errors occurrence under fuzz at pinned tree	not_applicable: no convert_utf8_to_utf16_with_errors occurrence under benchmarks at pinned tree	planned	future-upstream-api	not_applicable
Transcoding/length	simdutf::convert_utf8_to_utf16le_with_errors	result (const char *, size_t, char16_t *) noexcept	include/simdutf/implementation.h:1346	SIMDUTF_FEATURE_UTF8 && SIMDUTF_FEATURE_UTF16	mapped one-to-one	ConvertUTF8ToUTF16LEWithErrors	func ConvertUTF8ToUTF16LEWithErrors(input []byte, dst []uint16) Result	bytes ([]byte)	UTF-16 code units ([]uint16; LE/BE names are raw storage)	Result	Count is output code units on success and input error position on failure	caller supplies destination sized by the corresponding pinned length helper; Go wrapper panics stably before out-of-bounds store	no overlap guarantee beyond pinned declaration; nil slice is empty input	src/fallback/implementation.cpp	src/haswell/implementation.cpp;src/westmere/implementation.cpp	src/arm64/implementation.cpp	tests/CMakeLists.txt;tests/basic_fuzzer.cpp;tests/convert_utf8_to_utf16le_with_errors_tests.cpp;tests/helpers/compiletime_conversions.h	fuzz/conversion.cpp;fuzz_transcoding_length_test.go (planned direct scalar-differential target for ConvertUTF8ToUTF16LEWithErrors)	benchmarks/src/benchmark.cpp;benchmarks/src/benchmark.h	planned	future-upstream-api	not_applicable
Transcoding/length	simdutf::convert_utf8_to_utf16be_with_errors	result (const char *, size_t, char16_t *) noexcept	include/simdutf/implementation.h:1381	SIMDUTF_FEATURE_UTF8 && SIMDUTF_FEATURE_UTF16	mapped one-to-one	ConvertUTF8ToUTF16BEWithErrors	func ConvertUTF8ToUTF16BEWithErrors(input []byte, dst []uint16) Result	bytes ([]byte)	UTF-16 code units ([]uint16; LE/BE names are raw storage)	Result	Count is output code units on success and input error position on failure	caller supplies destination sized by the corresponding pinned length helper; Go wrapper panics stably before out-of-bounds store	no overlap guarantee beyond pinned declaration; nil slice is empty input	src/fallback/implementation.cpp	src/haswell/implementation.cpp;src/westmere/implementation.cpp	src/arm64/implementation.cpp	tests/CMakeLists.txt;tests/basic_fuzzer.cpp;tests/convert_utf8_to_utf16be_with_errors_tests.cpp;tests/helpers/compiletime_conversions.h	fuzz/conversion.cpp;fuzz_transcoding_length_test.go (planned direct scalar-differential target for ConvertUTF8ToUTF16BEWithErrors)	not_applicable: no convert_utf8_to_utf16be_with_errors occurrence under benchmarks at pinned tree	planned	future-upstream-api	not_applicable
Transcoding/length	simdutf::convert_utf8_to_utf32	size_t (const char *, size_t, char32_t *) noexcept	include/simdutf/implementation.h:1416	SIMDUTF_FEATURE_UTF8 && SIMDUTF_FEATURE_UTF32	mapped one-to-one	ConvertUTF8ToUTF32	func ConvertUTF8ToUTF32(input []byte, dst []uint32) int	bytes ([]byte)	UTF-32 code units ([]uint32)	int	number of output code units/bytes written	caller supplies destination sized by the corresponding pinned length helper; Go wrapper panics stably before out-of-bounds store	no overlap guarantee beyond pinned declaration; nil slice is empty input	src/fallback/implementation.cpp	src/haswell/implementation.cpp;src/westmere/implementation.cpp	src/arm64/implementation.cpp	tests/CMakeLists.txt;tests/basic_fuzzer.cpp;tests/bele_tests.cpp;tests/convert_utf8_to_utf32_tests.cpp;tests/convert_utf8_to_utf32_with_errors_tests.cpp;tests/random_fuzzer.cpp;tests/simdutf_c_tests.cpp;tests/special_tests.cpp;tests/straight_c_test.c	fuzz/conversion.cpp;fuzz/roundtrip.cpp;fuzz_transcoding_length_test.go (planned direct scalar-differential target for ConvertUTF8ToUTF32)	benchmarks/shortbench.cpp;benchmarks/src/benchmark.cpp;benchmarks/src/benchmark.h	planned	future-upstream-api	not_applicable
Transcoding/length	simdutf::convert_utf8_to_utf32_with_errors	result (const char *, size_t, char32_t *) noexcept	include/simdutf/implementation.h:1450	SIMDUTF_FEATURE_UTF8 && SIMDUTF_FEATURE_UTF32	mapped one-to-one	ConvertUTF8ToUTF32WithErrors	func ConvertUTF8ToUTF32WithErrors(input []byte, dst []uint32) Result	bytes ([]byte)	UTF-32 code units ([]uint32)	Result	Count is output code units on success and input error position on failure	caller supplies destination sized by the corresponding pinned length helper; Go wrapper panics stably before out-of-bounds store	no overlap guarantee beyond pinned declaration; nil slice is empty input	src/fallback/implementation.cpp	src/haswell/implementation.cpp;src/westmere/implementation.cpp	src/arm64/implementation.cpp	tests/CMakeLists.txt;tests/basic_fuzzer.cpp;tests/convert_utf8_to_utf32_with_errors_tests.cpp;tests/simdutf_c_tests.cpp	fuzz/conversion.cpp;fuzz_transcoding_length_test.go (planned direct scalar-differential target for ConvertUTF8ToUTF32WithErrors)	benchmarks/src/benchmark.cpp;benchmarks/src/benchmark.h	planned	future-upstream-api	not_applicable
Transcoding/length	simdutf::convert_valid_utf8_to_latin1	size_t (const char *, size_t, char *) noexcept	include/simdutf/implementation.h:1492	SIMDUTF_FEATURE_LATIN1 && SIMDUTF_FEATURE_UTF8	mapped one-to-one	ConvertValidUTF8ToLatin1	func ConvertValidUTF8ToLatin1(input []byte, dst []byte) int	bytes ([]byte)	bytes ([]byte)	int	number of output code units/bytes written	caller supplies destination sized by the corresponding pinned length helper; Go wrapper panics stably before out-of-bounds store	no overlap guarantee beyond pinned declaration; nil slice is empty input	src/fallback/implementation.cpp	src/haswell/implementation.cpp;src/westmere/implementation.cpp	src/arm64/implementation.cpp	tests/CMakeLists.txt;tests/convert_valid_utf8_to_latin1_tests.cpp;tests/null_safety_tests.cpp	fuzz/conversion.cpp;fuzz_transcoding_length_test.go (planned direct scalar-differential target for ConvertValidUTF8ToLatin1)	benchmarks/src/benchmark.cpp;benchmarks/src/benchmark.h	planned	future-upstream-api	not_applicable
Transcoding/length	simdutf::convert_valid_utf8_to_utf16	size_t (const char *, size_t, char16_t *) noexcept	include/simdutf/implementation.h:1525	SIMDUTF_FEATURE_UTF8 && SIMDUTF_FEATURE_UTF16	mapped one-to-one	ConvertValidUTF8ToUTF16	func ConvertValidUTF8ToUTF16(input []byte, dst []uint16) int	bytes ([]byte)	UTF-16 code units ([]uint16; LE/BE names are raw storage)	int	number of output code units/bytes written	caller supplies destination sized by the corresponding pinned length helper; Go wrapper panics stably before out-of-bounds store	no overlap guarantee beyond pinned declaration; nil slice is empty input	include/simdutf/implementation.h:1525; native-endian delegate to simdutf::convert_valid_utf8_to_utf16le or simdutf::convert_valid_utf8_to_utf16be	not_applicable: native wrapper delegates to the explicit UTF16LE/UTF16BE ISA row; no duplicate native assembly symbol	not_applicable: native wrapper delegates to the explicit UTF16LE/UTF16BE ISA row; no duplicate native assembly symbol	tests/CMakeLists.txt;tests/convert_utf8_to_utf16be_tests.cpp;tests/convert_valid_utf8_to_utf16be_tests.cpp;tests/convert_valid_utf8_to_utf16le_tests.cpp;tests/helpers/compiletime_conversions.h;tests/null_safety_tests.cpp;tests/special_tests.cpp	fuzz/conversion.cpp	benchmarks/src/benchmark.cpp;benchmarks/src/benchmark.h	planned	future-upstream-api	not_applicable
Transcoding/length	simdutf::convert_valid_utf8_to_utf16le	size_t (const char *, size_t, char16_t *) noexcept	include/simdutf/implementation.h:1556	SIMDUTF_FEATURE_UTF8 && SIMDUTF_FEATURE_UTF16	mapped one-to-one	ConvertValidUTF8ToUTF16LE	func ConvertValidUTF8ToUTF16LE(input []byte, dst []uint16) int	bytes ([]byte)	UTF-16 code units ([]uint16; LE/BE names are raw storage)	int	number of output code units/bytes written	caller supplies destination sized by the corresponding pinned length helper; Go wrapper panics stably before out-of-bounds store	no overlap guarantee beyond pinned declaration; nil slice is empty input	src/fallback/implementation.cpp	src/haswell/implementation.cpp;src/westmere/implementation.cpp	src/arm64/implementation.cpp	tests/CMakeLists.txt;tests/convert_utf8_to_utf16be_tests.cpp;tests/convert_valid_utf8_to_utf16le_tests.cpp;tests/helpers/compiletime_conversions.h;tests/null_safety_tests.cpp;tests/special_tests.cpp	fuzz/conversion.cpp;fuzz_transcoding_length_test.go (planned direct scalar-differential target for ConvertValidUTF8ToUTF16LE)	benchmarks/src/benchmark.cpp;benchmarks/src/benchmark.h	planned	future-upstream-api	not_applicable
Transcoding/length	simdutf::convert_valid_utf8_to_utf16be	size_t (const char *, size_t, char16_t *) noexcept	include/simdutf/implementation.h:1588	SIMDUTF_FEATURE_UTF8 && SIMDUTF_FEATURE_UTF16	mapped one-to-one	ConvertValidUTF8ToUTF16BE	func ConvertValidUTF8ToUTF16BE(input []byte, dst []uint16) int	bytes ([]byte)	UTF-16 code units ([]uint16; LE/BE names are raw storage)	int	number of output code units/bytes written	caller supplies destination sized by the corresponding pinned length helper; Go wrapper panics stably before out-of-bounds store	no overlap guarantee beyond pinned declaration; nil slice is empty input	src/fallback/implementation.cpp	src/haswell/implementation.cpp;src/westmere/implementation.cpp	src/arm64/implementation.cpp	tests/CMakeLists.txt;tests/convert_valid_utf8_to_utf16be_tests.cpp;tests/helpers/compiletime_conversions.h;tests/null_safety_tests.cpp;tests/special_tests.cpp	fuzz/conversion.cpp;fuzz_transcoding_length_test.go (planned direct scalar-differential target for ConvertValidUTF8ToUTF16BE)	not_applicable: no convert_valid_utf8_to_utf16be occurrence under benchmarks at pinned tree	planned	future-upstream-api	not_applicable
Transcoding/length	simdutf::convert_valid_utf8_to_utf32	size_t (const char *, size_t, char32_t *) noexcept	include/simdutf/implementation.h:1621	SIMDUTF_FEATURE_UTF8 && SIMDUTF_FEATURE_UTF32	mapped one-to-one	ConvertValidUTF8ToUTF32	func ConvertValidUTF8ToUTF32(input []byte, dst []uint32) int	bytes ([]byte)	UTF-32 code units ([]uint32)	int	number of output code units/bytes written	caller supplies destination sized by the corresponding pinned length helper; Go wrapper panics stably before out-of-bounds store	no overlap guarantee beyond pinned declaration; nil slice is empty input	src/fallback/implementation.cpp	src/haswell/implementation.cpp;src/westmere/implementation.cpp	src/arm64/implementation.cpp	tests/CMakeLists.txt;tests/convert_valid_utf8_to_utf32_tests.cpp;tests/null_safety_tests.cpp;tests/special_tests.cpp	fuzz/conversion.cpp;fuzz_transcoding_length_test.go (planned direct scalar-differential target for ConvertValidUTF8ToUTF32)	benchmarks/src/benchmark.cpp;benchmarks/src/benchmark.h	planned	future-upstream-api	not_applicable
Transcoding/length	simdutf::utf8_length_from_latin1	size_t (const char *, size_t) noexcept	include/simdutf/implementation.h:1652	SIMDUTF_FEATURE_LATIN1 && SIMDUTF_FEATURE_UTF8	mapped one-to-one	UTF8LengthFromLatin1	func UTF8LengthFromLatin1(input []byte) int	bytes ([]byte)	none	int	required/maximum output code units or bytes named by the operation	not_applicable	no overlap guarantee beyond pinned declaration; nil slice is empty input	include/simdutf/scalar/latin1.h;include/simdutf/scalar/latin1_to_utf8/latin1_to_utf8.h;src/fallback/implementation.cpp	src/haswell/implementation.cpp;src/westmere/implementation.cpp	src/arm64/implementation.cpp	tests/convert_latin1_to_utf8_tests.cpp;tests/helpers/compiletime_conversions.h;tests/null_safety_tests.cpp;tests/random_fuzzer.cpp	fuzz/conversion.cpp;fuzz/roundtrip.cpp;fuzz/safe_conversion.cpp;fuzz_transcoding_length_test.go (planned direct scalar-differential target for UTF8LengthFromLatin1)	benchmarks/shortbench.cpp;benchmarks/src/benchmark.cpp;benchmarks/src/benchmark.h	implemented	611becc-current-api	not_applicable
Transcoding/length	simdutf::latin1_length_from_utf8	size_t (const char *, size_t) noexcept	include/simdutf/implementation.h:1685	SIMDUTF_FEATURE_LATIN1 && SIMDUTF_FEATURE_UTF8	mapped one-to-one	Latin1LengthFromUTF8	func Latin1LengthFromUTF8(input []byte) int	bytes ([]byte)	none	int	required/maximum output code units or bytes named by the operation	not_applicable	no overlap guarantee beyond pinned declaration; nil slice is empty input	src/fallback/implementation.cpp	src/haswell/implementation.cpp;src/westmere/implementation.cpp	src/arm64/implementation.cpp	tests/convert_utf8_to_latin1_tests.cpp;tests/convert_utf8_to_latin1_with_errors_tests.cpp;tests/convert_valid_utf8_to_latin1_tests.cpp;tests/null_safety_tests.cpp;tests/random_fuzzer.cpp;tests/simdutf_c_tests.cpp;tests/special_tests.cpp	fuzz/conversion.cpp;fuzz/roundtrip.cpp;fuzz_transcoding_length_test.go (planned direct scalar-differential target for Latin1LengthFromUTF8)	not_applicable: no latin1_length_from_utf8 occurrence under benchmarks at pinned tree	implemented	611becc-current-api	not_applicable
Transcoding/length	simdutf::utf16_length_from_utf8	size_t (const char *, size_t) noexcept	include/simdutf/implementation.h:1721	SIMDUTF_FEATURE_UTF8 && SIMDUTF_FEATURE_UTF16	mapped one-to-one	UTF16LengthFromUTF8	func UTF16LengthFromUTF8(input []byte) int	bytes ([]byte)	none	int	required/maximum output code units or bytes named by the operation	not_applicable	no overlap guarantee beyond pinned declaration; nil slice is empty input	include/simdutf/scalar/utf8.h;src/fallback/implementation.cpp	src/haswell/implementation.cpp;src/westmere/implementation.cpp	src/arm64/implementation.cpp	tests/basic_fuzzer.cpp;tests/convert_utf8_to_utf16be_tests.cpp;tests/convert_utf8_to_utf16be_with_errors_tests.cpp;tests/convert_utf8_to_utf16le_tests.cpp;tests/convert_utf8_to_utf16le_with_errors_tests.cpp;tests/convert_valid_utf8_to_utf16be_tests.cpp;tests/convert_valid_utf8_to_utf16le_tests.cpp;tests/helpers/compiletime_conversions.h;tests/nostdlibcxx_c_api_test.c;tests/null_safety_tests.cpp;tests/random_fuzzer.cpp;tests/readme_tests.cpp;tests/simdutf_c_tests.cpp;tests/special_tests.cpp	fuzz/conversion.cpp;fuzz/roundtrip.cpp;fuzz_transcoding_length_test.go (planned direct scalar-differential target for UTF16LengthFromUTF8)	benchmarks/alignment.cpp;benchmarks/shortbench.cpp;benchmarks/src/benchmark.cpp;benchmarks/src/benchmark.h;benchmarks/stream.cpp;benchmarks/threaded.cpp	implemented	611becc-current-api	not_applicable
Transcoding/length	simdutf::utf32_length_from_utf8	size_t (const char *, size_t) noexcept	include/simdutf/implementation.h:1759	SIMDUTF_FEATURE_UTF8 && SIMDUTF_FEATURE_UTF32	mapped one-to-one	UTF32LengthFromUTF8	func UTF32LengthFromUTF8(input []byte) int	bytes ([]byte)	none	int	required/maximum output code units or bytes named by the operation	not_applicable	no overlap guarantee beyond pinned declaration; nil slice is empty input	src/fallback/implementation.cpp	src/haswell/implementation.cpp;src/westmere/implementation.cpp	src/arm64/implementation.cpp	tests/basic_fuzzer.cpp;tests/convert_utf8_to_utf32_tests.cpp;tests/convert_utf8_to_utf32_with_errors_tests.cpp;tests/convert_valid_utf8_to_utf32_tests.cpp;tests/null_safety_tests.cpp;tests/random_fuzzer.cpp;tests/simdutf_c_tests.cpp;tests/special_tests.cpp	fuzz/conversion.cpp;fuzz/roundtrip.cpp;fuzz_transcoding_length_test.go (planned direct scalar-differential target for UTF32LengthFromUTF8)	benchmarks/shortbench.cpp;benchmarks/src/benchmark.cpp	implemented	611becc-current-api	not_applicable
Transcoding/length	simdutf::convert_utf16_to_utf8	size_t (const char16_t *, size_t, char *) noexcept	include/simdutf/implementation.h:1797	SIMDUTF_FEATURE_UTF8 && SIMDUTF_FEATURE_UTF16	mapped one-to-one	ConvertUTF16ToUTF8	func ConvertUTF16ToUTF8(input []uint16, dst []byte) int	UTF-16 code units ([]uint16; LE/BE names are raw storage)	bytes ([]byte)	int	number of output code units/bytes written	caller supplies destination sized by the corresponding pinned length helper; Go wrapper panics stably before out-of-bounds store	no overlap guarantee beyond pinned declaration; nil slice is empty input	include/simdutf/implementation.h:1797; native-endian delegate to simdutf::convert_utf16le_to_utf8 or simdutf::convert_utf16be_to_utf8	not_applicable: native wrapper delegates to the explicit UTF16LE/UTF16BE ISA row; no duplicate native assembly symbol	not_applicable: native wrapper delegates to the explicit UTF16LE/UTF16BE ISA row; no duplicate native assembly symbol	tests/CMakeLists.txt;tests/basic_fuzzer.cpp;tests/convert_utf16_to_utf8_safe_tests.cpp;tests/convert_utf16_to_utf8_with_replacement_tests.cpp;tests/convert_utf16be_to_utf8_tests.cpp;tests/convert_utf16le_to_utf8_tests.cpp;tests/convert_utf16le_to_utf8_with_errors_tests.cpp;tests/helpers/test.cpp;tests/simdutf_c_tests.cpp;tests/span_tests.cpp;tests/special_tests.cpp;tests/straight_c_test.c	fuzz/safe_conversion.cpp	benchmarks/src/benchmark.cpp;benchmarks/src/benchmark.h	planned	future-upstream-api	not_applicable
Transcoding/length	simdutf::convert_utf16_to_utf8_safe	size_t (const char16_t *, size_t, char *, size_t) noexcept	include/simdutf/implementation.h:1836	SIMDUTF_FEATURE_UTF8 && SIMDUTF_FEATURE_UTF16	mapped one-to-one	ConvertUTF16ToUTF8Safe	func ConvertUTF16ToUTF8Safe(input []uint16, dst []byte) int	UTF-16 code units ([]uint16; LE/BE names are raw storage)	bytes ([]byte)	int	number of output code units/bytes written	bounded: writes as many complete output units as fit and returns written count; 0 when conversion is impossible	no overlap guarantee beyond pinned declaration; nil slice is empty input	not_applicable: no convert_utf16_to_utf8_safe occurrence under src/fallback or include/simdutf/scalar at pinned tree	not_applicable: no convert_utf16_to_utf8_safe occurrence under src/westmere or src/haswell at pinned tree	not_applicable: no convert_utf16_to_utf8_safe occurrence under src/arm64 at pinned tree	tests/CMakeLists.txt;tests/convert_utf16_to_utf8_safe_tests.cpp;tests/simdutf_c_tests.cpp;tests/straight_c_test.c	fuzz/safe_conversion.cpp	benchmarks/src/benchmark.cpp;benchmarks/src/benchmark.h	planned	future-upstream-api	not_applicable
Transcoding/length	simdutf::convert_utf16_to_latin1	size_t (const char16_t *, size_t, char *) noexcept	include/simdutf/implementation.h:1889	SIMDUTF_FEATURE_LATIN1 && SIMDUTF_FEATURE_UTF16	mapped one-to-one	ConvertUTF16ToLatin1	func ConvertUTF16ToLatin1(input []uint16, dst []byte) int	UTF-16 code units ([]uint16; LE/BE names are raw storage)	bytes ([]byte)	int	number of output code units/bytes written	caller supplies destination sized by the corresponding pinned length helper; Go wrapper panics stably before out-of-bounds store	no overlap guarantee beyond pinned declaration; nil slice is empty input	include/simdutf/implementation.h:1889; native-endian delegate to simdutf::convert_utf16le_to_latin1 or simdutf::convert_utf16be_to_latin1	not_applicable: native wrapper delegates to the explicit UTF16LE/UTF16BE ISA row; no duplicate native assembly symbol	not_applicable: native wrapper delegates to the explicit UTF16LE/UTF16BE ISA row; no duplicate native assembly symbol	tests/convert_utf16le_to_latin1_tests.cpp;tests/convert_utf16le_to_latin1_tests_with_errors.cpp;tests/span_tests.cpp	not_applicable: no convert_utf16_to_latin1 occurrence under fuzz at pinned tree	benchmarks/src/benchmark.cpp;benchmarks/src/benchmark.h	planned	future-upstream-api	not_applicable
Transcoding/length	simdutf::convert_utf16le_to_latin1	size_t (const char16_t *, size_t, char *) noexcept	include/simdutf/implementation.h:1926	SIMDUTF_FEATURE_LATIN1 && SIMDUTF_FEATURE_UTF16	mapped one-to-one	ConvertUTF16LEToLatin1	func ConvertUTF16LEToLatin1(input []uint16, dst []byte) int	UTF-16 code units ([]uint16; LE/BE names are raw storage)	bytes ([]byte)	int	number of output code units/bytes written	caller supplies destination sized by the corresponding pinned length helper; Go wrapper panics stably before out-of-bounds store	no overlap guarantee beyond pinned declaration; nil slice is empty input	src/fallback/implementation.cpp	src/haswell/implementation.cpp;src/westmere/implementation.cpp	src/arm64/implementation.cpp	tests/CMakeLists.txt;tests/convert_utf16le_to_latin1_tests.cpp;tests/convert_utf16le_to_latin1_tests_with_errors.cpp;tests/random_fuzzer.cpp;tests/span_tests.cpp	fuzz/conversion.cpp;fuzz/roundtrip.cpp;fuzz_transcoding_length_test.go (planned direct scalar-differential target for ConvertUTF16LEToLatin1)	benchmarks/shortbench.cpp;benchmarks/src/benchmark.cpp;benchmarks/src/benchmark.h	planned	future-upstream-api	not_applicable
Transcoding/length	simdutf::convert_utf16be_to_latin1	size_t (const char16_t *, size_t, char *) noexcept	include/simdutf/implementation.h:1961	SIMDUTF_FEATURE_LATIN1 && SIMDUTF_FEATURE_UTF16	mapped one-to-one	ConvertUTF16BEToLatin1	func ConvertUTF16BEToLatin1(input []uint16, dst []byte) int	UTF-16 code units ([]uint16; LE/BE names are raw storage)	bytes ([]byte)	int	number of output code units/bytes written	caller supplies destination sized by the corresponding pinned length helper; Go wrapper panics stably before out-of-bounds store	no overlap guarantee beyond pinned declaration; nil slice is empty input	src/fallback/implementation.cpp	src/haswell/implementation.cpp;src/westmere/implementation.cpp	src/arm64/implementation.cpp	tests/CMakeLists.txt;tests/convert_utf16be_to_latin1_tests.cpp;tests/convert_utf16be_to_latin1_tests_with_errors.cpp;tests/random_fuzzer.cpp;tests/span_tests.cpp	fuzz/conversion.cpp;fuzz/roundtrip.cpp;fuzz_transcoding_length_test.go (planned direct scalar-differential target for ConvertUTF16BEToLatin1)	benchmarks/shortbench.cpp	planned	future-upstream-api	not_applicable
Transcoding/length	simdutf::convert_utf16le_to_utf8	size_t (const char16_t *, size_t, char *) noexcept	include/simdutf/implementation.h:1998	SIMDUTF_FEATURE_UTF8 && SIMDUTF_FEATURE_UTF16	mapped one-to-one	ConvertUTF16LEToUTF8	func ConvertUTF16LEToUTF8(input []uint16, dst []byte) int	UTF-16 code units ([]uint16; LE/BE names are raw storage)	bytes ([]byte)	int	number of output code units/bytes written	caller supplies destination sized by the corresponding pinned length helper; Go wrapper panics stably before out-of-bounds store	no overlap guarantee beyond pinned declaration; nil slice is empty input	src/fallback/implementation.cpp	src/haswell/implementation.cpp;src/westmere/implementation.cpp	src/arm64/implementation.cpp	tests/CMakeLists.txt;tests/basic_fuzzer.cpp;tests/bele_tests.cpp;tests/convert_utf16_to_utf8_with_replacement_tests.cpp;tests/convert_utf16le_to_utf8_tests.cpp;tests/convert_utf16le_to_utf8_with_errors_tests.cpp;tests/convert_utf8_to_utf16le_tests.cpp;tests/convert_valid_utf16le_to_utf8_tests.cpp;tests/helpers/compiletime_conversions.h;tests/installation_tests/find/CMakeLists.txt;tests/installation_tests/from_fetch/CMakeLists.txt;tests/nostdlibcxx_c_api_test.c;tests/random_fuzzer.cpp;tests/readme_tests.cpp;tests/span_tests.cpp;tests/special_tests.cpp	fuzz/conversion.cpp;fuzz/roundtrip.cpp;fuzz/with_replacement.cpp;fuzz_transcoding_length_test.go (planned direct scalar-differential target for ConvertUTF16LEToUTF8)	benchmarks/shortbench.cpp;benchmarks/src/benchmark.cpp;benchmarks/src/benchmark.h;benchmarks/stream.cpp	planned	future-upstream-api	not_applicable
Transcoding/length	simdutf::convert_utf16be_to_utf8	size_t (const char16_t *, size_t, char *) noexcept	include/simdutf/implementation.h:2034	SIMDUTF_FEATURE_UTF8 && SIMDUTF_FEATURE_UTF16	mapped one-to-one	ConvertUTF16BEToUTF8	func ConvertUTF16BEToUTF8(input []uint16, dst []byte) int	UTF-16 code units ([]uint16; LE/BE names are raw storage)	bytes ([]byte)	int	number of output code units/bytes written	caller supplies destination sized by the corresponding pinned length helper; Go wrapper panics stably before out-of-bounds store	no overlap guarantee beyond pinned declaration; nil slice is empty input	src/fallback/implementation.cpp	src/haswell/implementation.cpp;src/westmere/implementation.cpp	src/arm64/implementation.cpp	tests/CMakeLists.txt;tests/bele_tests.cpp;tests/convert_utf16_to_utf8_with_replacement_tests.cpp;tests/convert_utf16be_to_utf8_tests.cpp;tests/convert_utf16be_to_utf8_with_errors_tests.cpp;tests/convert_valid_utf16be_to_utf8_tests.cpp;tests/helpers/compiletime_conversions.h;tests/random_fuzzer.cpp;tests/span_tests.cpp;tests/special_tests.cpp	fuzz/conversion.cpp;fuzz/roundtrip.cpp;fuzz/with_replacement.cpp;fuzz_transcoding_length_test.go (planned direct scalar-differential target for ConvertUTF16BEToUTF8)	benchmarks/shortbench.cpp	planned	future-upstream-api	not_applicable
Transcoding/length	simdutf::convert_utf16_to_latin1_with_errors	result (const char16_t *, size_t, char *) noexcept	include/simdutf/implementation.h:2074	SIMDUTF_FEATURE_LATIN1 && SIMDUTF_FEATURE_UTF16	mapped one-to-one	ConvertUTF16ToLatin1WithErrors	func ConvertUTF16ToLatin1WithErrors(input []uint16, dst []byte) Result	UTF-16 code units ([]uint16; LE/BE names are raw storage)	bytes ([]byte)	Result	Count is output code units on success and input error position on failure	caller supplies destination sized by the corresponding pinned length helper; Go wrapper panics stably before out-of-bounds store	no overlap guarantee beyond pinned declaration; nil slice is empty input	include/simdutf/implementation.h:2074; native-endian delegate to simdutf::convert_utf16le_to_latin1_with_errors or simdutf::convert_utf16be_to_latin1_with_errors	not_applicable: native wrapper delegates to the explicit UTF16LE/UTF16BE ISA row; no duplicate native assembly symbol	not_applicable: native wrapper delegates to the explicit UTF16LE/UTF16BE ISA row; no duplicate native assembly symbol	tests/convert_utf16le_to_latin1_tests_with_errors.cpp;tests/span_tests.cpp	not_applicable: no convert_utf16_to_latin1_with_errors occurrence under fuzz at pinned tree	not_applicable: no convert_utf16_to_latin1_with_errors occurrence under benchmarks at pinned tree	planned	future-upstream-api	not_applicable
Transcoding/length	simdutf::convert_utf16le_to_latin1_with_errors	result (const char16_t *, size_t, char *) noexcept	include/simdutf/implementation.h:2110	SIMDUTF_FEATURE_LATIN1 && SIMDUTF_FEATURE_UTF16	mapped one-to-one	ConvertUTF16LEToLatin1WithErrors	func ConvertUTF16LEToLatin1WithErrors(input []uint16, dst []byte) Result	UTF-16 code units ([]uint16; LE/BE names are raw storage)	bytes ([]byte)	Result	Count is output code units on success and input error position on failure	caller supplies destination sized by the corresponding pinned length helper; Go wrapper panics stably before out-of-bounds store	no overlap guarantee beyond pinned declaration; nil slice is empty input	src/fallback/implementation.cpp	src/haswell/implementation.cpp;src/westmere/implementation.cpp	src/arm64/implementation.cpp	tests/convert_utf16le_to_latin1_tests_with_errors.cpp;tests/span_tests.cpp	fuzz/conversion.cpp;fuzz_transcoding_length_test.go (planned direct scalar-differential target for ConvertUTF16LEToLatin1WithErrors)	benchmarks/src/benchmark.cpp;benchmarks/src/benchmark.h	planned	future-upstream-api	not_applicable
Transcoding/length	simdutf::convert_utf16be_to_latin1_with_errors	result (const char16_t *, size_t, char *) noexcept	include/simdutf/implementation.h:2148	SIMDUTF_FEATURE_LATIN1 && SIMDUTF_FEATURE_UTF16	mapped one-to-one	ConvertUTF16BEToLatin1WithErrors	func ConvertUTF16BEToLatin1WithErrors(input []uint16, dst []byte) Result	UTF-16 code units ([]uint16; LE/BE names are raw storage)	bytes ([]byte)	Result	Count is output code units on success and input error position on failure	caller supplies destination sized by the corresponding pinned length helper; Go wrapper panics stably before out-of-bounds store	no overlap guarantee beyond pinned declaration; nil slice is empty input	src/fallback/implementation.cpp	src/haswell/implementation.cpp;src/westmere/implementation.cpp	src/arm64/implementation.cpp	tests/convert_utf16be_to_latin1_tests_with_errors.cpp;tests/span_tests.cpp	fuzz/conversion.cpp;fuzz_transcoding_length_test.go (planned direct scalar-differential target for ConvertUTF16BEToLatin1WithErrors)	not_applicable: no convert_utf16be_to_latin1_with_errors occurrence under benchmarks at pinned tree	planned	future-upstream-api	not_applicable
Transcoding/length	simdutf::convert_utf16_to_utf8_with_errors	result (const char16_t *, size_t, char *) noexcept	include/simdutf/implementation.h:2188	SIMDUTF_FEATURE_UTF8 && SIMDUTF_FEATURE_UTF16	mapped one-to-one	ConvertUTF16ToUTF8WithErrors	func ConvertUTF16ToUTF8WithErrors(input []uint16, dst []byte) Result	UTF-16 code units ([]uint16; LE/BE names are raw storage)	bytes ([]byte)	Result	Count is output code units on success and input error position on failure	caller supplies destination sized by the corresponding pinned length helper; Go wrapper panics stably before out-of-bounds store	no overlap guarantee beyond pinned declaration; nil slice is empty input	include/simdutf/implementation.h:2188; native-endian delegate to simdutf::convert_utf16le_to_utf8_with_errors or simdutf::convert_utf16be_to_utf8_with_errors	not_applicable: native wrapper delegates to the explicit UTF16LE/UTF16BE ISA row; no duplicate native assembly symbol	not_applicable: native wrapper delegates to the explicit UTF16LE/UTF16BE ISA row; no duplicate native assembly symbol	tests/convert_utf16le_to_utf8_with_errors_tests.cpp;tests/simdutf_c_tests.cpp;tests/span_tests.cpp;tests/straight_c_test.c	not_applicable: no convert_utf16_to_utf8_with_errors occurrence under fuzz at pinned tree	not_applicable: no convert_utf16_to_utf8_with_errors occurrence under benchmarks at pinned tree	planned	future-upstream-api	not_applicable
Transcoding/length	simdutf::convert_utf16le_to_utf8_with_errors	result (const char16_t *, size_t, char *) noexcept	include/simdutf/implementation.h:2225	SIMDUTF_FEATURE_UTF8 && SIMDUTF_FEATURE_UTF16	mapped one-to-one	ConvertUTF16LEToUTF8WithErrors	func ConvertUTF16LEToUTF8WithErrors(input []uint16, dst []byte) Result	UTF-16 code units ([]uint16; LE/BE names are raw storage)	bytes ([]byte)	Result	Count is output code units on success and input error position on failure	caller supplies destination sized by the corresponding pinned length helper; Go wrapper panics stably before out-of-bounds store	no overlap guarantee beyond pinned declaration; nil slice is empty input	src/fallback/implementation.cpp	src/haswell/implementation.cpp;src/westmere/implementation.cpp	src/arm64/implementation.cpp	tests/CMakeLists.txt;tests/basic_fuzzer.cpp;tests/convert_utf16le_to_utf8_with_errors_tests.cpp;tests/convert_valid_utf16le_to_utf8_tests.cpp;tests/span_tests.cpp	fuzz/conversion.cpp;fuzz_transcoding_length_test.go (planned direct scalar-differential target for ConvertUTF16LEToUTF8WithErrors)	benchmarks/src/benchmark.cpp;benchmarks/src/benchmark.h	planned	future-upstream-api	not_applicable
Transcoding/length	simdutf::convert_utf16be_to_utf8_with_errors	result (const char16_t *, size_t, char *) noexcept	include/simdutf/implementation.h:2262	SIMDUTF_FEATURE_UTF8 && SIMDUTF_FEATURE_UTF16	mapped one-to-one	ConvertUTF16BEToUTF8WithErrors	func ConvertUTF16BEToUTF8WithErrors(input []uint16, dst []byte) Result	UTF-16 code units ([]uint16; LE/BE names are raw storage)	bytes ([]byte)	Result	Count is output code units on success and input error position on failure	caller supplies destination sized by the corresponding pinned length helper; Go wrapper panics stably before out-of-bounds store	no overlap guarantee beyond pinned declaration; nil slice is empty input	src/fallback/implementation.cpp	src/haswell/implementation.cpp;src/westmere/implementation.cpp	src/arm64/implementation.cpp	tests/CMakeLists.txt;tests/convert_utf16be_to_utf8_with_errors_tests.cpp;tests/convert_valid_utf16be_to_utf8_tests.cpp;tests/span_tests.cpp	fuzz/conversion.cpp;fuzz_transcoding_length_test.go (planned direct scalar-differential target for ConvertUTF16BEToUTF8WithErrors)	not_applicable: no convert_utf16be_to_utf8_with_errors occurrence under benchmarks at pinned tree	planned	future-upstream-api	not_applicable
Transcoding/length	simdutf::convert_utf16le_to_utf8_with_replacement	size_t (const char16_t *, size_t, char *) noexcept	include/simdutf/implementation.h:2297	SIMDUTF_FEATURE_UTF8 && SIMDUTF_FEATURE_UTF16	mapped one-to-one	ConvertUTF16LEToUTF8WithReplacement	func ConvertUTF16LEToUTF8WithReplacement(input []uint16, dst []byte) int	UTF-16 code units ([]uint16; LE/BE names are raw storage)	bytes ([]byte)	int	number of output code units/bytes written	caller supplies destination sized by the corresponding pinned length helper; Go wrapper panics stably before out-of-bounds store	no overlap guarantee beyond pinned declaration; nil slice is empty input	src/fallback/implementation.cpp	src/haswell/implementation.cpp;src/westmere/implementation.cpp	src/arm64/implementation.cpp	tests/convert_utf16_to_utf8_with_replacement_tests.cpp	fuzz/with_replacement.cpp;fuzz_transcoding_length_test.go (planned direct scalar-differential target for ConvertUTF16LEToUTF8WithReplacement)	benchmarks/src/benchmark.cpp;benchmarks/src/benchmark.h	planned	future-upstream-api	not_applicable
Transcoding/length	simdutf::convert_utf16be_to_utf8_with_replacement	size_t (const char16_t *, size_t, char *) noexcept	include/simdutf/implementation.h:2332	SIMDUTF_FEATURE_UTF8 && SIMDUTF_FEATURE_UTF16	mapped one-to-one	ConvertUTF16BEToUTF8WithReplacement	func ConvertUTF16BEToUTF8WithReplacement(input []uint16, dst []byte) int	UTF-16 code units ([]uint16; LE/BE names are raw storage)	bytes ([]byte)	int	number of output code units/bytes written	caller supplies destination sized by the corresponding pinned length helper; Go wrapper panics stably before out-of-bounds store	no overlap guarantee beyond pinned declaration; nil slice is empty input	src/fallback/implementation.cpp	src/haswell/implementation.cpp;src/westmere/implementation.cpp	src/arm64/implementation.cpp	tests/convert_utf16_to_utf8_with_replacement_tests.cpp	fuzz/with_replacement.cpp;fuzz_transcoding_length_test.go (planned direct scalar-differential target for ConvertUTF16BEToUTF8WithReplacement)	not_applicable: no convert_utf16be_to_utf8_with_replacement occurrence under benchmarks at pinned tree	planned	future-upstream-api	not_applicable
Transcoding/length	simdutf::convert_utf16_to_utf8_with_replacement	size_t (const char16_t *, size_t, char *) noexcept	include/simdutf/implementation.h:2367	SIMDUTF_FEATURE_UTF8 && SIMDUTF_FEATURE_UTF16	mapped one-to-one	ConvertUTF16ToUTF8WithReplacement	func ConvertUTF16ToUTF8WithReplacement(input []uint16, dst []byte) int	UTF-16 code units ([]uint16; LE/BE names are raw storage)	bytes ([]byte)	int	number of output code units/bytes written	caller supplies destination sized by the corresponding pinned length helper; Go wrapper panics stably before out-of-bounds store	no overlap guarantee beyond pinned declaration; nil slice is empty input	include/simdutf/implementation.h:2367; native-endian delegate to simdutf::convert_utf16le_to_utf8_with_replacement or simdutf::convert_utf16be_to_utf8_with_replacement	not_applicable: native wrapper delegates to the explicit UTF16LE/UTF16BE ISA row; no duplicate native assembly symbol	not_applicable: native wrapper delegates to the explicit UTF16LE/UTF16BE ISA row; no duplicate native assembly symbol	tests/CMakeLists.txt;tests/convert_utf16_to_utf8_with_replacement_tests.cpp	not_applicable: no convert_utf16_to_utf8_with_replacement occurrence under fuzz at pinned tree	not_applicable: no convert_utf16_to_utf8_with_replacement occurrence under benchmarks at pinned tree	planned	future-upstream-api	not_applicable
Transcoding/length	simdutf::convert_valid_utf16_to_utf8	size_t (const char16_t *, size_t, char *) noexcept	include/simdutf/implementation.h:2403	SIMDUTF_FEATURE_UTF8 && SIMDUTF_FEATURE_UTF16	mapped one-to-one	ConvertValidUTF16ToUTF8	func ConvertValidUTF16ToUTF8(input []uint16, dst []byte) int	UTF-16 code units ([]uint16; LE/BE names are raw storage)	bytes ([]byte)	int	number of output code units/bytes written	caller supplies destination sized by the corresponding pinned length helper; Go wrapper panics stably before out-of-bounds store	no overlap guarantee beyond pinned declaration; nil slice is empty input	include/simdutf/implementation.h:2403; native-endian delegate to simdutf::convert_valid_utf16le_to_utf8 or simdutf::convert_valid_utf16be_to_utf8	not_applicable: native wrapper delegates to the explicit UTF16LE/UTF16BE ISA row; no duplicate native assembly symbol	not_applicable: native wrapper delegates to the explicit UTF16LE/UTF16BE ISA row; no duplicate native assembly symbol	tests/convert_valid_utf16le_to_utf8_tests.cpp;tests/span_tests.cpp;tests/special_tests.cpp	not_applicable: no convert_valid_utf16_to_utf8 occurrence under fuzz at pinned tree	benchmarks/src/benchmark.cpp;benchmarks/src/benchmark.h	planned	future-upstream-api	not_applicable
Transcoding/length	simdutf::convert_valid_utf16_to_latin1	size_t (const char16_t *, size_t, char *) noexcept	include/simdutf/implementation.h:2445	SIMDUTF_FEATURE_LATIN1 && SIMDUTF_FEATURE_UTF16	mapped one-to-one	ConvertValidUTF16ToLatin1	func ConvertValidUTF16ToLatin1(input []uint16, dst []byte) int	UTF-16 code units ([]uint16; LE/BE names are raw storage)	bytes ([]byte)	int	number of output code units/bytes written	caller supplies destination sized by the corresponding pinned length helper; Go wrapper panics stably before out-of-bounds store	no overlap guarantee beyond pinned declaration; nil slice is empty input	include/simdutf/implementation.h:2445; native-endian delegate to simdutf::convert_valid_utf16le_to_latin1 or simdutf::convert_valid_utf16be_to_latin1	not_applicable: native wrapper delegates to the explicit UTF16LE/UTF16BE ISA row; no duplicate native assembly symbol	not_applicable: native wrapper delegates to the explicit UTF16LE/UTF16BE ISA row; no duplicate native assembly symbol	tests/convert_valid_utf16le_to_latin1_tests.cpp;tests/span_tests.cpp	not_applicable: no convert_valid_utf16_to_latin1 occurrence under fuzz at pinned tree	not_applicable: no convert_valid_utf16_to_latin1 occurrence under benchmarks at pinned tree	planned	future-upstream-api	not_applicable
Transcoding/length	simdutf::convert_valid_utf16le_to_latin1	size_t (const char16_t *, size_t, char *) noexcept	include/simdutf/implementation.h:2487	SIMDUTF_FEATURE_LATIN1 && SIMDUTF_FEATURE_UTF16	mapped one-to-one	ConvertValidUTF16LEToLatin1	func ConvertValidUTF16LEToLatin1(input []uint16, dst []byte) int	UTF-16 code units ([]uint16; LE/BE names are raw storage)	bytes ([]byte)	int	number of output code units/bytes written	caller supplies destination sized by the corresponding pinned length helper; Go wrapper panics stably before out-of-bounds store	no overlap guarantee beyond pinned declaration; nil slice is empty input	src/fallback/implementation.cpp	src/haswell/implementation.cpp;src/westmere/implementation.cpp	src/arm64/implementation.cpp	tests/CMakeLists.txt;tests/convert_valid_utf16le_to_latin1_tests.cpp;tests/helpers/compiletime_conversions.h;tests/null_safety_tests.cpp;tests/span_tests.cpp	fuzz/conversion.cpp;fuzz_transcoding_length_test.go (planned direct scalar-differential target for ConvertValidUTF16LEToLatin1)	benchmarks/src/benchmark.cpp;benchmarks/src/benchmark.h	planned	future-upstream-api	not_applicable
Transcoding/length	simdutf::convert_valid_utf16be_to_latin1	size_t (const char16_t *, size_t, char *) noexcept	include/simdutf/implementation.h:2529	SIMDUTF_FEATURE_LATIN1 && SIMDUTF_FEATURE_UTF16	mapped one-to-one	ConvertValidUTF16BEToLatin1	func ConvertValidUTF16BEToLatin1(input []uint16, dst []byte) int	UTF-16 code units ([]uint16; LE/BE names are raw storage)	bytes ([]byte)	int	number of output code units/bytes written	caller supplies destination sized by the corresponding pinned length helper; Go wrapper panics stably before out-of-bounds store	no overlap guarantee beyond pinned declaration; nil slice is empty input	src/fallback/implementation.cpp	src/haswell/implementation.cpp;src/westmere/implementation.cpp	src/arm64/implementation.cpp	tests/CMakeLists.txt;tests/convert_valid_utf16be_to_latin1_tests.cpp;tests/helpers/compiletime_conversions.h;tests/null_safety_tests.cpp;tests/span_tests.cpp	fuzz/conversion.cpp;fuzz_transcoding_length_test.go (planned direct scalar-differential target for ConvertValidUTF16BEToLatin1)	not_applicable: no convert_valid_utf16be_to_latin1 occurrence under benchmarks at pinned tree	planned	future-upstream-api	not_applicable
Transcoding/length	simdutf::convert_valid_utf16le_to_utf8	size_t (const char16_t *, size_t, char *) noexcept	include/simdutf/implementation.h:2567	SIMDUTF_FEATURE_UTF8 && SIMDUTF_FEATURE_UTF16	mapped one-to-one	ConvertValidUTF16LEToUTF8	func ConvertValidUTF16LEToUTF8(input []uint16, dst []byte) int	UTF-16 code units ([]uint16; LE/BE names are raw storage)	bytes ([]byte)	int	number of output code units/bytes written	caller supplies destination sized by the corresponding pinned length helper; Go wrapper panics stably before out-of-bounds store	no overlap guarantee beyond pinned declaration; nil slice is empty input	src/fallback/implementation.cpp	src/haswell/implementation.cpp;src/westmere/implementation.cpp	src/arm64/implementation.cpp	tests/CMakeLists.txt;tests/convert_valid_utf16le_to_utf8_tests.cpp;tests/convert_valid_utf8_to_utf16le_tests.cpp;tests/helpers/compiletime_conversions.h;tests/null_safety_tests.cpp;tests/span_tests.cpp;tests/special_tests.cpp;tests/validate_utf16le_basic_tests.cpp	fuzz/conversion.cpp;fuzz_transcoding_length_test.go (planned direct scalar-differential target for ConvertValidUTF16LEToUTF8)	benchmarks/src/benchmark.cpp;benchmarks/src/benchmark.h	planned	future-upstream-api	not_applicable
Transcoding/length	simdutf::convert_valid_utf16be_to_utf8	size_t (const char16_t *, size_t, char *) noexcept	include/simdutf/implementation.h:2601	SIMDUTF_FEATURE_UTF8 && SIMDUTF_FEATURE_UTF16	mapped one-to-one	ConvertValidUTF16BEToUTF8	func ConvertValidUTF16BEToUTF8(input []uint16, dst []byte) int	UTF-16 code units ([]uint16; LE/BE names are raw storage)	bytes ([]byte)	int	number of output code units/bytes written	caller supplies destination sized by the corresponding pinned length helper; Go wrapper panics stably before out-of-bounds store	no overlap guarantee beyond pinned declaration; nil slice is empty input	src/fallback/implementation.cpp	src/haswell/implementation.cpp;src/westmere/implementation.cpp	src/arm64/implementation.cpp	tests/CMakeLists.txt;tests/convert_valid_utf16be_to_utf8_tests.cpp;tests/helpers/compiletime_conversions.h;tests/null_safety_tests.cpp;tests/span_tests.cpp;tests/special_tests.cpp	fuzz/conversion.cpp;fuzz_transcoding_length_test.go (planned direct scalar-differential target for ConvertValidUTF16BEToUTF8)	not_applicable: no convert_valid_utf16be_to_utf8 occurrence under benchmarks at pinned tree	planned	future-upstream-api	not_applicable
Transcoding/length	simdutf::convert_utf16_to_utf32	size_t (const char16_t *, size_t, char32_t *) noexcept	include/simdutf/implementation.h:2639	SIMDUTF_FEATURE_UTF16 && SIMDUTF_FEATURE_UTF32	mapped one-to-one	ConvertUTF16ToUTF32	func ConvertUTF16ToUTF32(input []uint16, dst []uint32) int	UTF-16 code units ([]uint16; LE/BE names are raw storage)	UTF-32 code units ([]uint32)	int	number of output code units/bytes written	caller supplies destination sized by the corresponding pinned length helper; Go wrapper panics stably before out-of-bounds store	no overlap guarantee beyond pinned declaration; nil slice is empty input	include/simdutf/implementation.h:2639; native-endian delegate to simdutf::convert_utf16le_to_utf32 or simdutf::convert_utf16be_to_utf32	not_applicable: native wrapper delegates to the explicit UTF16LE/UTF16BE ISA row; no duplicate native assembly symbol	not_applicable: native wrapper delegates to the explicit UTF16LE/UTF16BE ISA row; no duplicate native assembly symbol	tests/basic_fuzzer.cpp;tests/convert_utf16le_to_utf32_tests.cpp;tests/convert_utf16le_to_utf32_with_errors_tests.cpp;tests/simdutf_c_tests.cpp	not_applicable: no convert_utf16_to_utf32 occurrence under fuzz at pinned tree	benchmarks/src/benchmark.cpp;benchmarks/src/benchmark.h	planned	future-upstream-api	not_applicable
Transcoding/length	simdutf::convert_utf16le_to_utf32	size_t (const char16_t *, size_t, char32_t *) noexcept	include/simdutf/implementation.h:2673	SIMDUTF_FEATURE_UTF16 && SIMDUTF_FEATURE_UTF32	mapped one-to-one	ConvertUTF16LEToUTF32	func ConvertUTF16LEToUTF32(input []uint16, dst []uint32) int	UTF-16 code units ([]uint16; LE/BE names are raw storage)	UTF-32 code units ([]uint32)	int	number of output code units/bytes written	caller supplies destination sized by the corresponding pinned length helper; Go wrapper panics stably before out-of-bounds store	no overlap guarantee beyond pinned declaration; nil slice is empty input	src/fallback/implementation.cpp	src/haswell/implementation.cpp;src/westmere/implementation.cpp	src/arm64/implementation.cpp	tests/CMakeLists.txt;tests/basic_fuzzer.cpp;tests/bele_tests.cpp;tests/convert_utf16le_to_utf32_tests.cpp;tests/convert_utf16le_to_utf32_with_errors_tests.cpp	fuzz/conversion.cpp;fuzz_transcoding_length_test.go (planned direct scalar-differential target for ConvertUTF16LEToUTF32)	benchmarks/shortbench.cpp;benchmarks/src/benchmark.cpp;benchmarks/src/benchmark.h	planned	future-upstream-api	not_applicable
Transcoding/length	simdutf::convert_utf16be_to_utf32	size_t (const char16_t *, size_t, char32_t *) noexcept	include/simdutf/implementation.h:2706	SIMDUTF_FEATURE_UTF16 && SIMDUTF_FEATURE_UTF32	mapped one-to-one	ConvertUTF16BEToUTF32	func ConvertUTF16BEToUTF32(input []uint16, dst []uint32) int	UTF-16 code units ([]uint16; LE/BE names are raw storage)	UTF-32 code units ([]uint32)	int	number of output code units/bytes written	caller supplies destination sized by the corresponding pinned length helper; Go wrapper panics stably before out-of-bounds store	no overlap guarantee beyond pinned declaration; nil slice is empty input	src/fallback/implementation.cpp	src/haswell/implementation.cpp;src/westmere/implementation.cpp	src/arm64/implementation.cpp	tests/CMakeLists.txt;tests/bele_tests.cpp;tests/convert_utf16be_to_utf32_tests.cpp;tests/convert_utf16be_to_utf32_with_errors_tests.cpp;tests/convert_utf16be_to_utf8_with_errors_tests.cpp	fuzz/conversion.cpp;fuzz_transcoding_length_test.go (planned direct scalar-differential target for ConvertUTF16BEToUTF32)	benchmarks/shortbench.cpp	planned	future-upstream-api	not_applicable
Transcoding/length	simdutf::convert_utf16_to_utf32_with_errors	result (const char16_t *, size_t, char32_t *) noexcept	include/simdutf/implementation.h:2742	SIMDUTF_FEATURE_UTF16 && SIMDUTF_FEATURE_UTF32	mapped one-to-one	ConvertUTF16ToUTF32WithErrors	func ConvertUTF16ToUTF32WithErrors(input []uint16, dst []uint32) Result	UTF-16 code units ([]uint16; LE/BE names are raw storage)	UTF-32 code units ([]uint32)	Result	Count is output code units on success and input error position on failure	caller supplies destination sized by the corresponding pinned length helper; Go wrapper panics stably before out-of-bounds store	no overlap guarantee beyond pinned declaration; nil slice is empty input	include/simdutf/implementation.h:2742; native-endian delegate to simdutf::convert_utf16le_to_utf32_with_errors or simdutf::convert_utf16be_to_utf32_with_errors	not_applicable: native wrapper delegates to the explicit UTF16LE/UTF16BE ISA row; no duplicate native assembly symbol	not_applicable: native wrapper delegates to the explicit UTF16LE/UTF16BE ISA row; no duplicate native assembly symbol	tests/convert_utf16le_to_utf32_with_errors_tests.cpp	not_applicable: no convert_utf16_to_utf32_with_errors occurrence under fuzz at pinned tree	not_applicable: no convert_utf16_to_utf32_with_errors occurrence under benchmarks at pinned tree	planned	future-upstream-api	not_applicable
Transcoding/length	simdutf::convert_utf16le_to_utf32_with_errors	result (const char16_t *, size_t, char32_t *) noexcept	include/simdutf/implementation.h:2777	SIMDUTF_FEATURE_UTF16 && SIMDUTF_FEATURE_UTF32	mapped one-to-one	ConvertUTF16LEToUTF32WithErrors	func ConvertUTF16LEToUTF32WithErrors(input []uint16, dst []uint32) Result	UTF-16 code units ([]uint16; LE/BE names are raw storage)	UTF-32 code units ([]uint32)	Result	Count is output code units on success and input error position on failure	caller supplies destination sized by the corresponding pinned length helper; Go wrapper panics stably before out-of-bounds store	no overlap guarantee beyond pinned declaration; nil slice is empty input	src/fallback/implementation.cpp	src/haswell/implementation.cpp;src/westmere/implementation.cpp	src/arm64/implementation.cpp	tests/CMakeLists.txt;tests/basic_fuzzer.cpp;tests/convert_utf16le_to_utf32_with_errors_tests.cpp	fuzz/conversion.cpp;fuzz_transcoding_length_test.go (planned direct scalar-differential target for ConvertUTF16LEToUTF32WithErrors)	benchmarks/src/benchmark.cpp;benchmarks/src/benchmark.h	planned	future-upstream-api	not_applicable
Transcoding/length	simdutf::convert_utf16be_to_utf32_with_errors	result (const char16_t *, size_t, char32_t *) noexcept	include/simdutf/implementation.h:2813	SIMDUTF_FEATURE_UTF16 && SIMDUTF_FEATURE_UTF32	mapped one-to-one	ConvertUTF16BEToUTF32WithErrors	func ConvertUTF16BEToUTF32WithErrors(input []uint16, dst []uint32) Result	UTF-16 code units ([]uint16; LE/BE names are raw storage)	UTF-32 code units ([]uint32)	Result	Count is output code units on success and input error position on failure	caller supplies destination sized by the corresponding pinned length helper; Go wrapper panics stably before out-of-bounds store	no overlap guarantee beyond pinned declaration; nil slice is empty input	src/fallback/implementation.cpp	src/haswell/implementation.cpp;src/westmere/implementation.cpp	src/arm64/implementation.cpp	tests/CMakeLists.txt;tests/convert_utf16be_to_utf32_with_errors_tests.cpp;tests/convert_utf16be_to_utf8_with_errors_tests.cpp	fuzz/conversion.cpp;fuzz_transcoding_length_test.go (planned direct scalar-differential target for ConvertUTF16BEToUTF32WithErrors)	not_applicable: no convert_utf16be_to_utf32_with_errors occurrence under benchmarks at pinned tree	planned	future-upstream-api	not_applicable
Transcoding/length	simdutf::convert_valid_utf16_to_utf32	size_t (const char16_t *, size_t, char32_t *) noexcept	include/simdutf/implementation.h:2847	SIMDUTF_FEATURE_UTF16 && SIMDUTF_FEATURE_UTF32	mapped one-to-one	ConvertValidUTF16ToUTF32	func ConvertValidUTF16ToUTF32(input []uint16, dst []uint32) int	UTF-16 code units ([]uint16; LE/BE names are raw storage)	UTF-32 code units ([]uint32)	int	number of output code units/bytes written	caller supplies destination sized by the corresponding pinned length helper; Go wrapper panics stably before out-of-bounds store	no overlap guarantee beyond pinned declaration; nil slice is empty input	include/simdutf/implementation.h:2847; native-endian delegate to simdutf::convert_valid_utf16le_to_utf32 or simdutf::convert_valid_utf16be_to_utf32	not_applicable: native wrapper delegates to the explicit UTF16LE/UTF16BE ISA row; no duplicate native assembly symbol	not_applicable: native wrapper delegates to the explicit UTF16LE/UTF16BE ISA row; no duplicate native assembly symbol	tests/convert_valid_utf16le_to_utf32_tests.cpp	not_applicable: no convert_valid_utf16_to_utf32 occurrence under fuzz at pinned tree	not_applicable: no convert_valid_utf16_to_utf32 occurrence under benchmarks at pinned tree	planned	future-upstream-api	not_applicable
Transcoding/length	simdutf::convert_valid_utf16le_to_utf32	size_t (const char16_t *, size_t, char32_t *) noexcept	include/simdutf/implementation.h:2881	SIMDUTF_FEATURE_UTF16 && SIMDUTF_FEATURE_UTF32	mapped one-to-one	ConvertValidUTF16LEToUTF32	func ConvertValidUTF16LEToUTF32(input []uint16, dst []uint32) int	UTF-16 code units ([]uint16; LE/BE names are raw storage)	UTF-32 code units ([]uint32)	int	number of output code units/bytes written	caller supplies destination sized by the corresponding pinned length helper; Go wrapper panics stably before out-of-bounds store	no overlap guarantee beyond pinned declaration; nil slice is empty input	src/fallback/implementation.cpp	src/haswell/implementation.cpp;src/westmere/implementation.cpp	src/arm64/implementation.cpp	tests/CMakeLists.txt;tests/convert_valid_utf16le_to_utf32_tests.cpp;tests/null_safety_tests.cpp	fuzz/conversion.cpp;fuzz_transcoding_length_test.go (planned direct scalar-differential target for ConvertValidUTF16LEToUTF32)	benchmarks/src/benchmark.cpp;benchmarks/src/benchmark.h	planned	future-upstream-api	not_applicable
Transcoding/length	simdutf::convert_valid_utf16be_to_utf32	size_t (const char16_t *, size_t, char32_t *) noexcept	include/simdutf/implementation.h:2915	SIMDUTF_FEATURE_UTF16 && SIMDUTF_FEATURE_UTF32	mapped one-to-one	ConvertValidUTF16BEToUTF32	func ConvertValidUTF16BEToUTF32(input []uint16, dst []uint32) int	UTF-16 code units ([]uint16; LE/BE names are raw storage)	UTF-32 code units ([]uint32)	int	number of output code units/bytes written	caller supplies destination sized by the corresponding pinned length helper; Go wrapper panics stably before out-of-bounds store	no overlap guarantee beyond pinned declaration; nil slice is empty input	src/fallback/implementation.cpp	src/haswell/implementation.cpp;src/westmere/implementation.cpp	src/arm64/implementation.cpp	tests/CMakeLists.txt;tests/convert_valid_utf16be_to_utf32_tests.cpp;tests/null_safety_tests.cpp	fuzz/conversion.cpp;fuzz_transcoding_length_test.go (planned direct scalar-differential target for ConvertValidUTF16BEToUTF32)	not_applicable: no convert_valid_utf16be_to_utf32 occurrence under benchmarks at pinned tree	planned	future-upstream-api	not_applicable
Transcoding/length	simdutf::utf8_length_from_utf16	size_t (const char16_t *, size_t) noexcept	include/simdutf/implementation.h:2949	SIMDUTF_FEATURE_UTF8 && SIMDUTF_FEATURE_UTF16	mapped one-to-one	UTF8LengthFromUTF16	func UTF8LengthFromUTF16(input []uint16) int	UTF-16 code units ([]uint16; LE/BE names are raw storage)	none	int	required/maximum output code units or bytes named by the operation	not_applicable	no overlap guarantee beyond pinned declaration; nil slice is empty input	include/simdutf/implementation.h:2949; native-endian delegate to simdutf::utf8_length_from_utf16le or simdutf::utf8_length_from_utf16be	not_applicable: native wrapper delegates to the explicit UTF16LE/UTF16BE ISA row; no duplicate native assembly symbol	not_applicable: native wrapper delegates to the explicit UTF16LE/UTF16BE ISA row; no duplicate native assembly symbol	tests/CMakeLists.txt;tests/basic_fuzzer.cpp;tests/convert_utf16_to_utf8_safe_tests.cpp;tests/convert_utf16_to_utf8_with_replacement_tests.cpp;tests/convert_utf16be_to_utf8_tests.cpp;tests/convert_utf16be_to_utf8_with_errors_tests.cpp;tests/convert_utf16le_to_utf8_tests.cpp;tests/convert_utf16le_to_utf8_with_errors_tests.cpp;tests/convert_utf8_to_utf16le_tests.cpp;tests/convert_valid_utf16be_to_utf8_tests.cpp;tests/convert_valid_utf16le_to_utf8_tests.cpp;tests/convert_valid_utf8_to_utf16le_tests.cpp;tests/helpers/compiletime_conversions.h;tests/null_safety_tests.cpp;tests/random_fuzzer.cpp;tests/readme_tests.cpp;tests/simdutf_c_tests.cpp;tests/special_tests.cpp;tests/straight_c_test.c;tests/to_well_formed_utf16_tests.cpp;tests/utf8_length_from_utf16_tests.cpp;tests/validate_utf16le_basic_tests.cpp	fuzz/conversion.cpp;fuzz/roundtrip.cpp;fuzz/safe_conversion.cpp;fuzz/with_replacement.cpp	benchmarks/shortbench.cpp;benchmarks/src/benchmark.cpp;benchmarks/src/benchmark.h;benchmarks/stream.cpp	planned	future-upstream-api	not_applicable
Transcoding/length	simdutf::utf8_length_from_utf16_with_replacement	result (const char16_t *, size_t) noexcept	include/simdutf/implementation.h:2985	SIMDUTF_FEATURE_UTF8 && SIMDUTF_FEATURE_UTF16	mapped one-to-one	UTF8LengthFromUTF16WithReplacement	func UTF8LengthFromUTF16WithReplacement(input []uint16) Result	UTF-16 code units ([]uint16; LE/BE names are raw storage)	none	Result	Count is required UTF-8 bytes regardless of Error; Error is SUCCESS or SURROGATE as a surrogate-presence flag, not a validation failure	not_applicable	no overlap guarantee beyond pinned declaration; nil slice is empty input	include/simdutf/implementation.h:2985; native-endian delegate to simdutf::utf8_length_from_utf16le_with_replacement or simdutf::utf8_length_from_utf16be_with_replacement	not_applicable: native wrapper delegates to the explicit UTF16LE/UTF16BE ISA row; no duplicate native assembly symbol	not_applicable: native wrapper delegates to the explicit UTF16LE/UTF16BE ISA row; no duplicate native assembly symbol	tests/convert_utf16_to_utf8_with_replacement_tests.cpp;tests/utf8_length_from_utf16_tests.cpp	not_applicable: no utf8_length_from_utf16_with_replacement occurrence under fuzz at pinned tree	not_applicable: no utf8_length_from_utf16_with_replacement occurrence under benchmarks at pinned tree	planned	future-upstream-api	not_applicable
Transcoding/length	simdutf::utf8_length_from_utf16le	size_t (const char16_t *, size_t) noexcept	include/simdutf/implementation.h:3015	SIMDUTF_FEATURE_UTF8 && SIMDUTF_FEATURE_UTF16	mapped one-to-one	UTF8LengthFromUTF16LE	func UTF8LengthFromUTF16LE(input []uint16) int	UTF-16 code units ([]uint16; LE/BE names are raw storage)	none	int	required/maximum output code units or bytes named by the operation	not_applicable	no overlap guarantee beyond pinned declaration; nil slice is empty input	src/fallback/implementation.cpp	src/haswell/implementation.cpp;src/westmere/implementation.cpp	src/arm64/implementation.cpp	tests/basic_fuzzer.cpp;tests/convert_utf16_to_utf8_with_replacement_tests.cpp;tests/convert_utf16le_to_utf8_tests.cpp;tests/convert_utf16le_to_utf8_with_errors_tests.cpp;tests/convert_utf8_to_utf16le_tests.cpp;tests/convert_valid_utf16le_to_utf8_tests.cpp;tests/convert_valid_utf8_to_utf16le_tests.cpp;tests/helpers/compiletime_conversions.h;tests/null_safety_tests.cpp;tests/random_fuzzer.cpp;tests/readme_tests.cpp;tests/special_tests.cpp;tests/to_well_formed_utf16_tests.cpp;tests/utf8_length_from_utf16_tests.cpp;tests/validate_utf16le_basic_tests.cpp	fuzz/conversion.cpp;fuzz/roundtrip.cpp;fuzz/with_replacement.cpp;fuzz_transcoding_length_test.go (planned direct scalar-differential target for UTF8LengthFromUTF16LE)	benchmarks/src/benchmark.cpp;benchmarks/src/benchmark.h;benchmarks/stream.cpp	planned	future-upstream-api	not_applicable
Transcoding/length	simdutf::utf8_length_from_utf16be	size_t (const char16_t *, size_t) noexcept	include/simdutf/implementation.h:3044	SIMDUTF_FEATURE_UTF8 && SIMDUTF_FEATURE_UTF16	mapped one-to-one	UTF8LengthFromUTF16BE	func UTF8LengthFromUTF16BE(input []uint16) int	UTF-16 code units ([]uint16; LE/BE names are raw storage)	none	int	required/maximum output code units or bytes named by the operation	not_applicable	no overlap guarantee beyond pinned declaration; nil slice is empty input	src/fallback/implementation.cpp	src/haswell/implementation.cpp;src/westmere/implementation.cpp	src/arm64/implementation.cpp	tests/convert_utf16_to_utf8_with_replacement_tests.cpp;tests/convert_utf16be_to_utf8_tests.cpp;tests/convert_utf16be_to_utf8_with_errors_tests.cpp;tests/convert_valid_utf16be_to_utf8_tests.cpp;tests/helpers/compiletime_conversions.h;tests/null_safety_tests.cpp;tests/random_fuzzer.cpp;tests/special_tests.cpp;tests/to_well_formed_utf16_tests.cpp;tests/utf8_length_from_utf16_tests.cpp	fuzz/conversion.cpp;fuzz/roundtrip.cpp;fuzz/with_replacement.cpp;fuzz_transcoding_length_test.go (planned direct scalar-differential target for UTF8LengthFromUTF16BE)	benchmarks/src/benchmark.cpp;benchmarks/src/benchmark.h	planned	future-upstream-api	not_applicable
Transcoding/length	simdutf::convert_utf32_to_utf8	size_t (const char32_t *, size_t, char *) noexcept	include/simdutf/implementation.h:3077	SIMDUTF_FEATURE_UTF8 && SIMDUTF_FEATURE_UTF32	mapped one-to-one	ConvertUTF32ToUTF8	func ConvertUTF32ToUTF8(input []uint32, dst []byte) int	UTF-32 code units ([]uint32)	bytes ([]byte)	int	number of output code units/bytes written	caller supplies destination sized by the corresponding pinned length helper; Go wrapper panics stably before out-of-bounds store	no overlap guarantee beyond pinned declaration; nil slice is empty input	src/fallback/implementation.cpp	src/haswell/avx2_convert_utf32_to_utf8.cpp;src/haswell/implementation.cpp;src/westmere/implementation.cpp;src/westmere/sse_convert_utf32_to_utf8.cpp	src/arm64/arm_convert_utf32_to_utf8.cpp;src/arm64/implementation.cpp	tests/CMakeLists.txt;tests/basic_fuzzer.cpp;tests/bele_tests.cpp;tests/convert_utf32_to_utf8_tests.cpp;tests/convert_utf32_to_utf8_with_errors_tests.cpp;tests/random_fuzzer.cpp;tests/simdutf_c_tests.cpp;tests/special_tests.cpp	fuzz/conversion.cpp;fuzz/roundtrip.cpp;fuzz_transcoding_length_test.go (planned direct scalar-differential target for ConvertUTF32ToUTF8)	benchmarks/shortbench.cpp;benchmarks/src/benchmark.cpp;benchmarks/src/benchmark.h	planned	future-upstream-api	not_applicable
Transcoding/length	simdutf::convert_utf32_to_utf8_with_errors	result (const char32_t *, size_t, char *) noexcept	include/simdutf/implementation.h:3114	SIMDUTF_FEATURE_UTF8 && SIMDUTF_FEATURE_UTF32	mapped one-to-one	ConvertUTF32ToUTF8WithErrors	func ConvertUTF32ToUTF8WithErrors(input []uint32, dst []byte) Result	UTF-32 code units ([]uint32)	bytes ([]byte)	Result	Count is output code units on success and input error position on failure	caller supplies destination sized by the corresponding pinned length helper; Go wrapper panics stably before out-of-bounds store	no overlap guarantee beyond pinned declaration; nil slice is empty input	src/fallback/implementation.cpp	src/haswell/avx2_convert_utf32_to_utf8.cpp;src/haswell/implementation.cpp;src/westmere/implementation.cpp;src/westmere/sse_convert_utf32_to_utf8.cpp	src/arm64/arm_convert_utf32_to_utf8.cpp;src/arm64/implementation.cpp	tests/CMakeLists.txt;tests/basic_fuzzer.cpp;tests/convert_utf32_to_utf8_with_errors_tests.cpp;tests/simdutf_c_tests.cpp	fuzz/conversion.cpp;fuzz_transcoding_length_test.go (planned direct scalar-differential target for ConvertUTF32ToUTF8WithErrors)	benchmarks/src/benchmark.cpp;benchmarks/src/benchmark.h	planned	future-upstream-api	not_applicable
Transcoding/length	simdutf::convert_valid_utf32_to_utf8	size_t (const char32_t *, size_t, char *) noexcept	include/simdutf/implementation.h:3148	SIMDUTF_FEATURE_UTF8 && SIMDUTF_FEATURE_UTF32	mapped one-to-one	ConvertValidUTF32ToUTF8	func ConvertValidUTF32ToUTF8(input []uint32, dst []byte) int	UTF-32 code units ([]uint32)	bytes ([]byte)	int	number of output code units/bytes written	caller supplies destination sized by the corresponding pinned length helper; Go wrapper panics stably before out-of-bounds store	no overlap guarantee beyond pinned declaration; nil slice is empty input	src/fallback/implementation.cpp	src/haswell/implementation.cpp;src/westmere/implementation.cpp	src/arm64/implementation.cpp	tests/CMakeLists.txt;tests/convert_valid_utf32_to_utf8_tests.cpp;tests/null_safety_tests.cpp;tests/special_tests.cpp	fuzz/conversion.cpp;fuzz_transcoding_length_test.go (planned direct scalar-differential target for ConvertValidUTF32ToUTF8)	benchmarks/src/benchmark.cpp;benchmarks/src/benchmark.h	planned	future-upstream-api	not_applicable
Transcoding/length	simdutf::convert_utf32_to_utf16	size_t (const char32_t *, size_t, char16_t *) noexcept	include/simdutf/implementation.h:3185	SIMDUTF_FEATURE_UTF16 && SIMDUTF_FEATURE_UTF32	mapped one-to-one	ConvertUTF32ToUTF16	func ConvertUTF32ToUTF16(input []uint32, dst []uint16) int	UTF-32 code units ([]uint32)	UTF-16 code units ([]uint16; LE/BE names are raw storage)	int	number of output code units/bytes written	caller supplies destination sized by the corresponding pinned length helper; Go wrapper panics stably before out-of-bounds store	no overlap guarantee beyond pinned declaration; nil slice is empty input	include/simdutf/implementation.h:3185; native-endian delegate to simdutf::convert_utf32_to_utf16le or simdutf::convert_utf32_to_utf16be	not_applicable: native wrapper delegates to the explicit UTF16LE/UTF16BE ISA row; no duplicate native assembly symbol	not_applicable: native wrapper delegates to the explicit UTF16LE/UTF16BE ISA row; no duplicate native assembly symbol	tests/CMakeLists.txt;tests/basic_fuzzer.cpp;tests/bele_tests.cpp;tests/convert_utf32_to_utf16be_tests.cpp;tests/convert_utf32_to_utf16be_with_errors_tests.cpp;tests/convert_utf32_to_utf16le_tests.cpp;tests/convert_utf32_to_utf16le_with_errors_tests.cpp;tests/null_safety_tests.cpp	fuzz/conversion.cpp	benchmarks/shortbench.cpp;benchmarks/src/benchmark.cpp;benchmarks/src/benchmark.h	planned	future-upstream-api	not_applicable
Transcoding/length	simdutf::convert_utf32_to_utf16le	size_t (const char32_t *, size_t, char16_t *) noexcept	include/simdutf/implementation.h:3217	SIMDUTF_FEATURE_UTF16 && SIMDUTF_FEATURE_UTF32	mapped one-to-one	ConvertUTF32ToUTF16LE	func ConvertUTF32ToUTF16LE(input []uint32, dst []uint16) int	UTF-32 code units ([]uint32)	UTF-16 code units ([]uint16; LE/BE names are raw storage)	int	number of output code units/bytes written	caller supplies destination sized by the corresponding pinned length helper; Go wrapper panics stably before out-of-bounds store	no overlap guarantee beyond pinned declaration; nil slice is empty input	src/fallback/implementation.cpp	src/haswell/implementation.cpp;src/westmere/implementation.cpp	src/arm64/implementation.cpp	tests/CMakeLists.txt;tests/basic_fuzzer.cpp;tests/bele_tests.cpp;tests/convert_utf32_to_utf16le_tests.cpp;tests/convert_utf32_to_utf16le_with_errors_tests.cpp;tests/null_safety_tests.cpp	fuzz/conversion.cpp;fuzz_transcoding_length_test.go (planned direct scalar-differential target for ConvertUTF32ToUTF16LE)	benchmarks/shortbench.cpp;benchmarks/src/benchmark.cpp	planned	future-upstream-api	not_applicable
Transcoding/length	simdutf::convert_utf32_to_latin1	size_t (const char32_t *, size_t, char *) noexcept	include/simdutf/implementation.h:3252	SIMDUTF_FEATURE_LATIN1 && SIMDUTF_FEATURE_UTF32	mapped one-to-one	ConvertUTF32ToLatin1	func ConvertUTF32ToLatin1(input []uint32, dst []byte) int	UTF-32 code units ([]uint32)	bytes ([]byte)	int	number of output code units/bytes written	caller supplies destination sized by the corresponding pinned length helper; Go wrapper panics stably before out-of-bounds store	no overlap guarantee beyond pinned declaration; nil slice is empty input	src/fallback/implementation.cpp	src/haswell/avx2_convert_utf32_to_latin1.cpp;src/haswell/implementation.cpp;src/westmere/implementation.cpp;src/westmere/sse_convert_utf32_to_latin1.cpp	src/arm64/arm_convert_utf32_to_latin1.cpp;src/arm64/implementation.cpp	tests/CMakeLists.txt;tests/convert_utf32_to_latin1_tests.cpp;tests/convert_utf32_to_latin1_with_errors_tests.cpp;tests/random_fuzzer.cpp;tests/span_tests.cpp	fuzz/conversion.cpp;fuzz/roundtrip.cpp;fuzz_transcoding_length_test.go (planned direct scalar-differential target for ConvertUTF32ToLatin1)	benchmarks/shortbench.cpp;benchmarks/src/benchmark.cpp;benchmarks/src/benchmark.h	planned	future-upstream-api	not_applicable
Transcoding/length	simdutf::convert_utf32_to_latin1_with_errors	result (const char32_t *, size_t, char *) noexcept	include/simdutf/implementation.h:3290	SIMDUTF_FEATURE_LATIN1 && SIMDUTF_FEATURE_UTF32	mapped one-to-one	ConvertUTF32ToLatin1WithErrors	func ConvertUTF32ToLatin1WithErrors(input []uint32, dst []byte) Result	UTF-32 code units ([]uint32)	bytes ([]byte)	Result	Count is output code units on success and input error position on failure	caller supplies destination sized by the corresponding pinned length helper; Go wrapper panics stably before out-of-bounds store	no overlap guarantee beyond pinned declaration; nil slice is empty input	src/fallback/implementation.cpp	src/haswell/avx2_convert_utf32_to_latin1.cpp;src/haswell/implementation.cpp;src/westmere/implementation.cpp;src/westmere/sse_convert_utf32_to_latin1.cpp	src/arm64/arm_convert_utf32_to_latin1.cpp;src/arm64/implementation.cpp	tests/CMakeLists.txt;tests/convert_utf32_to_latin1_with_errors_tests.cpp;tests/span_tests.cpp	fuzz/conversion.cpp;fuzz_transcoding_length_test.go (planned direct scalar-differential target for ConvertUTF32ToLatin1WithErrors)	benchmarks/src/benchmark.cpp;benchmarks/src/benchmark.h	planned	future-upstream-api	not_applicable
Transcoding/length	simdutf::convert_valid_utf32_to_latin1	size_t (const char32_t *, size_t, char *) noexcept	include/simdutf/implementation.h:3331	SIMDUTF_FEATURE_LATIN1 && SIMDUTF_FEATURE_UTF32	mapped one-to-one	ConvertValidUTF32ToLatin1	func ConvertValidUTF32ToLatin1(input []uint32, dst []byte) int	UTF-32 code units ([]uint32)	bytes ([]byte)	int	number of output code units/bytes written	caller supplies destination sized by the corresponding pinned length helper; Go wrapper panics stably before out-of-bounds store	no overlap guarantee beyond pinned declaration; nil slice is empty input	src/fallback/implementation.cpp	src/haswell/implementation.cpp;src/westmere/implementation.cpp	src/arm64/implementation.cpp	tests/CMakeLists.txt;tests/convert_valid_utf32_to_latin1_tests.cpp;tests/helpers/compiletime_conversions.h;tests/null_safety_tests.cpp;tests/span_tests.cpp	fuzz/conversion.cpp;fuzz_transcoding_length_test.go (planned direct scalar-differential target for ConvertValidUTF32ToLatin1)	benchmarks/src/benchmark.cpp;benchmarks/src/benchmark.h	planned	future-upstream-api	not_applicable
Transcoding/length	simdutf::latin1_length_from_utf32	size_t (size_t) noexcept	include/simdutf/implementation.h:3367	SIMDUTF_FEATURE_LATIN1 && SIMDUTF_FEATURE_UTF32	mapped one-to-one	Latin1LengthFromUTF32	func Latin1LengthFromUTF32(length int) int	input code-unit/byte count (int)	none	int	required/maximum output code units or bytes named by the operation	not_applicable	no overlap guarantee beyond pinned declaration; nil slice is empty input	not_applicable: no latin1_length_from_utf32 occurrence under src/fallback or include/simdutf/scalar at pinned tree	not_applicable: no latin1_length_from_utf32 occurrence under src/westmere or src/haswell at pinned tree	not_applicable: no latin1_length_from_utf32 occurrence under src/arm64 at pinned tree	tests/convert_utf32_to_latin1_tests.cpp;tests/convert_utf32_to_latin1_with_errors_tests.cpp;tests/convert_valid_utf32_to_latin1_tests.cpp;tests/null_safety_tests.cpp;tests/random_fuzzer.cpp	fuzz/conversion.cpp;fuzz/roundtrip.cpp	not_applicable: no latin1_length_from_utf32 occurrence under benchmarks at pinned tree	planned	future-upstream-api	not_applicable
Transcoding/length	simdutf::utf32_length_from_latin1	size_t (size_t) noexcept	include/simdutf/implementation.h:3380	SIMDUTF_FEATURE_LATIN1 && SIMDUTF_FEATURE_UTF32	mapped one-to-one	UTF32LengthFromLatin1	func UTF32LengthFromLatin1(length int) int	input code-unit/byte count (int)	none	int	required/maximum output code units or bytes named by the operation	not_applicable	no overlap guarantee beyond pinned declaration; nil slice is empty input	not_applicable: no utf32_length_from_latin1 occurrence under src/fallback or include/simdutf/scalar at pinned tree	not_applicable: no utf32_length_from_latin1 occurrence under src/westmere or src/haswell at pinned tree	not_applicable: no utf32_length_from_latin1 occurrence under src/arm64 at pinned tree	tests/convert_latin1_to_utf32_tests.cpp;tests/null_safety_tests.cpp;tests/random_fuzzer.cpp	fuzz/conversion.cpp;fuzz/roundtrip.cpp	not_applicable: no utf32_length_from_latin1 occurrence under benchmarks at pinned tree	implemented	611becc-current-api	not_applicable
Transcoding/length	simdutf::convert_utf32_to_utf16be	size_t (const char32_t *, size_t, char16_t *) noexcept	include/simdutf/implementation.h:3399	SIMDUTF_FEATURE_UTF16 && SIMDUTF_FEATURE_UTF32	mapped one-to-one	ConvertUTF32ToUTF16BE	func ConvertUTF32ToUTF16BE(input []uint32, dst []uint16) int	UTF-32 code units ([]uint32)	UTF-16 code units ([]uint16; LE/BE names are raw storage)	int	number of output code units/bytes written	caller supplies destination sized by the corresponding pinned length helper; Go wrapper panics stably before out-of-bounds store	no overlap guarantee beyond pinned declaration; nil slice is empty input	src/fallback/implementation.cpp	src/haswell/implementation.cpp;src/westmere/implementation.cpp	src/arm64/implementation.cpp	tests/CMakeLists.txt;tests/bele_tests.cpp;tests/convert_utf32_to_utf16be_tests.cpp;tests/convert_utf32_to_utf16be_with_errors_tests.cpp;tests/null_safety_tests.cpp	fuzz/conversion.cpp;fuzz_transcoding_length_test.go (planned direct scalar-differential target for ConvertUTF32ToUTF16BE)	benchmarks/shortbench.cpp;benchmarks/src/benchmark.cpp	planned	future-upstream-api	not_applicable
Transcoding/length	simdutf::convert_utf32_to_utf16_with_errors	result (const char32_t *, size_t, char16_t *) noexcept	include/simdutf/implementation.h:3435	SIMDUTF_FEATURE_UTF16 && SIMDUTF_FEATURE_UTF32	mapped one-to-one	ConvertUTF32ToUTF16WithErrors	func ConvertUTF32ToUTF16WithErrors(input []uint32, dst []uint16) Result	UTF-32 code units ([]uint32)	UTF-16 code units ([]uint16; LE/BE names are raw storage)	Result	Count is output code units on success and input error position on failure	caller supplies destination sized by the corresponding pinned length helper; Go wrapper panics stably before out-of-bounds store	no overlap guarantee beyond pinned declaration; nil slice is empty input	include/simdutf/implementation.h:3435; native-endian delegate to simdutf::convert_utf32_to_utf16le_with_errors or simdutf::convert_utf32_to_utf16be_with_errors	not_applicable: native wrapper delegates to the explicit UTF16LE/UTF16BE ISA row; no duplicate native assembly symbol	not_applicable: native wrapper delegates to the explicit UTF16LE/UTF16BE ISA row; no duplicate native assembly symbol	tests/convert_utf32_to_utf16le_with_errors_tests.cpp	not_applicable: no convert_utf32_to_utf16_with_errors occurrence under fuzz at pinned tree	benchmarks/src/benchmark.cpp;benchmarks/src/benchmark.h	planned	future-upstream-api	not_applicable
Transcoding/length	simdutf::convert_utf32_to_utf16le_with_errors	result (const char32_t *, size_t, char16_t *) noexcept	include/simdutf/implementation.h:3470	SIMDUTF_FEATURE_UTF16 && SIMDUTF_FEATURE_UTF32	mapped one-to-one	ConvertUTF32ToUTF16LEWithErrors	func ConvertUTF32ToUTF16LEWithErrors(input []uint32, dst []uint16) Result	UTF-32 code units ([]uint32)	UTF-16 code units ([]uint16; LE/BE names are raw storage)	Result	Count is output code units on success and input error position on failure	caller supplies destination sized by the corresponding pinned length helper; Go wrapper panics stably before out-of-bounds store	no overlap guarantee beyond pinned declaration; nil slice is empty input	src/fallback/implementation.cpp	src/haswell/implementation.cpp;src/westmere/implementation.cpp	src/arm64/implementation.cpp	tests/CMakeLists.txt;tests/basic_fuzzer.cpp;tests/convert_utf32_to_utf16le_with_errors_tests.cpp	fuzz/conversion.cpp;fuzz_transcoding_length_test.go (planned direct scalar-differential target for ConvertUTF32ToUTF16LEWithErrors)	benchmarks/src/benchmark.cpp	planned	future-upstream-api	not_applicable
Transcoding/length	simdutf::convert_utf32_to_utf16be_with_errors	result (const char32_t *, size_t, char16_t *) noexcept	include/simdutf/implementation.h:3506	SIMDUTF_FEATURE_UTF16 && SIMDUTF_FEATURE_UTF32	mapped one-to-one	ConvertUTF32ToUTF16BEWithErrors	func ConvertUTF32ToUTF16BEWithErrors(input []uint32, dst []uint16) Result	UTF-32 code units ([]uint32)	UTF-16 code units ([]uint16; LE/BE names are raw storage)	Result	Count is output code units on success and input error position on failure	caller supplies destination sized by the corresponding pinned length helper; Go wrapper panics stably before out-of-bounds store	no overlap guarantee beyond pinned declaration; nil slice is empty input	src/fallback/implementation.cpp	src/haswell/implementation.cpp;src/westmere/implementation.cpp	src/arm64/implementation.cpp	tests/CMakeLists.txt;tests/convert_utf32_to_utf16be_with_errors_tests.cpp	fuzz/conversion.cpp;fuzz_transcoding_length_test.go (planned direct scalar-differential target for ConvertUTF32ToUTF16BEWithErrors)	benchmarks/src/benchmark.cpp	planned	future-upstream-api	not_applicable
Transcoding/length	simdutf::convert_valid_utf32_to_utf16	size_t (const char32_t *, size_t, char16_t *) noexcept	include/simdutf/implementation.h:3539	SIMDUTF_FEATURE_UTF16 && SIMDUTF_FEATURE_UTF32	mapped one-to-one	ConvertValidUTF32ToUTF16	func ConvertValidUTF32ToUTF16(input []uint32, dst []uint16) int	UTF-32 code units ([]uint32)	UTF-16 code units ([]uint16; LE/BE names are raw storage)	int	number of output code units/bytes written	caller supplies destination sized by the corresponding pinned length helper; Go wrapper panics stably before out-of-bounds store	no overlap guarantee beyond pinned declaration; nil slice is empty input	include/simdutf/implementation.h:3539; native-endian delegate to simdutf::convert_valid_utf32_to_utf16le or simdutf::convert_valid_utf32_to_utf16be	not_applicable: native wrapper delegates to the explicit UTF16LE/UTF16BE ISA row; no duplicate native assembly symbol	not_applicable: native wrapper delegates to the explicit UTF16LE/UTF16BE ISA row; no duplicate native assembly symbol	tests/CMakeLists.txt;tests/convert_valid_utf32_to_utf16be_tests.cpp;tests/convert_valid_utf32_to_utf16le_tests.cpp;tests/null_safety_tests.cpp	fuzz/conversion.cpp	benchmarks/src/benchmark.cpp;benchmarks/src/benchmark.h	planned	future-upstream-api	not_applicable
Transcoding/length	simdutf::convert_valid_utf32_to_utf16le	size_t (const char32_t *, size_t, char16_t *) noexcept	include/simdutf/implementation.h:3574	SIMDUTF_FEATURE_UTF16 && SIMDUTF_FEATURE_UTF32	mapped one-to-one	ConvertValidUTF32ToUTF16LE	func ConvertValidUTF32ToUTF16LE(input []uint32, dst []uint16) int	UTF-32 code units ([]uint32)	UTF-16 code units ([]uint16; LE/BE names are raw storage)	int	number of output code units/bytes written	caller supplies destination sized by the corresponding pinned length helper; Go wrapper panics stably before out-of-bounds store	no overlap guarantee beyond pinned declaration; nil slice is empty input	src/fallback/implementation.cpp	src/haswell/implementation.cpp;src/westmere/implementation.cpp	src/arm64/implementation.cpp	tests/CMakeLists.txt;tests/convert_valid_utf32_to_utf16le_tests.cpp;tests/null_safety_tests.cpp	fuzz/conversion.cpp;fuzz_transcoding_length_test.go (planned direct scalar-differential target for ConvertValidUTF32ToUTF16LE)	benchmarks/src/benchmark.cpp	planned	future-upstream-api	not_applicable
Transcoding/length	simdutf::convert_valid_utf32_to_utf16be	size_t (const char32_t *, size_t, char16_t *) noexcept	include/simdutf/implementation.h:3608	SIMDUTF_FEATURE_UTF16 && SIMDUTF_FEATURE_UTF32	mapped one-to-one	ConvertValidUTF32ToUTF16BE	func ConvertValidUTF32ToUTF16BE(input []uint32, dst []uint16) int	UTF-32 code units ([]uint32)	UTF-16 code units ([]uint16; LE/BE names are raw storage)	int	number of output code units/bytes written	caller supplies destination sized by the corresponding pinned length helper; Go wrapper panics stably before out-of-bounds store	no overlap guarantee beyond pinned declaration; nil slice is empty input	src/fallback/implementation.cpp	src/haswell/implementation.cpp;src/westmere/implementation.cpp	src/arm64/implementation.cpp	tests/CMakeLists.txt;tests/convert_valid_utf32_to_utf16be_tests.cpp;tests/null_safety_tests.cpp	fuzz/conversion.cpp;fuzz_transcoding_length_test.go (planned direct scalar-differential target for ConvertValidUTF32ToUTF16BE)	benchmarks/src/benchmark.cpp	planned	future-upstream-api	not_applicable
UTF-16	simdutf::change_endianness_utf16	void (const char16_t *, size_t, char16_t *) noexcept	include/simdutf/implementation.h:3644	SIMDUTF_FEATURE_UTF16	mapped one-to-one	ChangeEndiannessUTF16	func ChangeEndiannessUTF16(input, dst []uint16)	UTF-16 code units ([]uint16; LE/BE names are raw storage)	UTF-16 code units ([]uint16; LE/BE names are raw storage)	no return	not_applicable	caller supplies destination sized by the corresponding pinned length helper; Go wrapper panics stably before out-of-bounds store	input and output may be identical as documented	include/simdutf/scalar/utf16.h;src/fallback/implementation.cpp	src/haswell/implementation.cpp;src/westmere/implementation.cpp	src/arm64/implementation.cpp	tests/helpers/compiletime_conversions.h;tests/helpers/random_utf16.cpp;tests/null_safety_tests.cpp	fuzz/misc.cpp;fuzz_utf_16_test.go (planned direct scalar-differential target for ChangeEndiannessUTF16)	not_applicable: no change_endianness_utf16 occurrence under benchmarks at pinned tree	planned	future-upstream-api	not_applicable
Transcoding/length	simdutf::utf8_length_from_utf32	size_t (const char32_t *, size_t) noexcept	include/simdutf/implementation.h:3676	SIMDUTF_FEATURE_UTF8 && SIMDUTF_FEATURE_UTF32	mapped one-to-one	UTF8LengthFromUTF32	func UTF8LengthFromUTF32(input []uint32) int	UTF-32 code units ([]uint32)	none	int	required/maximum output code units or bytes named by the operation	not_applicable	no overlap guarantee beyond pinned declaration; nil slice is empty input	include/simdutf/scalar/utf32.h;src/fallback/implementation.cpp	src/haswell/implementation.cpp;src/westmere/implementation.cpp	src/arm64/implementation.cpp	tests/basic_fuzzer.cpp;tests/convert_utf32_to_utf8_tests.cpp;tests/convert_utf32_to_utf8_with_errors_tests.cpp;tests/convert_valid_utf32_to_utf8_tests.cpp;tests/null_safety_tests.cpp;tests/random_fuzzer.cpp;tests/special_tests.cpp	fuzz/conversion.cpp;fuzz/roundtrip.cpp;fuzz_transcoding_length_test.go (planned direct scalar-differential target for UTF8LengthFromUTF32)	benchmarks/shortbench.cpp;benchmarks/src/benchmark.cpp;benchmarks/src/benchmark.h	planned	future-upstream-api	not_applicable
Transcoding/length	simdutf::utf16_length_from_utf32	size_t (const char32_t *, size_t) noexcept	include/simdutf/implementation.h:3707	SIMDUTF_FEATURE_UTF16 && SIMDUTF_FEATURE_UTF32	mapped one-to-one	UTF16LengthFromUTF32	func UTF16LengthFromUTF32(input []uint32) int	UTF-32 code units ([]uint32)	none	int	required/maximum output code units or bytes named by the operation	not_applicable	no overlap guarantee beyond pinned declaration; nil slice is empty input	include/simdutf/scalar/utf32.h;src/fallback/implementation.cpp	src/haswell/implementation.cpp;src/westmere/implementation.cpp	src/arm64/implementation.cpp	tests/basic_fuzzer.cpp;tests/convert_utf32_to_utf16be_tests.cpp;tests/convert_utf32_to_utf16be_with_errors_tests.cpp;tests/convert_utf32_to_utf16le_tests.cpp;tests/convert_utf32_to_utf16le_with_errors_tests.cpp;tests/convert_valid_utf32_to_utf16be_tests.cpp;tests/convert_valid_utf32_to_utf16le_tests.cpp;tests/null_safety_tests.cpp	fuzz/conversion.cpp;fuzz_transcoding_length_test.go (planned direct scalar-differential target for UTF16LengthFromUTF32)	benchmarks/shortbench.cpp	planned	future-upstream-api	not_applicable
Transcoding/length	simdutf::utf32_length_from_utf16	size_t (const char16_t *, size_t) noexcept	include/simdutf/implementation.h:3740	SIMDUTF_FEATURE_UTF16 && SIMDUTF_FEATURE_UTF32	mapped one-to-one	UTF32LengthFromUTF16	func UTF32LengthFromUTF16(input []uint16) int	UTF-16 code units ([]uint16; LE/BE names are raw storage)	none	int	required/maximum output code units or bytes named by the operation	not_applicable	no overlap guarantee beyond pinned declaration; nil slice is empty input	include/simdutf/implementation.h:3740; native-endian delegate to simdutf::utf32_length_from_utf16le or simdutf::utf32_length_from_utf16be	not_applicable: native wrapper delegates to the explicit UTF16LE/UTF16BE ISA row; no duplicate native assembly symbol	not_applicable: native wrapper delegates to the explicit UTF16LE/UTF16BE ISA row; no duplicate native assembly symbol	tests/basic_fuzzer.cpp;tests/convert_utf16be_to_utf32_tests.cpp;tests/convert_utf16be_to_utf32_with_errors_tests.cpp;tests/convert_utf16le_to_utf32_tests.cpp;tests/convert_utf16le_to_utf32_with_errors_tests.cpp;tests/convert_valid_utf16be_to_utf32_tests.cpp;tests/convert_valid_utf16le_to_utf32_tests.cpp;tests/null_safety_tests.cpp	fuzz/conversion.cpp	benchmarks/shortbench.cpp;benchmarks/src/benchmark.cpp	planned	future-upstream-api	not_applicable
Transcoding/length	simdutf::utf32_length_from_utf16le	size_t (const char16_t *, size_t) noexcept	include/simdutf/implementation.h:3773	SIMDUTF_FEATURE_UTF16 && SIMDUTF_FEATURE_UTF32	mapped one-to-one	UTF32LengthFromUTF16LE	func UTF32LengthFromUTF16LE(input []uint16) int	UTF-16 code units ([]uint16; LE/BE names are raw storage)	none	int	required/maximum output code units or bytes named by the operation	not_applicable	no overlap guarantee beyond pinned declaration; nil slice is empty input	src/fallback/implementation.cpp	src/haswell/implementation.cpp;src/westmere/implementation.cpp	src/arm64/implementation.cpp	tests/basic_fuzzer.cpp;tests/convert_utf16be_to_utf32_with_errors_tests.cpp;tests/convert_utf16le_to_utf32_tests.cpp;tests/convert_utf16le_to_utf32_with_errors_tests.cpp;tests/convert_valid_utf16be_to_utf32_tests.cpp;tests/convert_valid_utf16le_to_utf32_tests.cpp;tests/null_safety_tests.cpp	fuzz/conversion.cpp;fuzz_transcoding_length_test.go (planned direct scalar-differential target for UTF32LengthFromUTF16LE)	benchmarks/src/benchmark.cpp	planned	future-upstream-api	not_applicable
Transcoding/length	simdutf::utf32_length_from_utf16be	size_t (const char16_t *, size_t) noexcept	include/simdutf/implementation.h:3807	SIMDUTF_FEATURE_UTF16 && SIMDUTF_FEATURE_UTF32	mapped one-to-one	UTF32LengthFromUTF16BE	func UTF32LengthFromUTF16BE(input []uint16) int	UTF-16 code units ([]uint16; LE/BE names are raw storage)	none	int	required/maximum output code units or bytes named by the operation	not_applicable	no overlap guarantee beyond pinned declaration; nil slice is empty input	src/fallback/implementation.cpp	src/haswell/implementation.cpp;src/westmere/implementation.cpp	src/arm64/implementation.cpp	tests/convert_utf16be_to_utf32_tests.cpp;tests/convert_utf16be_to_utf32_with_errors_tests.cpp;tests/null_safety_tests.cpp	fuzz/conversion.cpp;fuzz_transcoding_length_test.go (planned direct scalar-differential target for UTF32LengthFromUTF16BE)	not_applicable: no utf32_length_from_utf16be occurrence under benchmarks at pinned tree	planned	future-upstream-api	not_applicable
UTF-16	simdutf::count_utf16	size_t (const char16_t *, size_t) noexcept	include/simdutf/implementation.h:3842	SIMDUTF_FEATURE_UTF16	mapped one-to-one	CountUTF16	func CountUTF16(input []uint16) int	UTF-16 code units ([]uint16; LE/BE names are raw storage)	none	int	Unicode scalar count	not_applicable	no overlap guarantee beyond pinned declaration; nil slice is empty input	include/simdutf/implementation.h:3842; native-endian delegate to simdutf::count_utf16le or simdutf::count_utf16be	not_applicable: native wrapper delegates to the explicit UTF16LE/UTF16BE ISA row; no duplicate native assembly symbol	not_applicable: native wrapper delegates to the explicit UTF16LE/UTF16BE ISA row; no duplicate native assembly symbol	tests/CMakeLists.txt;tests/bele_tests.cpp;tests/count_utf16be.cpp;tests/count_utf16le.cpp;tests/null_safety_tests.cpp;tests/simdutf_c_tests.cpp;tests/straight_c_test.c	fuzz/conversion.cpp	benchmarks/shortbench.cpp;benchmarks/src/benchmark.cpp;benchmarks/src/benchmark.h;benchmarks/stream.cpp	planned	future-upstream-api	not_applicable
UTF-16	simdutf::count_utf16le	size_t (const char16_t *, size_t) noexcept	include/simdutf/implementation.h:3873	SIMDUTF_FEATURE_UTF16	mapped one-to-one	CountUTF16LE	func CountUTF16LE(input []uint16) int	UTF-16 code units ([]uint16; LE/BE names are raw storage)	none	int	Unicode scalar count	not_applicable	no overlap guarantee beyond pinned declaration; nil slice is empty input	src/fallback/implementation.cpp	src/haswell/implementation.cpp;src/westmere/implementation.cpp	src/arm64/implementation.cpp	tests/CMakeLists.txt;tests/bele_tests.cpp;tests/count_utf16le.cpp;tests/null_safety_tests.cpp	fuzz/conversion.cpp;fuzz_utf_16_test.go (planned direct scalar-differential target for CountUTF16LE)	benchmarks/src/benchmark.cpp;benchmarks/src/benchmark.h;benchmarks/stream.cpp	planned	future-upstream-api	not_applicable
UTF-16	simdutf::count_utf16be	size_t (const char16_t *, size_t) noexcept	include/simdutf/implementation.h:3904	SIMDUTF_FEATURE_UTF16	mapped one-to-one	CountUTF16BE	func CountUTF16BE(input []uint16) int	UTF-16 code units ([]uint16; LE/BE names are raw storage)	none	int	Unicode scalar count	not_applicable	no overlap guarantee beyond pinned declaration; nil slice is empty input	src/fallback/implementation.cpp	src/haswell/implementation.cpp;src/westmere/implementation.cpp	src/arm64/implementation.cpp	tests/CMakeLists.txt;tests/bele_tests.cpp;tests/count_utf16be.cpp;tests/null_safety_tests.cpp	fuzz/conversion.cpp;fuzz_utf_16_test.go (planned direct scalar-differential target for CountUTF16BE)	not_applicable: no count_utf16be occurrence under benchmarks at pinned tree	planned	future-upstream-api	not_applicable
UTF-8	simdutf::count_utf8	size_t (const char *, size_t) noexcept	include/simdutf/implementation.h:3935	SIMDUTF_FEATURE_UTF8	mapped one-to-one	CountUTF8	func CountUTF8(input []byte) int	bytes ([]byte)	none	int	Unicode scalar count	not_applicable	no overlap guarantee beyond pinned declaration; nil slice is empty input	src/fallback/implementation.cpp	src/haswell/implementation.cpp;src/westmere/implementation.cpp	src/arm64/implementation.cpp	tests/CMakeLists.txt;tests/bele_tests.cpp;tests/count_utf8.cpp;tests/nostdlibcxx_c_api_test.c;tests/null_safety_tests.cpp;tests/simdutf_c_tests.cpp;tests/straight_c_test.c	fuzz/conversion.cpp;fuzz_utf_8_test.go (planned direct scalar-differential target for CountUTF8)	benchmarks/alignment.cpp;benchmarks/shortbench.cpp;benchmarks/src/benchmark.cpp;benchmarks/src/benchmark.h;benchmarks/stream.cpp	implemented	611becc-current-api	not_applicable
UTF-8	simdutf::trim_partial_utf8	size_t (const char *, size_t)	include/simdutf/implementation.h:3967	SIMDUTF_FEATURE_UTF8	mapped one-to-one	TrimPartialUTF8	func TrimPartialUTF8(input []byte) int	bytes ([]byte)	none	int	returned prefix length in input code units	not_applicable	no overlap guarantee beyond pinned declaration; nil slice is empty input	include/simdutf/scalar/utf8.h	not_applicable: no trim_partial_utf8 occurrence under src/westmere or src/haswell at pinned tree	not_applicable: no trim_partial_utf8 occurrence under src/arm64 at pinned tree	tests/readme_tests.cpp	fuzz/misc.cpp	benchmarks/stream.cpp	implemented	611becc-current-api	not_applicable
UTF-16	simdutf::trim_partial_utf16be	size_t (const char16_t *, size_t)	include/simdutf/implementation.h:4002	SIMDUTF_FEATURE_UTF16	mapped one-to-one	TrimPartialUTF16BE	func TrimPartialUTF16BE(input []uint16) int	UTF-16 code units ([]uint16; LE/BE names are raw storage)	none	int	returned prefix length in input code units	not_applicable	no overlap guarantee beyond pinned declaration; nil slice is empty input	not_applicable: no trim_partial_utf16be occurrence under src/fallback or include/simdutf/scalar at pinned tree	not_applicable: no trim_partial_utf16be occurrence under src/westmere or src/haswell at pinned tree	not_applicable: no trim_partial_utf16be occurrence under src/arm64 at pinned tree	tests/readme_tests.cpp	fuzz/misc.cpp	not_applicable: no trim_partial_utf16be occurrence under benchmarks at pinned tree	planned	future-upstream-api	not_applicable
UTF-16	simdutf::trim_partial_utf16le	size_t (const char16_t *, size_t)	include/simdutf/implementation.h:4034	SIMDUTF_FEATURE_UTF16	mapped one-to-one	TrimPartialUTF16LE	func TrimPartialUTF16LE(input []uint16) int	UTF-16 code units ([]uint16; LE/BE names are raw storage)	none	int	returned prefix length in input code units	not_applicable	no overlap guarantee beyond pinned declaration; nil slice is empty input	not_applicable: no trim_partial_utf16le occurrence under src/fallback or include/simdutf/scalar at pinned tree	not_applicable: no trim_partial_utf16le occurrence under src/westmere or src/haswell at pinned tree	not_applicable: no trim_partial_utf16le occurrence under src/arm64 at pinned tree	tests/readme_tests.cpp	fuzz/misc.cpp	not_applicable: no trim_partial_utf16le occurrence under benchmarks at pinned tree	planned	future-upstream-api	not_applicable
UTF-16	simdutf::trim_partial_utf16	size_t (const char16_t *, size_t)	include/simdutf/implementation.h:4066	SIMDUTF_FEATURE_UTF16	mapped one-to-one	TrimPartialUTF16	func TrimPartialUTF16(input []uint16) int	UTF-16 code units ([]uint16; LE/BE names are raw storage)	none	int	returned prefix length in input code units	not_applicable	no overlap guarantee beyond pinned declaration; nil slice is empty input	include/simdutf/implementation.h:4066; native-endian delegate to simdutf::trim_partial_utf16le or simdutf::trim_partial_utf16be	not_applicable: native wrapper delegates to the explicit UTF16LE/UTF16BE ISA row; no duplicate native assembly symbol	not_applicable: native wrapper delegates to the explicit UTF16LE/UTF16BE ISA row; no duplicate native assembly symbol	tests/readme_tests.cpp	fuzz/misc.cpp	benchmarks/stream.cpp	planned	future-upstream-api	not_applicable
Shared helper	simdutf::is_partial	bool (last_chunk_handling_options)	include/simdutf/implementation.h:4135	SIMDUTF_FEATURE_BASE64	mapped one-to-one	IsPartial	func IsPartial(options LastChunkHandlingOptions) bool	LastChunkHandlingOptions value	none	bool	true only for stop_before_partial and only_full_chunks; false for loose and strict	not_applicable	no overlap guarantee beyond pinned declaration; nil slice is empty input	include/simdutf/implementation.h:4135-4138	not_applicable: inline option helper	not_applicable: inline option helper	tests; exact four-value truth-table test required in Go	not_applicable: finite four-value table	not_applicable: option helper has no upstream benchmark procedure	implemented	611becc-current-api	not_applicable
Find	simdutf::find	const char *(const char *, const char *, char) noexcept	include/simdutf/implementation.h:4158	SIMDUTF_FEATURE_BASE64	mapped one-to-one	Find	func Find(input []byte, value byte) int	bytes ([]byte)	none	int	zero-based input byte index of the first match; absent value returns len(input)	not_applicable	no overlap guarantee beyond pinned declaration; nil slice is empty input	src/fallback/implementation.cpp;src/generic/find.h	src/westmere/implementation.cpp;src/haswell/implementation.cpp;src/generic/find.h	src/arm64/implementation.cpp;src/arm64/arm_find.cpp;src/generic/find.h	tests/find_tests.cpp	fuzz/find.cpp;fuzz_find_test.go (planned direct scalar-differential target)	benchmarks/find/findbenchmark.cpp	planned	future-upstream-api	not_applicable
Find	simdutf::find	const char16_t *(const char16_t *, const char16_t *, char16_t) noexcept	include/simdutf/implementation.h:4172	SIMDUTF_FEATURE_BASE64	split width-distinct overload with UTF16 suffix	FindUTF16	func FindUTF16(input []uint16, value uint16) int	UTF-16 code units ([]uint16; LE/BE names are raw storage)	none	int	zero-based input UTF-16 code-unit index of the first match; absent value returns len(input)	not_applicable	no overlap guarantee beyond pinned declaration; nil slice is empty input	src/fallback/implementation.cpp;src/generic/find.h	src/westmere/implementation.cpp;src/haswell/implementation.cpp;src/generic/find.h	src/arm64/implementation.cpp;src/arm64/arm_find.cpp;src/generic/find.h	tests/find_tests.cpp	fuzz/find.cpp;fuzz_find_test.go (planned direct scalar-differential target)	not_applicable: pinned findbenchmark and shortbench find_equal call only the const char overload; no char16_t find benchmark exists	planned	future-upstream-api	not_applicable
Base64	simdutf::maximal_binary_length_from_base64	size_t (const char *, size_t) noexcept	include/simdutf/implementation.h:4244	SIMDUTF_FEATURE_BASE64	mapped one-to-one	MaximalBinaryLengthFromBase64	func MaximalBinaryLengthFromBase64(input []byte) int	bytes ([]byte)	none	int	required/maximum output code units or bytes named by the operation	not_applicable	no overlap guarantee beyond pinned declaration; nil slice is empty input	include/simdutf/scalar/base64.h	not_applicable: no maximal_binary_length_from_base64 occurrence under src/westmere or src/haswell at pinned tree	not_applicable: no maximal_binary_length_from_base64 occurrence under src/arm64 at pinned tree	tests/atomic_base64_tests.cpp;tests/base64_tests.cpp;tests/constexpr_base64_tests.cpp;tests/null_safety_tests.cpp;tests/random_fuzzer.cpp;tests/readme_tests.cpp;tests/simdutf_c_tests.cpp;tests/straight_c_test.c	fuzz/base64.cpp;fuzz/base64_details.cpp;fuzz/roundtrip.cpp	benchmarks/base64/benchmark_base64.cpp	planned	future-upstream-api	not_applicable
Base64	simdutf::maximal_binary_length_from_base64	size_t (const char16_t *, size_t) noexcept	include/simdutf/implementation.h:4276	SIMDUTF_FEATURE_BASE64	split width-distinct Base64 input overload with UTF16 suffix	MaximalBinaryLengthFromBase64UTF16	func MaximalBinaryLengthFromBase64UTF16(input []uint16) int	UTF-16 code units ([]uint16; LE/BE names are raw storage)	none	int	required/maximum output code units or bytes named by the operation	not_applicable	no overlap guarantee beyond pinned declaration; nil slice is empty input	include/simdutf/scalar/base64.h	not_applicable: no maximal_binary_length_from_base64 occurrence under src/westmere or src/haswell at pinned tree	not_applicable: no maximal_binary_length_from_base64 occurrence under src/arm64 at pinned tree	tests/atomic_base64_tests.cpp;tests/base64_tests.cpp;tests/constexpr_base64_tests.cpp;tests/null_safety_tests.cpp;tests/random_fuzzer.cpp;tests/readme_tests.cpp;tests/simdutf_c_tests.cpp;tests/straight_c_test.c	fuzz/base64.cpp;fuzz/base64_details.cpp;fuzz/roundtrip.cpp	not_applicable: pinned Base64 benchmarks call only the const char overload; no char16_t maximal-length benchmark exists	planned	future-upstream-api	not_applicable
Base64	simdutf::binary_length_from_base64	size_t (const char *, size_t) noexcept	include/simdutf/implementation.h:4307	SIMDUTF_FEATURE_BASE64	mapped one-to-one	BinaryLengthFromBase64	func BinaryLengthFromBase64(input []byte) int	bytes ([]byte)	none	int	required/maximum output code units or bytes named by the operation	not_applicable	no overlap guarantee beyond pinned declaration; nil slice is empty input	include/simdutf/scalar/base64.h	src/haswell/avx2_base64.cpp;src/haswell/implementation.cpp;src/westmere/implementation.cpp	src/arm64/implementation.cpp	tests/atomic_base64_tests.cpp;tests/base64_tests.cpp;tests/constexpr_base64_tests.cpp;tests/null_safety_tests.cpp;tests/random_fuzzer.cpp;tests/readme_tests.cpp;tests/simdutf_c_tests.cpp;tests/straight_c_test.c	fuzz/base64.cpp;fuzz/base64_details.cpp;fuzz/roundtrip.cpp;fuzz_base64_test.go (planned direct scalar-differential target for BinaryLengthFromBase64)	benchmarks/base64/benchmark_base64.cpp	planned	future-upstream-api	not_applicable
Base64	simdutf::binary_length_from_base64	size_t (const char16_t *, size_t) noexcept	include/simdutf/implementation.h:4341	SIMDUTF_FEATURE_BASE64	split width-distinct Base64 input overload with UTF16 suffix	BinaryLengthFromBase64UTF16	func BinaryLengthFromBase64UTF16(input []uint16) int	UTF-16 code units ([]uint16; LE/BE names are raw storage)	none	int	required/maximum output code units or bytes named by the operation	not_applicable	no overlap guarantee beyond pinned declaration; nil slice is empty input	include/simdutf/scalar/base64.h	src/haswell/avx2_base64.cpp;src/haswell/implementation.cpp;src/westmere/implementation.cpp	src/arm64/implementation.cpp	tests/atomic_base64_tests.cpp;tests/base64_tests.cpp;tests/constexpr_base64_tests.cpp;tests/null_safety_tests.cpp;tests/random_fuzzer.cpp;tests/readme_tests.cpp;tests/simdutf_c_tests.cpp;tests/straight_c_test.c	fuzz/base64.cpp;fuzz/base64_details.cpp;fuzz/roundtrip.cpp;fuzz_base64_test.go (planned direct scalar-differential target for BinaryLengthFromBase64UTF16)	not_applicable: pinned Base64 benchmarks call only the const char overload; no char16_t exact-length benchmark exists	planned	future-upstream-api	not_applicable
Base64	simdutf::base64_to_binary	result (const char *, size_t, char *, base64_options, last_chunk_handling_options) noexcept	include/simdutf/implementation.h:4412	SIMDUTF_FEATURE_BASE64	mapped one-to-one	Base64ToBinary	func Base64ToBinary(input []byte, dst []byte, options Base64Options, lastChunk LastChunkHandlingOptions) Result	bytes ([]byte)	bytes ([]byte)	Result	Count is output bytes on success and input code-unit position on failure	caller supplies destination sized by the corresponding pinned length helper; Go wrapper panics stably before out-of-bounds store	no overlap guarantee beyond pinned declaration; nil slice is empty input	include/simdutf/scalar/base64.h;src/fallback/implementation.cpp	src/haswell/implementation.cpp;src/westmere/implementation.cpp	src/arm64/implementation.cpp	tests/atomic_base64_tests.cpp;tests/base64_tests.cpp;tests/constexpr_base64_tests.cpp;tests/nostdlibcxx_c_api_test.c;tests/null_safety_tests.cpp;tests/random_fuzzer.cpp;tests/readme_tests.cpp;tests/simdutf_c_tests.cpp;tests/straight_c_test.c	fuzz/atomic_base64.cpp;fuzz/base64.cpp;fuzz/base64_details.cpp;fuzz/roundtrip.cpp;fuzz_base64_test.go (planned direct scalar-differential target for Base64ToBinary)	benchmarks/base64/arm_base64_spaces.h;benchmarks/base64/benchmark_base64.cpp;benchmarks/shortbench.cpp	planned	future-upstream-api	not_applicable
Base64	simdutf::base64_to_binary	result (const char16_t *, size_t, char *, base64_options, last_chunk_handling_options) noexcept	include/simdutf/implementation.h:4674	SIMDUTF_FEATURE_BASE64	split width-distinct Base64 input overload with UTF16 suffix	Base64ToBinaryUTF16	func Base64ToBinaryUTF16(input []uint16, dst []byte, options Base64Options, lastChunk LastChunkHandlingOptions) Result	UTF-16 code units ([]uint16; LE/BE names are raw storage)	bytes ([]byte)	Result	Count is output bytes on success and input code-unit position on failure	caller supplies destination sized by the corresponding pinned length helper; Go wrapper panics stably before out-of-bounds store	no overlap guarantee beyond pinned declaration; nil slice is empty input	include/simdutf/scalar/base64.h;src/fallback/implementation.cpp	src/haswell/implementation.cpp;src/westmere/implementation.cpp	src/arm64/implementation.cpp	tests/atomic_base64_tests.cpp;tests/base64_tests.cpp;tests/constexpr_base64_tests.cpp;tests/nostdlibcxx_c_api_test.c;tests/null_safety_tests.cpp;tests/random_fuzzer.cpp;tests/readme_tests.cpp;tests/simdutf_c_tests.cpp;tests/straight_c_test.c	fuzz/atomic_base64.cpp;fuzz/base64.cpp;fuzz/base64_details.cpp;fuzz/roundtrip.cpp;fuzz_base64_test.go (planned direct scalar-differential target for Base64ToBinaryUTF16)	not_applicable: pinned Base64 benchmarks decode only const char input; no char16_t decode benchmark exists	planned	future-upstream-api	not_applicable
Base64	simdutf::base64_length_from_binary	size_t (size_t, base64_options) noexcept	include/simdutf/implementation.h:4446	SIMDUTF_FEATURE_BASE64	mapped one-to-one	Base64LengthFromBinary	func Base64LengthFromBinary(length int, options Base64Options) int	byte count (int)	none	int	required/maximum output code units or bytes named by the operation	not_applicable	no overlap guarantee beyond pinned declaration; nil slice is empty input	include/simdutf/scalar/base64.h	not_applicable: no base64_length_from_binary occurrence under src/westmere or src/haswell at pinned tree	not_applicable: no base64_length_from_binary occurrence under src/arm64 at pinned tree	tests/atomic_base64_tests.cpp;tests/base64_tests.cpp;tests/constexpr_base64_tests.cpp;tests/null_safety_tests.cpp;tests/random_fuzzer.cpp;tests/simdutf_c_tests.cpp;tests/straight_c_test.c	fuzz/base64.cpp;fuzz/roundtrip.cpp	benchmarks/base64/benchmark_base64.cpp	planned	future-upstream-api	not_applicable
Base64	simdutf::base64_length_from_binary_with_lines	size_t (size_t, base64_options, size_t) noexcept	include/simdutf/implementation.h:4462	SIMDUTF_FEATURE_BASE64	mapped one-to-one	Base64LengthFromBinaryWithLines	func Base64LengthFromBinaryWithLines(length int, options Base64Options, lineLength int) int	byte count (int)	none	int	required/maximum output code units or bytes named by the operation	not_applicable	no overlap guarantee beyond pinned declaration; nil slice is empty input	include/simdutf/scalar/base64.h	not_applicable: no base64_length_from_binary_with_lines occurrence under src/westmere or src/haswell at pinned tree	not_applicable: no base64_length_from_binary_with_lines occurrence under src/arm64 at pinned tree	tests/base64_tests.cpp;tests/constexpr_base64_tests.cpp;tests/simdutf_c_tests.cpp;tests/straight_c_test.c	fuzz/base64.cpp	benchmarks/base64/benchmark_base64.cpp	planned	future-upstream-api	not_applicable
Base64	simdutf::binary_to_base64	size_t (const char *, size_t, char *, base64_options) noexcept	include/simdutf/implementation.h:4490	SIMDUTF_FEATURE_BASE64	mapped one-to-one	BinaryToBase64	func BinaryToBase64(input, dst []byte, options Base64Options) int	bytes ([]byte)	bytes ([]byte)	int	number of output code units/bytes written	caller supplies destination sized by the corresponding pinned length helper; Go wrapper panics stably before out-of-bounds store	no overlap guarantee beyond pinned declaration; nil slice is empty input	src/fallback/implementation.cpp	src/haswell/implementation.cpp;src/westmere/implementation.cpp	src/arm64/implementation.cpp	tests/atomic_base64_tests.cpp;tests/base64_tests.cpp;tests/constexpr_base64_tests.cpp;tests/nostdlibcxx_c_api_test.c;tests/null_safety_tests.cpp;tests/random_fuzzer.cpp;tests/simdutf_c_tests.cpp;tests/straight_c_test.c	fuzz/base64.cpp;fuzz/roundtrip.cpp;fuzz_base64_test.go (planned direct scalar-differential target for BinaryToBase64)	benchmarks/base64/benchmark_base64.cpp;benchmarks/shortbench.cpp	planned	future-upstream-api	not_applicable
Base64	simdutf::binary_to_base64_with_lines	size_t (const char *, size_t, char *, size_t, base64_options) noexcept	include/simdutf/implementation.h:4536	SIMDUTF_FEATURE_BASE64	mapped one-to-one	BinaryToBase64WithLines	func BinaryToBase64WithLines(input, dst []byte, lineLength int, options Base64Options) int	bytes ([]byte)	bytes ([]byte)	int	number of output code units/bytes written	caller supplies destination sized by the corresponding pinned length helper; Go wrapper panics stably before out-of-bounds store	no overlap guarantee beyond pinned declaration; nil slice is empty input	src/fallback/implementation.cpp	src/haswell/implementation.cpp;src/westmere/implementation.cpp	src/arm64/implementation.cpp	tests/base64_tests.cpp;tests/constexpr_base64_tests.cpp;tests/simdutf_c_tests.cpp;tests/straight_c_test.c	fuzz/base64.cpp;fuzz_base64_test.go (planned direct scalar-differential target for BinaryToBase64WithLines)	benchmarks/base64/benchmark_base64.cpp	planned	future-upstream-api	not_applicable
Base64	simdutf::base64_to_binary_details	full_result (const char *, size_t, char *, base64_options, last_chunk_handling_options) noexcept	include/simdutf/implementation.h:4748	SIMDUTF_FEATURE_BASE64	mapped one-to-one	Base64ToBinaryDetails	func Base64ToBinaryDetails(input []byte, dst []byte, options Base64Options, lastChunk LastChunkHandlingOptions) FullResult	bytes ([]byte)	bytes ([]byte)	FullResult	InputCount is consumed input code units; OutputCount is written bytes; PaddingError is meaningful only on error	caller supplies destination sized by the corresponding pinned length helper; Go wrapper panics stably before out-of-bounds store	no overlap guarantee beyond pinned declaration; nil slice is empty input	include/simdutf/scalar/base64.h;src/fallback/implementation.cpp	src/haswell/implementation.cpp;src/westmere/implementation.cpp	src/arm64/implementation.cpp	tests/atomic_base64_tests.cpp;tests/base64_tests.cpp;tests/constexpr_base64_tests.cpp	fuzz/atomic_base64.cpp;fuzz/base64_details.cpp;fuzz_base64_test.go (planned direct scalar-differential target for Base64ToBinaryDetails)	not_applicable: no base64_to_binary_details occurrence under benchmarks at pinned tree	planned	future-upstream-api	not_applicable
Base64	simdutf::base64_to_binary_details	full_result (const char16_t *, size_t, char *, base64_options, last_chunk_handling_options) noexcept	include/simdutf/implementation.h:4824	SIMDUTF_FEATURE_BASE64	split width-distinct Base64 input overload with UTF16 suffix	Base64ToBinaryDetailsUTF16	func Base64ToBinaryDetailsUTF16(input []uint16, dst []byte, options Base64Options, lastChunk LastChunkHandlingOptions) FullResult	UTF-16 code units ([]uint16; LE/BE names are raw storage)	bytes ([]byte)	FullResult	InputCount is consumed input code units; OutputCount is written bytes; PaddingError is meaningful only on error	caller supplies destination sized by the corresponding pinned length helper; Go wrapper panics stably before out-of-bounds store	no overlap guarantee beyond pinned declaration; nil slice is empty input	include/simdutf/scalar/base64.h;src/fallback/implementation.cpp	src/haswell/implementation.cpp;src/westmere/implementation.cpp	src/arm64/implementation.cpp	tests/atomic_base64_tests.cpp;tests/base64_tests.cpp;tests/constexpr_base64_tests.cpp	fuzz/atomic_base64.cpp;fuzz/base64_details.cpp;fuzz_base64_test.go (planned direct scalar-differential target for Base64ToBinaryDetailsUTF16)	not_applicable: no base64_to_binary_details occurrence under benchmarks at pinned tree	planned	future-upstream-api	not_applicable
Base64	simdutf::base64_ignorable	bool (char, base64_options) noexcept	include/simdutf/implementation.h:4862	SIMDUTF_FEATURE_BASE64	mapped one-to-one	Base64Ignorable	func Base64Ignorable(value byte, options Base64Options) bool	bytes ([]byte)	none	bool	not_applicable	not_applicable	no overlap guarantee beyond pinned declaration; nil slice is empty input	include/simdutf/scalar/base64.h	not_applicable: no base64_ignorable occurrence under src/westmere or src/haswell at pinned tree	src/arm64/arm_base64.cpp	tests/base64_tests.cpp;tests/constexpr_base64_tests.cpp	fuzz_base64_test.go (planned direct scalar-differential target for Base64Ignorable)	not_applicable: no base64_ignorable occurrence under benchmarks at pinned tree	planned	future-upstream-api	not_applicable
Base64	simdutf::base64_ignorable	bool (char16_t, base64_options) noexcept	include/simdutf/implementation.h:4866	SIMDUTF_FEATURE_BASE64	split width-distinct Base64 input overload with UTF16 suffix	Base64IgnorableUTF16	func Base64IgnorableUTF16(value uint16, options Base64Options) bool	UTF-16 code units ([]uint16; LE/BE names are raw storage)	none	bool	not_applicable	not_applicable	no overlap guarantee beyond pinned declaration; nil slice is empty input	include/simdutf/scalar/base64.h	not_applicable: no base64_ignorable occurrence under src/westmere or src/haswell at pinned tree	src/arm64/arm_base64.cpp	tests/base64_tests.cpp;tests/constexpr_base64_tests.cpp	fuzz_base64_test.go (planned direct scalar-differential target for Base64IgnorableUTF16)	not_applicable: no base64_ignorable occurrence under benchmarks at pinned tree	planned	future-upstream-api	not_applicable
Base64	simdutf::base64_valid	bool (char, base64_options) noexcept	include/simdutf/implementation.h:4883	SIMDUTF_FEATURE_BASE64	mapped one-to-one	Base64Valid	func Base64Valid(value byte, options Base64Options) bool	bytes ([]byte)	none	bool	not_applicable	not_applicable	no overlap guarantee beyond pinned declaration; nil slice is empty input	not_applicable: no base64_valid occurrence under src/fallback or include/simdutf/scalar at pinned tree	not_applicable: no base64_valid occurrence under src/westmere or src/haswell at pinned tree	not_applicable: no base64_valid occurrence under src/arm64 at pinned tree	tests/base64_tests.cpp;tests/constexpr_base64_tests.cpp	not_applicable: no base64_valid occurrence under fuzz at pinned tree	not_applicable: no base64_valid occurrence under benchmarks at pinned tree	planned	future-upstream-api	not_applicable
Base64	simdutf::base64_valid	bool (char16_t, base64_options) noexcept	include/simdutf/implementation.h:4887	SIMDUTF_FEATURE_BASE64	split width-distinct Base64 input overload with UTF16 suffix	Base64ValidUTF16	func Base64ValidUTF16(value uint16, options Base64Options) bool	UTF-16 code units ([]uint16; LE/BE names are raw storage)	none	bool	not_applicable	not_applicable	no overlap guarantee beyond pinned declaration; nil slice is empty input	not_applicable: no base64_valid occurrence under src/fallback or include/simdutf/scalar at pinned tree	not_applicable: no base64_valid occurrence under src/westmere or src/haswell at pinned tree	not_applicable: no base64_valid occurrence under src/arm64 at pinned tree	tests/base64_tests.cpp;tests/constexpr_base64_tests.cpp	not_applicable: no base64_valid occurrence under fuzz at pinned tree	not_applicable: no base64_valid occurrence under benchmarks at pinned tree	planned	future-upstream-api	not_applicable
Base64	simdutf::base64_valid_or_padding	bool (char, base64_options) noexcept	include/simdutf/implementation.h:4901	SIMDUTF_FEATURE_BASE64	mapped one-to-one	Base64ValidOrPadding	func Base64ValidOrPadding(value byte, options Base64Options) bool	bytes ([]byte)	none	bool	not_applicable	not_applicable	no overlap guarantee beyond pinned declaration; nil slice is empty input	not_applicable: no base64_valid_or_padding occurrence under src/fallback or include/simdutf/scalar at pinned tree	not_applicable: no base64_valid_or_padding occurrence under src/westmere or src/haswell at pinned tree	not_applicable: no base64_valid_or_padding occurrence under src/arm64 at pinned tree	tests/constexpr_base64_tests.cpp	not_applicable: no base64_valid_or_padding occurrence under fuzz at pinned tree	not_applicable: no base64_valid_or_padding occurrence under benchmarks at pinned tree	planned	future-upstream-api	not_applicable
Base64	simdutf::base64_valid_or_padding	bool (char16_t, base64_options) noexcept	include/simdutf/implementation.h:4906	SIMDUTF_FEATURE_BASE64	split width-distinct Base64 input overload with UTF16 suffix	Base64ValidOrPaddingUTF16	func Base64ValidOrPaddingUTF16(value uint16, options Base64Options) bool	UTF-16 code units ([]uint16; LE/BE names are raw storage)	none	bool	not_applicable	not_applicable	no overlap guarantee beyond pinned declaration; nil slice is empty input	not_applicable: no base64_valid_or_padding occurrence under src/fallback or include/simdutf/scalar at pinned tree	not_applicable: no base64_valid_or_padding occurrence under src/westmere or src/haswell at pinned tree	not_applicable: no base64_valid_or_padding occurrence under src/arm64 at pinned tree	tests/constexpr_base64_tests.cpp	not_applicable: no base64_valid_or_padding occurrence under fuzz at pinned tree	not_applicable: no base64_valid_or_padding occurrence under benchmarks at pinned tree	planned	future-upstream-api	not_applicable
Base64	simdutf::base64_to_binary_safe	result (const char *, size_t, char *, size_t &, base64_options, last_chunk_handling_options, bool) noexcept	include/simdutf/implementation.h:4979	SIMDUTF_FEATURE_BASE64	mapped one-to-one	Base64ToBinarySafe	func Base64ToBinarySafe(input []byte, dst []byte, options Base64Options, lastChunk LastChunkHandlingOptions, decodeUpToBadChar bool) (Result, written int)	bytes ([]byte)	bytes ([]byte)	Result plus separate written int	Result.Count is consumed input position/error position; written is mutated output byte count, including partial output	dst length is supplied capacity; short output returns OUTPUT_BUFFER_TOO_SMALL with partial written count	no overlap guarantee beyond pinned declaration; nil slice is empty input	not_applicable: no base64_to_binary_safe occurrence under src/fallback or include/simdutf/scalar at pinned tree	not_applicable: no base64_to_binary_safe occurrence under src/westmere or src/haswell at pinned tree	not_applicable: no base64_to_binary_safe occurrence under src/arm64 at pinned tree	tests/atomic_base64_tests.cpp;tests/base64_tests.cpp;tests/constexpr_base64_tests.cpp;tests/random_fuzzer.cpp;tests/readme_tests.cpp;tests/simdutf_c_tests.cpp;tests/straight_c_test.c	fuzz/atomic_base64.cpp;fuzz/base64.cpp;fuzz/roundtrip.cpp	benchmarks/base64/benchmark_base64.cpp;benchmarks/shortbench.cpp	planned	future-upstream-api	not_applicable
Base64	simdutf::base64_to_binary_safe	result (const char16_t *, size_t, char *, size_t &, base64_options, last_chunk_handling_options, bool) noexcept	include/simdutf/implementation.h:4987	SIMDUTF_FEATURE_BASE64	split width-distinct Base64 input overload with UTF16 suffix	Base64ToBinarySafeUTF16	func Base64ToBinarySafeUTF16(input []uint16, dst []byte, options Base64Options, lastChunk LastChunkHandlingOptions, decodeUpToBadChar bool) (Result, written int)	UTF-16 code units ([]uint16; LE/BE names are raw storage)	bytes ([]byte)	Result plus separate written int	Result.Count is consumed input position/error position; written is mutated output byte count, including partial output	dst length is supplied capacity; short output returns OUTPUT_BUFFER_TOO_SMALL with partial written count	no overlap guarantee beyond pinned declaration; nil slice is empty input	not_applicable: no base64_to_binary_safe occurrence under src/fallback or include/simdutf/scalar at pinned tree	not_applicable: no base64_to_binary_safe occurrence under src/westmere or src/haswell at pinned tree	not_applicable: no base64_to_binary_safe occurrence under src/arm64 at pinned tree	tests/atomic_base64_tests.cpp;tests/base64_tests.cpp;tests/constexpr_base64_tests.cpp;tests/random_fuzzer.cpp;tests/readme_tests.cpp;tests/simdutf_c_tests.cpp;tests/straight_c_test.c	fuzz/atomic_base64.cpp;fuzz/base64.cpp;fuzz/roundtrip.cpp	not_applicable: pinned safe Base64 benchmarks decode only const char input; no char16_t safe-decode benchmark exists	planned	future-upstream-api	not_applicable
Encoding detection	simdutf::BOM::check_bom	encoding_type (const uint8_t *, size_t); encoding_type (const char *, size_t)	include/simdutf/encoding_types.h:58	always	collapsed char and uint8_t pointer spellings to []byte	CheckBOM	func CheckBOM(input []byte) Encoding	bytes ([]byte)	none	Encoding	returns encoding from the leading BOM only; UTF32LE four-byte prefix takes precedence over UTF16LE two-byte prefix; otherwise unspecified	not_applicable	read-only input; nil is empty	src/encoding_types.cpp:24-45	not_applicable: non-accelerated prefix helper	not_applicable: non-accelerated prefix helper	tests; exact BOM prefix, truncation, precedence, and no-BOM table required in Go	not_applicable: bounded prefix table	not_applicable: BOM helper has no upstream benchmark procedure	implemented	611becc-current-api	not_applicable
Encoding detection	simdutf::BOM::bom_byte_size	size_t (encoding_type)	include/simdutf/encoding_types.h:66	always	mapped one-to-one	BOMByteSize	func BOMByteSize(encoding Encoding) int	Encoding value	none	int	UTF16LE/BE -> 2; UTF32LE/BE -> 4; UTF8 -> 3; unspecified or any other value -> 0	not_applicable	read-only input; nil is empty	src/encoding_types.cpp:47-64	not_applicable: non-accelerated value helper	not_applicable: non-accelerated value helper	tests; exact BOM byte-size table required in Go	not_applicable: finite enum/value table	not_applicable: BOM helper has no upstream benchmark procedure	implemented	611becc-current-api	not_applicable
Result/error	simdutf::error_code	enum error_code { SUCCESS=0, HEADER_BITS=1, TOO_SHORT=2, TOO_LONG=3, OVERLONG=4, TOO_LARGE=5, SURROGATE=6, INVALID_BASE64_CHARACTER=7, BASE64_INPUT_REMAINDER=8, BASE64_EXTRA_BITS=9, OUTPUT_BUFFER_TOO_SMALL=10, OTHER=11 }	include/simdutf/error.h:7	always	enum declaration	ErrorCode	type ErrorCode uint8; const ( Success ErrorCode = 0; HeaderBits = 1; TooShort = 2; TooLong = 3; Overlong = 4; TooLarge = 5; Surrogate = 6; InvalidBase64Character = 7; Base64InputRemainder = 8; Base64ExtraBits = 9; OutputBufferTooSmall = 10; Other = 11 )	error code value	not_applicable	public type/constant	field meanings are operation-specific; exact values preserved	not_applicable	not_applicable	include/simdutf/error.h	not_applicable: public type/constant	not_applicable: public type/constant	tests; exact value tests required in Go	not_applicable: public type/constant	not_applicable: public type/constant	implemented	611becc-current-api	not_applicable
Result/error	simdutf::result	struct result { error_code error; size_t count; }	include/simdutf/error.h:76	always	struct declaration	Result	type Result struct { Error ErrorCode; Count int }	result fields	not_applicable	public type/constant	field meanings are operation-specific; exact values preserved	not_applicable	not_applicable	include/simdutf/error.h	not_applicable: public type/constant	not_applicable: public type/constant	tests; exact value tests required in Go	not_applicable: public type/constant	not_applicable: public type/constant	implemented	611becc-current-api	not_applicable
Result/error	simdutf::full_result	struct full_result { error_code error; size_t input_count; size_t output_count; bool padding_error; }	include/simdutf/error.h:98	always	struct declaration	FullResult	type FullResult struct { Error ErrorCode; InputCount int; OutputCount int; PaddingError bool }	result fields	not_applicable	public type/constant	field meanings are operation-specific; exact values preserved	not_applicable	not_applicable	include/simdutf/error.h	not_applicable: public type/constant	not_applicable: public type/constant	tests; exact value tests required in Go	not_applicable: public type/constant	not_applicable: public type/constant	implemented	611becc-current-api	not_applicable
Encoding detection	simdutf::encoding_type	enum encoding_type { unspecified=0, UTF8=1, UTF16_LE=2, UTF16_BE=4, UTF32_LE=8, UTF32_BE=16, Latin1=32 }	include/simdutf/encoding_types.h:15	always	enum declaration	Encoding	type Encoding uint8; const ( Unspecified Encoding = 0; UTF8 = 1; UTF16LE = 2; UTF16BE = 4; UTF32LE = 8; UTF32BE = 16; Latin1 = 32 )	encoding bitset	not_applicable	public type/constant	field meanings are operation-specific; exact values preserved	not_applicable	not_applicable	include/simdutf/encoding_types.h	not_applicable: public type/constant	not_applicable: public type/constant	tests; exact value tests required in Go	not_applicable: public type/constant	not_applicable: public type/constant	implemented	611becc-current-api	not_applicable
Encoding detection	simdutf::endianness	enum endianness { LITTLE=0, BIG=1, NATIVE=platform }	include/simdutf/encoding_types.h:30	always	excluded with exact evidence	not_applicable	not_applicable: Go native-endian delegation uses encoding/binary.NativeEndian internally	endianness value	not_applicable	excluded C++ helper type	not_applicable	not_applicable	not_applicable	include/simdutf/encoding_types.h	not_applicable: no exported Go symbol	not_applicable: no exported Go symbol	tests; native and explicit-endian equivalence is tested through public operations	not_applicable: no accelerated variant	not_applicable: helper has no upstream benchmark procedure	excluded	upstream-excluded	C++ compile-time native-endian selector type; Section 5.3 requires internal Go encoding/binary.NativeEndian delegation, not an exported convenience API
Base64	simdutf::default_line_length	constexpr size_t default_line_length = 76	include/simdutf/implementation.h:187	always	constant declaration	DefaultLineLength	const DefaultLineLength int = 76	byte count	not_applicable	public type/constant	field meanings are operation-specific; exact values preserved	not_applicable	not_applicable	include/simdutf/implementation.h	not_applicable: public type/constant	not_applicable: public type/constant	tests; exact value tests required in Go	not_applicable: public type/constant	not_applicable: public type/constant	implemented	611becc-current-api	not_applicable
Base64	simdutf::base64_options	enum base64_options : uint64_t { base64_default=0, base64_url=1, base64_default_no_padding=2, base64_url_with_padding=3, base64_default_accept_garbage=4, base64_url_accept_garbage=5, base64_default_or_url=8, base64_default_or_url_accept_garbage=12 }	include/simdutf/implementation.h:4100	SIMDUTF_FEATURE_BASE64	enum declaration	Base64Options	type Base64Options uint64; const ( Base64Default Base64Options = 0; Base64URL = 1; Base64DefaultNoPadding = 2; Base64URLWithPadding = 3; Base64DefaultAcceptGarbage = 4; Base64URLAcceptGarbage = 5; Base64DefaultOrURL = 8; Base64DefaultOrURLAcceptGarbage = 12 )	option bits	not_applicable	public type/constant	field meanings are operation-specific; exact values preserved	not_applicable	not_applicable	include/simdutf/implementation.h	not_applicable: public type/constant	not_applicable: public type/constant	tests; exact value tests required in Go	not_applicable: public type/constant	not_applicable: public type/constant	implemented	611becc-current-api	not_applicable
Base64	simdutf::base64_reverse_padding	constexpr uint64_t base64_reverse_padding = 2	include/simdutf/implementation.h:4098	SIMDUTF_FEATURE_BASE64	constant declaration	Base64ReversePadding	const Base64ReversePadding uint64 = 2	option modifier value	not_applicable	public constant	modifier value 2 used with base64_default and base64_url	not_applicable	not_applicable	include/simdutf/implementation.h:4098-4099	not_applicable: public constant	not_applicable: public constant	tests; exact constant value and option-composition tests required in Go	not_applicable: public constant	not_applicable: public constant	implemented	611becc-current-api	not_applicable
Base64	simdutf::last_chunk_handling_options	enum last_chunk_handling_options : uint64_t { loose=0, strict=1, stop_before_partial=2, only_full_chunks=3 }	include/simdutf/implementation.h:4125	SIMDUTF_FEATURE_BASE64	enum declaration	LastChunkHandlingOptions	type LastChunkHandlingOptions uint64; const ( Loose LastChunkHandlingOptions = 0; Strict = 1; StopBeforePartial = 2; OnlyFullChunks = 3 )	option value	not_applicable	public type/constant	field meanings are operation-specific; exact values preserved	not_applicable	not_applicable	include/simdutf/implementation.h	not_applicable: public type/constant	not_applicable: public type/constant	tests; exact value tests required in Go	not_applicable: public type/constant	not_applicable: public type/constant	implemented	611becc-current-api	not_applicable
Result/error	simdutf::result::is_ok	bool is_ok() const noexcept	include/simdutf/error.h:89	always	mapped semantic value helper	Result.IsOK	func (r Result) IsOK() bool	public value	none	bool	reports Error == SUCCESS	not_applicable	value receiver/read-only value	include/simdutf/error.h	not_applicable: inline value helper	not_applicable: inline value helper	tests; exact helper semantics required in Go	not_applicable: no accelerated variant	not_applicable: constant-time helper has no upstream procedure	implemented	611becc-current-api	not_applicable
Result/error	simdutf::result::is_err	bool is_err() const noexcept	include/simdutf/error.h:93	always	mapped semantic value helper	Result.IsErr	func (r Result) IsErr() bool	public value	none	bool	reports Error != SUCCESS	not_applicable	value receiver/read-only value	include/simdutf/error.h	not_applicable: inline value helper	not_applicable: inline value helper	tests; exact helper semantics required in Go	not_applicable: no accelerated variant	not_applicable: constant-time helper has no upstream procedure	implemented	611becc-current-api	not_applicable
Result/error	simdutf::full_result::operator result	operator result() const noexcept	include/simdutf/error.h:117	always	mapped semantic value helper	FullResult.Result	func (r FullResult) Result() Result	public value	none	Result	uses OutputCount on SUCCESS and InputCount on error	not_applicable	value receiver/read-only value	include/simdutf/error.h	not_applicable: inline value helper	not_applicable: inline value helper	tests; exact helper semantics required in Go	not_applicable: no accelerated variant	not_applicable: constant-time helper has no upstream procedure	implemented	611becc-current-api	not_applicable
Encoding detection	simdutf::match_system	bool match_system(endianness) constexpr	include/simdutf/encoding_types.h:42	always	excluded with exact evidence	not_applicable	not_applicable: Go native-endian delegation uses encoding/binary.NativeEndian internally	public value	none	excluded C++ helper	not_applicable	not_applicable	not_applicable	include/simdutf/encoding_types.h	not_applicable: no exported Go symbol	not_applicable: no exported Go symbol	tests; native and explicit-endian equivalence is tested through public operations	not_applicable: no accelerated variant	not_applicable: helper has no upstream benchmark procedure	excluded	upstream-excluded	C++ constexpr native-endian selector helper; Section 5.3 requires internal Go encoding/binary.NativeEndian delegation, not an exported convenience API
C++ mechanics	simdutf::implementation and implementation_list	virtual implementation registry/runtime selector API	include/simdutf/implementation.h:5093-7178	always	excluded with exact evidence	not_applicable	not_applicable	not_applicable	not_applicable	not_applicable	not_applicable	not_applicable	not_applicable	not_applicable	not_applicable	not_applicable	not_applicable	not_applicable	not_applicable	excluded	upstream-excluded	C++ OO dispatch/registry; plan Scope explicitly excludes public implementation selectors
C++ mechanics	SIMDUTF_SPAN overloads	std::span/template wrappers for public functions	include/simdutf/implementation.h:72-152; all 126 exact SIMDUTF_SPAN guarded ranges are enumerated in api-manifest.md section Exact SIMDUTF_SPAN exclusion evidence	SIMDUTF_SPAN	excluded with exact evidence	not_applicable	not_applicable	not_applicable	not_applicable	not_applicable	not_applicable	not_applicable	not_applicable	not_applicable	not_applicable	not_applicable	not_applicable	not_applicable	not_applicable	excluded	upstream-excluded	C++ pointer/span mechanics collapse to Go slices under plan Section 4; exact pinned ranges and reproduction command are in api-manifest.md
Encoding detection	simdutf::to_std_encoding / simdutf::from_std_encoding / simdutf::native_utf16_encoding / simdutf::native_utf32_encoding / simdutf::from_std_encoding_native	std::text_encoding adapters plus native UTF-16/UTF-32 encoding helpers	include/simdutf/encoding_types.h:68-186	SIMDUTF_HAS_STD_TEXT_ENCODING	excluded with exact evidence	not_applicable	not_applicable	not_applicable	not_applicable	not_applicable	not_applicable	not_applicable	not_applicable	not_applicable	not_applicable	not_applicable	not_applicable	not_applicable	not_applicable	excluded	upstream-excluded	plan Scope excludes std::text_encoding integration; native encoding helpers exist only to support that C++ adapter surface
C++ mechanics	SIMDUTF_CPLUSPLUS23 constexpr fixed-string wrappers	consteval/template/constexpr public mechanics	include/simdutf/implementation.h:7263-7334	SIMDUTF_CPLUSPLUS23	excluded with exact evidence	not_applicable	not_applicable	not_applicable	not_applicable	not_applicable	not_applicable	not_applicable	not_applicable	not_applicable	not_applicable	not_applicable	not_applicable	not_applicable	not_applicable	excluded	upstream-excluded	compile-time C++ fixed-string facilities are explicitly out of scope
Base64	simdutf::atomic_binary_to_base64	size_t (const char *, size_t, char *, base64_options) noexcept	include/simdutf/implementation.h:4603	SIMDUTF_FEATURE_BASE64 && SIMDUTF_ATOMIC_REF	excluded with exact evidence	not_applicable	not_applicable	not_applicable	not_applicable	not_applicable	not_applicable	not_applicable	not_applicable	not_applicable	not_applicable	not_applicable	not_applicable	not_applicable	not_applicable	excluded	upstream-excluded	conditional experimental atomic Base64 API; pinned header lines 4575-4588 and 5010-5014 state it is not default-tested/fuzzed and not documented in the public API
Base64	simdutf::atomic_base64_to_binary_safe	result (const char *, size_t, char *, size_t &, base64_options, last_chunk_handling_options, bool) noexcept	include/simdutf/implementation.h:5034	SIMDUTF_FEATURE_BASE64 && SIMDUTF_ATOMIC_REF	excluded byte-input overload with exact evidence	not_applicable	not_applicable	not_applicable	not_applicable	not_applicable	not_applicable	not_applicable	not_applicable	not_applicable	not_applicable	not_applicable	not_applicable	not_applicable	not_applicable	excluded	upstream-excluded	conditional experimental atomic Base64 API; pinned header lines 4575-4588 and 5010-5014 state it is not default-tested/fuzzed and not documented in the public API
Base64	simdutf::atomic_base64_to_binary_safe	result (const char16_t *, size_t, char *, size_t &, base64_options, last_chunk_handling_options, bool) noexcept	include/simdutf/implementation.h:5040	SIMDUTF_FEATURE_BASE64 && SIMDUTF_ATOMIC_REF	excluded UTF-16-input overload with exact evidence	not_applicable	not_applicable	not_applicable	not_applicable	not_applicable	not_applicable	not_applicable	not_applicable	not_applicable	not_applicable	not_applicable	not_applicable	not_applicable	not_applicable	excluded	upstream-excluded	conditional experimental atomic Base64 API; pinned header lines 4575-4588 and 5010-5014 state it is not default-tested/fuzzed and not documented in the public API
