mapping_version	row_key_v1	manifest_ordinal	canonical_row_rank	family_contract_display_id	backend	cell_storage_id	semantic_operation_id	isa_ordinal_or_scalar	backend_outcome	backend_na_reason	backend_evidence_anchor	direct_symbol	direct_symbol_storage_id	shared_kernel_id	kernel_owner_cell_key	kernel_owner_dependency_id	kernel_batch_display_id	kernel_batch_storage_id	evidence_batch_display_id	evidence_batch_storage_id
v1	rk-v1-512dd68afebe62d40e9920d45ea6a780fc3cea6a767e0c2961755e73a01b7cef	1	102	FC-v1-detection	westmere	cell-v1-d758ee202fffa3da7640f2af2714efb2760adcc88034e50c73a18b2eebd303b8	op-v1-0c6382f98d1cc51416fe262ac6350e9ebb363f5ca3d733835fa6eeae3f76e53f	scalar	not_applicable	composite_wrapper_delegates_accelerated_core	611becc2a08c27a4edc77d9a45ff74c97130129b:include/simdutf/implementation.h:202;dependency:DetectEncodings									
v1	rk-v1-512dd68afebe62d40e9920d45ea6a780fc3cea6a767e0c2961755e73a01b7cef	1	102	FC-v1-detection	haswell	cell-v1-7a3628693879a0b3f275d8354951092cb46dcdf45bc446a6ba27ad31df1e0874	op-v1-0c6382f98d1cc51416fe262ac6350e9ebb363f5ca3d733835fa6eeae3f76e53f	scalar	not_applicable	composite_wrapper_delegates_accelerated_core	611becc2a08c27a4edc77d9a45ff74c97130129b:include/simdutf/implementation.h:202;dependency:DetectEncodings									
v1	rk-v1-512dd68afebe62d40e9920d45ea6a780fc3cea6a767e0c2961755e73a01b7cef	1	102	FC-v1-detection	archsimd	cell-v1-b09b806150c376ff2b278305f0c70e14d04f11666fb8e380b890642733e435de	op-v1-0c6382f98d1cc51416fe262ac6350e9ebb363f5ca3d733835fa6eeae3f76e53f	scalar	not_applicable	composite_wrapper_delegates_accelerated_core	611becc2a08c27a4edc77d9a45ff74c97130129b:include/simdutf/implementation.h:202;dependency:DetectEncodings									
v1	rk-v1-512dd68afebe62d40e9920d45ea6a780fc3cea6a767e0c2961755e73a01b7cef	1	102	FC-v1-detection	neon	cell-v1-7d41d117c06be726613d6fb786030ccdcc7a84e60b28ca34757d3bec8c7501c3	op-v1-0c6382f98d1cc51416fe262ac6350e9ebb363f5ca3d733835fa6eeae3f76e53f	scalar	not_applicable	composite_wrapper_delegates_accelerated_core	611becc2a08c27a4edc77d9a45ff74c97130129b:include/simdutf/implementation.h:202;dependency:DetectEncodings									
v1	rk-v1-84bdeaeb5d6138a461fb1ccd74b4d0f22128a3bb85327bd9b49cb9b5b9aa6577	2	101	FC-v1-detection	westmere	cell-v1-43046ebf5e307f3442cc384e544a9e43e359e0d4601b23a590a181ad5807db93	op-v1-8bf5280de3f19b673c2a0021cc5bd4e7d81ea47005039910cedb58431cb8b159	1	eligible		611becc2a08c27a4edc77d9a45ff74c97130129b:include/simdutf/implementation.h:238;api-manifest.tsv:DetectEncodings;isa-eligibility.tsv:DetectEncodings;upstream:src/westmere/implementation.cpp:156	detectEncodingsWestmere	symbol-v1-0e1fbc9c107d5ea7b372bed7bb5739998fa1bbd134958e35054a7ae96f2265a9	shared-kernel-v1-c599ce3cde8b09e1080bdb87057325a2317dc24470870c389c902a817150ea2d	cell-v1-43046ebf5e307f3442cc384e544a9e43e359e0d4601b23a590a181ad5807db93		KB-v1-FC-v1-detection-westmere-01	batch-v1-e5d93a4fba43c1edd1d4b41866fb75618ea7666f7633f912dbfff8f97f2b3993	EB-v1-KB-v1-FC-v1-detection-westmere-01-01	batch-v1-73788bdfca6107a28ccb6c0b6088633541fddfb4d7c2f4adf7ba394af3d61c00
v1	rk-v1-84bdeaeb5d6138a461fb1ccd74b4d0f22128a3bb85327bd9b49cb9b5b9aa6577	2	101	FC-v1-detection	haswell	cell-v1-167cda8f79e14c93dbeae5d915e74e5ce92d914f2d14d6f1655f28afc04b07ac	op-v1-8bf5280de3f19b673c2a0021cc5bd4e7d81ea47005039910cedb58431cb8b159	1	eligible		611becc2a08c27a4edc77d9a45ff74c97130129b:include/simdutf/implementation.h:238;api-manifest.tsv:DetectEncodings;isa-eligibility.tsv:DetectEncodings;upstream:src/haswell/implementation.cpp:155	detectEncodingsHaswell	symbol-v1-42e0f7ae69dcc010aba9ee057bdf978ae10e07c92a44ab2fea130f5acd2f29a6	shared-kernel-v1-4004e5dee4f9ddc9778bb36827413e275691f783322c3f79af39f083cd92b1a4	cell-v1-167cda8f79e14c93dbeae5d915e74e5ce92d914f2d14d6f1655f28afc04b07ac		KB-v1-FC-v1-detection-haswell-01	batch-v1-32eae2afa2c1437c04e66d6887b38254223a4201cff0b33ebac0f25e2353355f	EB-v1-KB-v1-FC-v1-detection-haswell-01-01	batch-v1-8b09b6701107a2f8b4288d2b46bd9a14b7cf8c5e1712b507513a6e01569e4fdd
v1	rk-v1-84bdeaeb5d6138a461fb1ccd74b4d0f22128a3bb85327bd9b49cb9b5b9aa6577	2	101	FC-v1-detection	archsimd	cell-v1-dd2188dbf84e24449114bd7417d380fc7c1977ef7a6d8f14f169587a69673a66	op-v1-8bf5280de3f19b673c2a0021cc5bd4e7d81ea47005039910cedb58431cb8b159	1	eligible		simd/archsimd Go 1.26.5:FC-v1-detection audit row; required primitives: mixed UTF-8/16/32 vector scans and mask reductions; available: archsimd/ops_amd64.go:Load,Store,Shuffle,And,Or,Xor; archsimd/compare_gen_amd64.go:Equal,LessThan; archsimd/maskmerge_gen_amd64.go:Mask	detectEncodingsArchsimd	symbol-v1-9b6c3a7f0db34353b953d36fd1820c6db7c8cd9bc3cd1015c9f85877dc82983a	shared-kernel-v1-f49f9b7f3ce484d150a9c1d327c238b4d76e1159949d4346abd910f94c9e7053	cell-v1-dd2188dbf84e24449114bd7417d380fc7c1977ef7a6d8f14f169587a69673a66		KB-v1-FC-v1-detection-archsimd-01	batch-v1-1acf8e0d8dd2204a9a5bc1974c6d6a61e8caba301ff211b2f3f9c98abd51bb51	EB-v1-KB-v1-FC-v1-detection-archsimd-01-01	batch-v1-2cd30577d5bb5319887a255dd5678685a174e8ebbbad3f0904116ce24beaf9ee
v1	rk-v1-84bdeaeb5d6138a461fb1ccd74b4d0f22128a3bb85327bd9b49cb9b5b9aa6577	2	101	FC-v1-detection	neon	cell-v1-3f7e20783deee1a02b5b7a94099de1f4ec2f72c7d8193553009d07df553619ef	op-v1-8bf5280de3f19b673c2a0021cc5bd4e7d81ea47005039910cedb58431cb8b159	1	eligible		611becc2a08c27a4edc77d9a45ff74c97130129b:include/simdutf/implementation.h:238;api-manifest.tsv:DetectEncodings;isa-eligibility.tsv:DetectEncodings;upstream:src/arm64/implementation.cpp:212	detectEncodingsNEON	symbol-v1-f8eaaea76a66381e72b5f7fab918139b21f25e043c398f1799b3d629dfe11df7	shared-kernel-v1-acece69ca9206b5a0c2dbe08bd4547a1071d39970805ca51aaa595a18e79b768	cell-v1-3f7e20783deee1a02b5b7a94099de1f4ec2f72c7d8193553009d07df553619ef		KB-v1-FC-v1-detection-neon-01	batch-v1-c09fd8d1527b89219e13d0df4720046e026bcad6a7cdfee7572fa4599f5f06cc	EB-v1-KB-v1-FC-v1-detection-neon-01-01	batch-v1-1c256a01bba40559794237087037328e4ebf79b1b7c623ee616bc54d41771b62
v1	rk-v1-a52cedcdbe49ab966c5c1d460c3fa50ce38c5e93f1ac07b8e8ce8fcfa73ba3be	3	10	FC-v1-helper-validation	westmere	cell-v1-9a2a5abc397c7ba1eda58f19184b053d2af3dcd2093f4f5ff216349e179e91ec	op-v1-746f2ddb034fd6031f7480dc27f8384c48b313010cdf7ce853d620b940e70a90	4	not_applicable	native_wrapper_delegates_explicit_endian	611becc2a08c27a4edc77d9a45ff74c97130129b:include/simdutf/implementation.h:477									
v1	rk-v1-a52cedcdbe49ab966c5c1d460c3fa50ce38c5e93f1ac07b8e8ce8fcfa73ba3be	3	10	FC-v1-helper-validation	haswell	cell-v1-f723edd96f77610d3a707b47c485b5bee06898afd43cf5718b916d968ba8d3d2	op-v1-746f2ddb034fd6031f7480dc27f8384c48b313010cdf7ce853d620b940e70a90	4	not_applicable	native_wrapper_delegates_explicit_endian	611becc2a08c27a4edc77d9a45ff74c97130129b:include/simdutf/implementation.h:477									
v1	rk-v1-a52cedcdbe49ab966c5c1d460c3fa50ce38c5e93f1ac07b8e8ce8fcfa73ba3be	3	10	FC-v1-helper-validation	archsimd	cell-v1-3fba262c08f531e5bbc3b3477b2429913e0ec5e07b2fcb4054e87f6e9a8ca668	op-v1-746f2ddb034fd6031f7480dc27f8384c48b313010cdf7ce853d620b940e70a90	4	not_applicable	native_wrapper_delegates_explicit_endian	611becc2a08c27a4edc77d9a45ff74c97130129b:include/simdutf/implementation.h:477									
v1	rk-v1-a52cedcdbe49ab966c5c1d460c3fa50ce38c5e93f1ac07b8e8ce8fcfa73ba3be	3	10	FC-v1-helper-validation	neon	cell-v1-94baf50d713758b25b9a4fb3df962320ee6f9ffabf2192d5778466b3dc001726	op-v1-746f2ddb034fd6031f7480dc27f8384c48b313010cdf7ce853d620b940e70a90	4	not_applicable	native_wrapper_delegates_explicit_endian	611becc2a08c27a4edc77d9a45ff74c97130129b:include/simdutf/implementation.h:477									
v1	rk-v1-8d5736e31439e82c6c3124a1eca6edf59cec453a5b7a9f32e9099960e8bca489	4	0	FC-v1-helper-validation	westmere	cell-v1-41428e5a951efbfcc66a6ae7b05cf35b49598729d7ff2d6d24f53e033545019c	op-v1-746f2ddb034fd6031f7480dc27f8384c48b313010cdf7ce853d620b940e70a90	4	eligible		611becc2a08c27a4edc77d9a45ff74c97130129b:include/simdutf/implementation.h:510;api-manifest.tsv:ValidateUTF16LE;isa-eligibility.tsv:ValidateUTF16LE/BE, AsASCII, and WithErrors;upstream:src/westmere/sse_validate_utf16.cpp:2	validateUTF16LEWestmere	symbol-v1-10e5f120c7afcfd9e57bf3c63ea211097eab1f07546264414b1a2c9aaae88518	shared-kernel-v1-5b2e28dc380d991830958c5aa91a2b246431a0df7b0bce3520ca2ebb5176b525	cell-v1-41428e5a951efbfcc66a6ae7b05cf35b49598729d7ff2d6d24f53e033545019c		KB-v1-FC-v1-helper-validation-westmere-01	batch-v1-012abe96dfb8e6ce6d69db8ce4ec8678ff49eefb9f4dfc696bd73a782f0339c6	EB-v1-KB-v1-FC-v1-helper-validation-westmere-01-01	batch-v1-350baea6045b345ea545f863d4cf14b21666e0b7b8b5e5289dc67d4e434ce0c9
v1	rk-v1-8d5736e31439e82c6c3124a1eca6edf59cec453a5b7a9f32e9099960e8bca489	4	0	FC-v1-helper-validation	haswell	cell-v1-8a8700e58c25b9848e16d6a46ea69dba10cef59e23c7cd7b080177977929d29d	op-v1-746f2ddb034fd6031f7480dc27f8384c48b313010cdf7ce853d620b940e70a90	4	eligible		611becc2a08c27a4edc77d9a45ff74c97130129b:include/simdutf/implementation.h:510;api-manifest.tsv:ValidateUTF16LE;isa-eligibility.tsv:ValidateUTF16LE/BE, AsASCII, and WithErrors;upstream:src/haswell/avx2_validate_utf16.cpp:2	validateUTF16LEHaswell	symbol-v1-39c4baeb1702acb4eae4fb81d608fdba413a9191129ec8c333b145e6a9be67ef	shared-kernel-v1-750c7e4e682b90fb521102b4e64837bb370b6b7b08a708122e7d6b656ce9a244	cell-v1-8a8700e58c25b9848e16d6a46ea69dba10cef59e23c7cd7b080177977929d29d		KB-v1-FC-v1-helper-validation-haswell-01	batch-v1-43b21b9c3d360ad33c9540ef24a8ad9349207b70994356c50cdd24061304e97a	EB-v1-KB-v1-FC-v1-helper-validation-haswell-01-01	batch-v1-dbe6c6842750dfb1580bd43b982bc92b8efeeb5198d5581627c8801ee8aacb63
v1	rk-v1-8d5736e31439e82c6c3124a1eca6edf59cec453a5b7a9f32e9099960e8bca489	4	0	FC-v1-helper-validation	archsimd	cell-v1-b603844f2b0c87ab4491d26f439b1e133e28d9eb52f63a7d3efd127b5b7b62f9	op-v1-746f2ddb034fd6031f7480dc27f8384c48b313010cdf7ce853d620b940e70a90	4	eligible		simd/archsimd Go 1.26.5:FC-v1-helper-validation audit row; archsimd/ops_amd64.go:Load,Store,Shuffle,And,Or,Xor; archsimd/compare_gen_amd64.go:Equal,LessThan; archsimd/maskmerge_gen_amd64.go:Mask	validateUTF16LEArchsimd	symbol-v1-ce6caf782c29a5adcaf5f72a003a8ac1e3d0df6fe965604a5629e4a4704804eb	shared-kernel-v1-eb8ff33c47952dee29a6781a25d79699247ad801d855b7e05f69b9198a8a6794	cell-v1-b603844f2b0c87ab4491d26f439b1e133e28d9eb52f63a7d3efd127b5b7b62f9		KB-v1-FC-v1-helper-validation-archsimd-01	batch-v1-a3e22eb4f08275882272028524ee80416c7d736d6968d7a3d24357b95fdd92f0	EB-v1-KB-v1-FC-v1-helper-validation-archsimd-01-01	batch-v1-838fcb2c19051b4b339c8fab7e0e702645b87588e1df41276962c58426692264
v1	rk-v1-8d5736e31439e82c6c3124a1eca6edf59cec453a5b7a9f32e9099960e8bca489	4	0	FC-v1-helper-validation	neon	cell-v1-2fc44c783d1116243734bba21505a7186819d7739fd3bc7e0bde9453f38ac5f5	op-v1-746f2ddb034fd6031f7480dc27f8384c48b313010cdf7ce853d620b940e70a90	4	eligible		611becc2a08c27a4edc77d9a45ff74c97130129b:include/simdutf/implementation.h:510;api-manifest.tsv:ValidateUTF16LE;isa-eligibility.tsv:ValidateUTF16LE/BE, AsASCII, and WithErrors;upstream:src/arm64/arm_validate_utf16.cpp:2	validateUTF16LENEON	symbol-v1-c10bf40ebc1deb313feaacac6aaf9da891f2ca0508e9f3bfef0c45d83b9a9356	shared-kernel-v1-cbd5e42409e2457aea8b9a66df38c738f8aa89a27ccf97f05b9a0a0135e862af	cell-v1-2fc44c783d1116243734bba21505a7186819d7739fd3bc7e0bde9453f38ac5f5		KB-v1-FC-v1-helper-validation-neon-01	batch-v1-d6ffbe759311fcbe5f968ed9e3947867a8f18f4788f635e702c056a9ce45e97f	EB-v1-KB-v1-FC-v1-helper-validation-neon-01-01	batch-v1-e4c40435708ef950c5c82e049a34ee64924fdbb1d38b87f01666bb9e55fa0cca
v1	rk-v1-ad34c01660ce58c1c164b0fd72c1d6d352a7b816edd39fb68c8d90ff2aaf90ce	5	1	FC-v1-helper-validation	westmere	cell-v1-30052e6a1e7194176bb30ea05de7be69a9d6da6dd6d3bc457fa32b0289bc8ee6	op-v1-746f2ddb034fd6031f7480dc27f8384c48b313010cdf7ce853d620b940e70a90	4	eligible		611becc2a08c27a4edc77d9a45ff74c97130129b:include/simdutf/implementation.h:543;api-manifest.tsv:ValidateUTF16BE;isa-eligibility.tsv:ValidateUTF16LE/BE, AsASCII, and WithErrors;upstream:src/westmere/sse_validate_utf16.cpp:2	validateUTF16BEWestmere	symbol-v1-ff10cb45e9df405128cb74b21ae358dcec0df76f060f4b27e863b04b2fae9c89	shared-kernel-v1-0d77c2a3998d1df84461175da860f7e0e8bf8990de0381b06ce2edad95cafa70	cell-v1-30052e6a1e7194176bb30ea05de7be69a9d6da6dd6d3bc457fa32b0289bc8ee6		KB-v1-FC-v1-helper-validation-westmere-01	batch-v1-012abe96dfb8e6ce6d69db8ce4ec8678ff49eefb9f4dfc696bd73a782f0339c6	EB-v1-KB-v1-FC-v1-helper-validation-westmere-01-01	batch-v1-350baea6045b345ea545f863d4cf14b21666e0b7b8b5e5289dc67d4e434ce0c9
v1	rk-v1-ad34c01660ce58c1c164b0fd72c1d6d352a7b816edd39fb68c8d90ff2aaf90ce	5	1	FC-v1-helper-validation	haswell	cell-v1-7a2e8ce585fe2826d4099ff663457453c71d0316d79f53c2fca001832ece88c2	op-v1-746f2ddb034fd6031f7480dc27f8384c48b313010cdf7ce853d620b940e70a90	4	eligible		611becc2a08c27a4edc77d9a45ff74c97130129b:include/simdutf/implementation.h:543;api-manifest.tsv:ValidateUTF16BE;isa-eligibility.tsv:ValidateUTF16LE/BE, AsASCII, and WithErrors;upstream:src/haswell/avx2_validate_utf16.cpp:2	validateUTF16BEHaswell	symbol-v1-a86e21e6f2eccd8ce93a00b016e1a366947c29ffc5f89becaf8bab85375a59ef	shared-kernel-v1-c411ade713d82ae403cc1fca872d3e6f0c791e70f511823f4ae7269b4ee8f52a	cell-v1-7a2e8ce585fe2826d4099ff663457453c71d0316d79f53c2fca001832ece88c2		KB-v1-FC-v1-helper-validation-haswell-01	batch-v1-43b21b9c3d360ad33c9540ef24a8ad9349207b70994356c50cdd24061304e97a	EB-v1-KB-v1-FC-v1-helper-validation-haswell-01-01	batch-v1-dbe6c6842750dfb1580bd43b982bc92b8efeeb5198d5581627c8801ee8aacb63
v1	rk-v1-ad34c01660ce58c1c164b0fd72c1d6d352a7b816edd39fb68c8d90ff2aaf90ce	5	1	FC-v1-helper-validation	archsimd	cell-v1-0f5a69862791e6414fb091668cfec8e4def68bdf4a704707a4c16145fab396ed	op-v1-746f2ddb034fd6031f7480dc27f8384c48b313010cdf7ce853d620b940e70a90	4	eligible		simd/archsimd Go 1.26.5:FC-v1-helper-validation audit row; archsimd/ops_amd64.go:Load,Store,Shuffle,And,Or,Xor; archsimd/compare_gen_amd64.go:Equal,LessThan; archsimd/maskmerge_gen_amd64.go:Mask	validateUTF16BEArchsimd	symbol-v1-b9276071ca1a3bf00352328ed7bec6c6775b8a0f1d3ddebf1e2de810377a77c1	shared-kernel-v1-1ffcc9696d2eceb078911ff2a00891400087ed96584a96b668169d8707a5e95c	cell-v1-0f5a69862791e6414fb091668cfec8e4def68bdf4a704707a4c16145fab396ed		KB-v1-FC-v1-helper-validation-archsimd-01	batch-v1-a3e22eb4f08275882272028524ee80416c7d736d6968d7a3d24357b95fdd92f0	EB-v1-KB-v1-FC-v1-helper-validation-archsimd-01-01	batch-v1-838fcb2c19051b4b339c8fab7e0e702645b87588e1df41276962c58426692264
v1	rk-v1-ad34c01660ce58c1c164b0fd72c1d6d352a7b816edd39fb68c8d90ff2aaf90ce	5	1	FC-v1-helper-validation	neon	cell-v1-f5c61daf7cd9a6800ac1548bd6a50ba35d48f4699d1758bf79cde7d7d1180c9d	op-v1-746f2ddb034fd6031f7480dc27f8384c48b313010cdf7ce853d620b940e70a90	4	eligible		611becc2a08c27a4edc77d9a45ff74c97130129b:include/simdutf/implementation.h:543;api-manifest.tsv:ValidateUTF16BE;isa-eligibility.tsv:ValidateUTF16LE/BE, AsASCII, and WithErrors;upstream:src/arm64/arm_validate_utf16.cpp:2	validateUTF16BENEON	symbol-v1-95bab0460331b103d2c3420b4bca365d9e5708d971d89e91ee6bc4c77d9afbc4	shared-kernel-v1-69a1d61a7ce6b0e63aa3136d8d7e808255145c4ffadbb88754ccdeddaedebd1f	cell-v1-f5c61daf7cd9a6800ac1548bd6a50ba35d48f4699d1758bf79cde7d7d1180c9d		KB-v1-FC-v1-helper-validation-neon-01	batch-v1-d6ffbe759311fcbe5f968ed9e3947867a8f18f4788f635e702c056a9ce45e97f	EB-v1-KB-v1-FC-v1-helper-validation-neon-01-01	batch-v1-e4c40435708ef950c5c82e049a34ee64924fdbb1d38b87f01666bb9e55fa0cca
v1	rk-v1-47f5dfd270841a1944b531421099b8caea100012bf1eec46019a79b3e8bc74b4	6	8	FC-v1-helper-validation	westmere	cell-v1-0766ecd28b440f8f201d062913f524e11de1b0c01d7fdd3a52784a3fccddd036	op-v1-746f2ddb034fd6031f7480dc27f8384c48b313010cdf7ce853d620b940e70a90	4	not_applicable	native_wrapper_delegates_explicit_endian	611becc2a08c27a4edc77d9a45ff74c97130129b:include/simdutf/implementation.h:576									
v1	rk-v1-47f5dfd270841a1944b531421099b8caea100012bf1eec46019a79b3e8bc74b4	6	8	FC-v1-helper-validation	haswell	cell-v1-96b3ba5538a4da326c4dcbaa18730080d5cc941fac5dea59e6a47a8116b46126	op-v1-746f2ddb034fd6031f7480dc27f8384c48b313010cdf7ce853d620b940e70a90	4	not_applicable	native_wrapper_delegates_explicit_endian	611becc2a08c27a4edc77d9a45ff74c97130129b:include/simdutf/implementation.h:576									
v1	rk-v1-47f5dfd270841a1944b531421099b8caea100012bf1eec46019a79b3e8bc74b4	6	8	FC-v1-helper-validation	archsimd	cell-v1-82f37d9ba518350a3993cb9cdfa9207ff441f87f28f81eca04e5c53baf45b1f1	op-v1-746f2ddb034fd6031f7480dc27f8384c48b313010cdf7ce853d620b940e70a90	4	not_applicable	native_wrapper_delegates_explicit_endian	611becc2a08c27a4edc77d9a45ff74c97130129b:include/simdutf/implementation.h:576									
v1	rk-v1-47f5dfd270841a1944b531421099b8caea100012bf1eec46019a79b3e8bc74b4	6	8	FC-v1-helper-validation	neon	cell-v1-e65b6990d105163fd37b76fa12105e2a26fb683786c549ad58078a01082e2591	op-v1-746f2ddb034fd6031f7480dc27f8384c48b313010cdf7ce853d620b940e70a90	4	not_applicable	native_wrapper_delegates_explicit_endian	611becc2a08c27a4edc77d9a45ff74c97130129b:include/simdutf/implementation.h:576									
v1	rk-v1-55f826b04d8bbbc821d5ede4c30459a30f115e30782db16a8f89b91d1f2a40d5	7	2	FC-v1-helper-validation	westmere	cell-v1-4d313b34d5fec701af6d27a194d25b2d74936be166c12f5fe38efa5825b4f270	op-v1-746f2ddb034fd6031f7480dc27f8384c48b313010cdf7ce853d620b940e70a90	4	eligible		611becc2a08c27a4edc77d9a45ff74c97130129b:include/simdutf/implementation.h:609;api-manifest.tsv:ValidateUTF16LEWithErrors;isa-eligibility.tsv:ValidateUTF16LE/BE, AsASCII, and WithErrors;upstream:src/westmere/sse_validate_utf16.cpp:2	validateUTF16LEWithErrorsWestmere	symbol-v1-7cf04a5cee183ee420f3fed7c982d15089c7b0974cccbdb5492abb9f8e72ac47	shared-kernel-v1-a86df66924835da01065b550a63731e18574877ab5b9053d80a2d64ca3738b42	cell-v1-4d313b34d5fec701af6d27a194d25b2d74936be166c12f5fe38efa5825b4f270		KB-v1-FC-v1-helper-validation-westmere-01	batch-v1-012abe96dfb8e6ce6d69db8ce4ec8678ff49eefb9f4dfc696bd73a782f0339c6	EB-v1-KB-v1-FC-v1-helper-validation-westmere-01-01	batch-v1-350baea6045b345ea545f863d4cf14b21666e0b7b8b5e5289dc67d4e434ce0c9
v1	rk-v1-55f826b04d8bbbc821d5ede4c30459a30f115e30782db16a8f89b91d1f2a40d5	7	2	FC-v1-helper-validation	haswell	cell-v1-4db9f9e1d21237194ae230ecec02af49e892b971ea966b322d129ab63566b06a	op-v1-746f2ddb034fd6031f7480dc27f8384c48b313010cdf7ce853d620b940e70a90	4	eligible		611becc2a08c27a4edc77d9a45ff74c97130129b:include/simdutf/implementation.h:609;api-manifest.tsv:ValidateUTF16LEWithErrors;isa-eligibility.tsv:ValidateUTF16LE/BE, AsASCII, and WithErrors;upstream:src/haswell/avx2_validate_utf16.cpp:2	validateUTF16LEWithErrorsHaswell	symbol-v1-5142a1961b41e902642016319395d296c53f700087b85a47a8259118e6a851bd	shared-kernel-v1-741d4303f4401a960b43e591e493410ae12da24d6430e4d9683a400bfa463d47	cell-v1-4db9f9e1d21237194ae230ecec02af49e892b971ea966b322d129ab63566b06a		KB-v1-FC-v1-helper-validation-haswell-01	batch-v1-43b21b9c3d360ad33c9540ef24a8ad9349207b70994356c50cdd24061304e97a	EB-v1-KB-v1-FC-v1-helper-validation-haswell-01-01	batch-v1-dbe6c6842750dfb1580bd43b982bc92b8efeeb5198d5581627c8801ee8aacb63
v1	rk-v1-55f826b04d8bbbc821d5ede4c30459a30f115e30782db16a8f89b91d1f2a40d5	7	2	FC-v1-helper-validation	archsimd	cell-v1-6c92454ac2618c935caa157521ab5cd331af3858cb5f7abc191c7b3eb73a3c47	op-v1-746f2ddb034fd6031f7480dc27f8384c48b313010cdf7ce853d620b940e70a90	4	eligible		simd/archsimd Go 1.26.5:FC-v1-helper-validation audit row; archsimd/ops_amd64.go:Load,Store,Shuffle,And,Or,Xor; archsimd/compare_gen_amd64.go:Equal,LessThan; archsimd/maskmerge_gen_amd64.go:Mask	validateUTF16LEWithErrorsArchsimd	symbol-v1-342ee20419bea84e9fe91529bd5f310efe972ece508bd95262f5375242957b1b	shared-kernel-v1-120db5f70734db70c2adb55bce38c42a97fd63340df6eb1aef80851057d20b8f	cell-v1-6c92454ac2618c935caa157521ab5cd331af3858cb5f7abc191c7b3eb73a3c47		KB-v1-FC-v1-helper-validation-archsimd-01	batch-v1-a3e22eb4f08275882272028524ee80416c7d736d6968d7a3d24357b95fdd92f0	EB-v1-KB-v1-FC-v1-helper-validation-archsimd-01-01	batch-v1-838fcb2c19051b4b339c8fab7e0e702645b87588e1df41276962c58426692264
v1	rk-v1-55f826b04d8bbbc821d5ede4c30459a30f115e30782db16a8f89b91d1f2a40d5	7	2	FC-v1-helper-validation	neon	cell-v1-384c263a0e94659fedcc18cf58fc109a0d42f728f17b8cdd7150c32067382556	op-v1-746f2ddb034fd6031f7480dc27f8384c48b313010cdf7ce853d620b940e70a90	4	eligible		611becc2a08c27a4edc77d9a45ff74c97130129b:include/simdutf/implementation.h:609;api-manifest.tsv:ValidateUTF16LEWithErrors;isa-eligibility.tsv:ValidateUTF16LE/BE, AsASCII, and WithErrors;upstream:src/arm64/arm_validate_utf16.cpp:2	validateUTF16LEWithErrorsNEON	symbol-v1-9eb8d6f1ce7e5f620fdaec8d480b014f01f727797d148e93a3b44c736ca38c6b	shared-kernel-v1-889ed4c2c06af9400fdf9225b1588a00fc903afd35d146974f31c833acf6118e	cell-v1-384c263a0e94659fedcc18cf58fc109a0d42f728f17b8cdd7150c32067382556		KB-v1-FC-v1-helper-validation-neon-01	batch-v1-d6ffbe759311fcbe5f968ed9e3947867a8f18f4788f635e702c056a9ce45e97f	EB-v1-KB-v1-FC-v1-helper-validation-neon-01-01	batch-v1-e4c40435708ef950c5c82e049a34ee64924fdbb1d38b87f01666bb9e55fa0cca
v1	rk-v1-34e8babc50eba5d4c910fc6e9269e486d874d1d99cea1cbc37eaf51751d2b8e3	8	3	FC-v1-helper-validation	westmere	cell-v1-4fc0ee819f69d5fdbebf70417203348fc56831040a4208504114f990fee4a34a	op-v1-746f2ddb034fd6031f7480dc27f8384c48b313010cdf7ce853d620b940e70a90	4	eligible		611becc2a08c27a4edc77d9a45ff74c97130129b:include/simdutf/implementation.h:642;api-manifest.tsv:ValidateUTF16BEWithErrors;isa-eligibility.tsv:ValidateUTF16LE/BE, AsASCII, and WithErrors;upstream:src/westmere/sse_validate_utf16.cpp:2	validateUTF16BEWithErrorsWestmere	symbol-v1-b2424fe5f9dcf5eb257605e87bc4cbb596a5301d39e7d2631bab4074335da03c	shared-kernel-v1-f62922119e23750fa9cff5197f4bd51b9b0daac1ebed10025cab3e07e7d41303	cell-v1-4fc0ee819f69d5fdbebf70417203348fc56831040a4208504114f990fee4a34a		KB-v1-FC-v1-helper-validation-westmere-01	batch-v1-012abe96dfb8e6ce6d69db8ce4ec8678ff49eefb9f4dfc696bd73a782f0339c6	EB-v1-KB-v1-FC-v1-helper-validation-westmere-01-01	batch-v1-350baea6045b345ea545f863d4cf14b21666e0b7b8b5e5289dc67d4e434ce0c9
v1	rk-v1-34e8babc50eba5d4c910fc6e9269e486d874d1d99cea1cbc37eaf51751d2b8e3	8	3	FC-v1-helper-validation	haswell	cell-v1-b246fa5d8adff4dc09ee1a7437e3fbbbd8eaa62b10b07fa5e04cbd541b280a8f	op-v1-746f2ddb034fd6031f7480dc27f8384c48b313010cdf7ce853d620b940e70a90	4	eligible		611becc2a08c27a4edc77d9a45ff74c97130129b:include/simdutf/implementation.h:642;api-manifest.tsv:ValidateUTF16LE/BE, AsASCII, and WithErrors;upstream:src/haswell/avx2_validate_utf16.cpp:2	validateUTF16BEWithErrorsHaswell	symbol-v1-8b778d3401e93aed0888847277492ef6e15bd8a7ff96eb167d73f9ea2b751c0b	shared-kernel-v1-ce5a058792bb98d0a3e5dfff9f0e6e2655a6010cc4d2f9c9c69b8712a7421c5a	cell-v1-b246fa5d8adff4dc09ee1a7437e3fbbbd8eaa62b10b07fa5e04cbd541b280a8f		KB-v1-FC-v1-helper-validation-haswell-01	batch-v1-43b21b9c3d360ad33c9540ef24a8ad9349207b70994356c50cdd24061304e97a	EB-v1-KB-v1-FC-v1-helper-validation-haswell-01-01	batch-v1-dbe6c6842750dfb1580bd43b982bc92b8efeeb5198d5581627c8801ee8aacb63
v1	rk-v1-34e8babc50eba5d4c910fc6e9269e486d874d1d99cea1cbc37eaf51751d2b8e3	8	3	FC-v1-helper-validation	archsimd	cell-v1-54515b294694f14f364f062e6625cc65616f4647552f63767dd446f7ca9f1b6c	op-v1-746f2ddb034fd6031f7480dc27f8384c48b313010cdf7ce853d620b940e70a90	4	eligible		simd/archsimd Go 1.26.5:FC-v1-helper-validation audit row; archsimd/ops_amd64.go:Load,Store,Shuffle,And,Or,Xor; archsimd/compare_gen_amd64.go:Equal,LessThan; archsimd/maskmerge_gen_amd64.go:Mask	validateUTF16BEWithErrorsArchsimd	symbol-v1-70e8079c08625b1aa8a8d6b494b6ac29e2c29ee1e844b6a22e89df11ecd1abc2	shared-kernel-v1-0216dff30b4134c57d66eeb6997e1a3c0bf2f90e863e207fc9a25d8c948fbab7	cell-v1-54515b294694f14f364f062e6625cc65616f4647552f63767dd446f7ca9f1b6c		KB-v1-FC-v1-helper-validation-archsimd-01	batch-v1-a3e22eb4f08275882272028524ee80416c7d736d6968d7a3d24357b95fdd92f0	EB-v1-KB-v1-FC-v1-helper-validation-archsimd-01-01	batch-v1-838fcb2c19051b4b339c8fab7e0e702645b87588e1df41276962c58426692264
v1	rk-v1-34e8babc50eba5d4c910fc6e9269e486d874d1d99cea1cbc37eaf51751d2b8e3	8	3	FC-v1-helper-validation	neon	cell-v1-629f1968eab2f1dede54192ada440ab7dca690e3beca86ac3ab2a828587ac7c1	op-v1-746f2ddb034fd6031f7480dc27f8384c48b313010cdf7ce853d620b940e70a90	4	eligible		611becc2a08c27a4edc77d9a45ff74c97130129b:include/simdutf/implementation.h:642;api-manifest.tsv:ValidateUTF16BEWithErrors;isa-eligibility.tsv:ValidateUTF16LE/BE, AsASCII, and WithErrors;upstream:src/arm64/arm_validate_utf16.cpp:2	validateUTF16BEWithErrorsNEON	symbol-v1-0c4f6c558c148be46a91a05369f100d590e4eaccf365a146f45f0eea9c85953d	shared-kernel-v1-6e14be5834d40fb17a19fddf93110ffca31144779b9ca051227e99ece4adb2fc	cell-v1-629f1968eab2f1dede54192ada440ab7dca690e3beca86ac3ab2a828587ac7c1		KB-v1-FC-v1-helper-validation-neon-01	batch-v1-d6ffbe759311fcbe5f968ed9e3947867a8f18f4788f635e702c056a9ce45e97f	EB-v1-KB-v1-FC-v1-helper-validation-neon-01-01	batch-v1-e4c40435708ef950c5c82e049a34ee64924fdbb1d38b87f01666bb9e55fa0cca
v1	rk-v1-fa4941b5d09f0fc5d20e089cf7dee9c8e5b31b949b42bb594a246fc8d4f806d9	9	4	FC-v1-helper-validation	westmere	cell-v1-f40a30d9ab02f9ce63abb1f2c7ace0def0ea247b047aa1ef9ced40d73c8cb302	op-v1-9a03658c5a22f236d7c1ed6a8e4dd239f57ce39a454a43d6890cf3e1212f178a	6	eligible		611becc2a08c27a4edc77d9a45ff74c97130129b:include/simdutf/implementation.h:671;api-manifest.tsv:ToWellFormedUTF16LE;isa-eligibility.tsv:ToWellFormedUTF16LE/BE;upstream:src/westmere/sse_utf16fix.cpp:2	toWellFormedUTF16LEWestmere	symbol-v1-d3366d0d210e69b8e803863e669bc380bb3fbac882c824695a60d6a41544792b	shared-kernel-v1-b2ad41412e9b8e341408b5f06701bbb836d255cc3e0ceb48be3c2cf4deba0711	cell-v1-f40a30d9ab02f9ce63abb1f2c7ace0def0ea247b047aa1ef9ced40d73c8cb302		KB-v1-FC-v1-helper-validation-westmere-01	batch-v1-012abe96dfb8e6ce6d69db8ce4ec8678ff49eefb9f4dfc696bd73a782f0339c6	EB-v1-KB-v1-FC-v1-helper-validation-westmere-01-01	batch-v1-350baea6045b345ea545f863d4cf14b21666e0b7b8b5e5289dc67d4e434ce0c9
v1	rk-v1-fa4941b5d09f0fc5d20e089cf7dee9c8e5b31b949b42bb594a246fc8d4f806d9	9	4	FC-v1-helper-validation	haswell	cell-v1-59a6436111db96e48e7555bb5c77a3468135947fcbf329c7098f5aea7d42f0e4	op-v1-9a03658c5a22f236d7c1ed6a8e4dd239f57ce39a454a43d6890cf3e1212f178a	6	eligible		611becc2a08c27a4edc77d9a45ff74c97130129b:include/simdutf/implementation.h:671;api-manifest.tsv:ToWellFormedUTF16LE;isa-eligibility.tsv:ToWellFormedUTF16LE/BE;upstream:src/haswell/avx2_utf16fix.cpp:2	toWellFormedUTF16LEHaswell	symbol-v1-27035dc0c74c021056d25b1298cea358f505813396c766f1a49bd16d20697da3	shared-kernel-v1-ac6ba11222a78d1c6b592917817da096cc305c777ecc9de141b6717ba7ba0060	cell-v1-59a6436111db96e48e7555bb5c77a3468135947fcbf329c7098f5aea7d42f0e4		KB-v1-FC-v1-helper-validation-haswell-01	batch-v1-43b21b9c3d360ad33c9540ef24a8ad9349207b70994356c50cdd24061304e97a	EB-v1-KB-v1-FC-v1-helper-validation-haswell-01-01	batch-v1-dbe6c6842750dfb1580bd43b982bc92b8efeeb5198d5581627c8801ee8aacb63
v1	rk-v1-fa4941b5d09f0fc5d20e089cf7dee9c8e5b31b949b42bb594a246fc8d4f806d9	9	4	FC-v1-helper-validation	archsimd	cell-v1-1d9fc148f27a5005b8f7f45e911f3c7ea0edbbaddd05dd534ce1f71053c306c0	op-v1-9a03658c5a22f236d7c1ed6a8e4dd239f57ce39a454a43d6890cf3e1212f178a	6	eligible		simd/archsimd Go 1.26.5:FC-v1-helper-validation audit row; archsimd/ops_amd64.go:Load,Store,Shuffle,And,Or,Xor; archsimd/compare_gen_amd64.go:Equal,LessThan; archsimd/maskmerge_gen_amd64.go:Mask	toWellFormedUTF16LEArchsimd	symbol-v1-73d51c70ceda7a7cec6267a4e9b688f58dfb2df71493e39dc12f0a1cbb7ea661	shared-kernel-v1-8fb9b2be2341c0840c4b0b3abb4c343b9c547ce2c5b69dc17e371750be96ba01	cell-v1-1d9fc148f27a5005b8f7f45e911f3c7ea0edbbaddd05dd534ce1f71053c306c0		KB-v1-FC-v1-helper-validation-archsimd-01	batch-v1-a3e22eb4f08275882272028524ee80416c7d736d6968d7a3d24357b95fdd92f0	EB-v1-KB-v1-FC-v1-helper-validation-archsimd-01-01	batch-v1-838fcb2c19051b4b339c8fab7e0e702645b87588e1df41276962c58426692264
v1	rk-v1-fa4941b5d09f0fc5d20e089cf7dee9c8e5b31b949b42bb594a246fc8d4f806d9	9	4	FC-v1-helper-validation	neon	cell-v1-ac248b9d0a78b4f8b573ae3177a34bc892cc6df1d1c95ceddbbd40ca2b2ed979	op-v1-9a03658c5a22f236d7c1ed6a8e4dd239f57ce39a454a43d6890cf3e1212f178a	6	eligible		611becc2a08c27a4edc77d9a45ff74c97130129b:include/simdutf/implementation.h:671;api-manifest.tsv:ToWellFormedUTF16LE;isa-eligibility.tsv:ToWellFormedUTF16LE/BE;upstream:src/arm64/arm_utf16fix.cpp:2	toWellFormedUTF16LENEON	symbol-v1-f963a51e1b4ad902c8c9862e6a02f4515abb7d5d66ae7c9d6a21395f034ebd8a	shared-kernel-v1-808aef066606e72db54c64fa931ee506592425405688a90ec20e8eb2cc7fa997	cell-v1-ac248b9d0a78b4f8b573ae3177a34bc892cc6df1d1c95ceddbbd40ca2b2ed979		KB-v1-FC-v1-helper-validation-neon-01	batch-v1-d6ffbe759311fcbe5f968ed9e3947867a8f18f4788f635e702c056a9ce45e97f	EB-v1-KB-v1-FC-v1-helper-validation-neon-01-01	batch-v1-e4c40435708ef950c5c82e049a34ee64924fdbb1d38b87f01666bb9e55fa0cca
v1	rk-v1-8a9d078d2fb7ab56a36f41071ed71d96b4fe16b4d712078637a5f48c3ed5045d	10	5	FC-v1-helper-validation	westmere	cell-v1-96bd2e19dc4bc73bed16b36b61359ad9983f50340717957b3e9f98ca16d00b99	op-v1-9a03658c5a22f236d7c1ed6a8e4dd239f57ce39a454a43d6890cf3e1212f178a	6	eligible		611becc2a08c27a4edc77d9a45ff74c97130129b:include/simdutf/implementation.h:701;api-manifest.tsv:ToWellFormedUTF16BE;isa-eligibility.tsv:ToWellFormedUTF16LE/BE;upstream:src/westmere/sse_utf16fix.cpp:2	toWellFormedUTF16BEWestmere	symbol-v1-81689e80dfa688949dccf5b8293f519ee9bb2b56dd1f5121ae2e7728e89a2f66	shared-kernel-v1-3e25b61c27fc405130b0d9ffdc53716e8dc0c964f305816ad3234b32e5864d59	cell-v1-96bd2e19dc4bc73bed16b36b61359ad9983f50340717957b3e9f98ca16d00b99		KB-v1-FC-v1-helper-validation-westmere-01	batch-v1-012abe96dfb8e6ce6d69db8ce4ec8678ff49eefb9f4dfc696bd73a782f0339c6	EB-v1-KB-v1-FC-v1-helper-validation-westmere-01-01	batch-v1-350baea6045b345ea545f863d4cf14b21666e0b7b8b5e5289dc67d4e434ce0c9
v1	rk-v1-8a9d078d2fb7ab56a36f41071ed71d96b4fe16b4d712078637a5f48c3ed5045d	10	5	FC-v1-helper-validation	haswell	cell-v1-4fd7022e572a061cb379ee91100b260e8351aa71b53e3cd4120442a007cfddc0	op-v1-9a03658c5a22f236d7c1ed6a8e4dd239f57ce39a454a43d6890cf3e1212f178a	6	eligible		611becc2a08c27a4edc77d9a45ff74c97130129b:include/simdutf/implementation.h:701;api-manifest.tsv:ToWellFormedUTF16BE;isa-eligibility.tsv:ToWellFormedUTF16LE/BE;upstream:src/haswell/avx2_utf16fix.cpp:2	toWellFormedUTF16BEHaswell	symbol-v1-8cce5718f7a9c11ea0648556983043e4b4144b10be121edca55924864856dca8	shared-kernel-v1-79691dec937c8a2ec81e0f53a6696fce423452a2189e0512d54dfd844f818c5c	cell-v1-4fd7022e572a061cb379ee91100b260e8351aa71b53e3cd4120442a007cfddc0		KB-v1-FC-v1-helper-validation-haswell-01	batch-v1-43b21b9c3d360ad33c9540ef24a8ad9349207b70994356c50cdd24061304e97a	EB-v1-KB-v1-FC-v1-helper-validation-haswell-01-01	batch-v1-dbe6c6842750dfb1580bd43b982bc92b8efeeb5198d5581627c8801ee8aacb63
v1	rk-v1-8a9d078d2fb7ab56a36f41071ed71d96b4fe16b4d712078637a5f48c3ed5045d	10	5	FC-v1-helper-validation	archsimd	cell-v1-c8f7629754d5b7a18b4dbd87d467b9fa4e288ec24579f50d38791265f8363de2	op-v1-9a03658c5a22f236d7c1ed6a8e4dd239f57ce39a454a43d6890cf3e1212f178a	6	eligible		simd/archsimd Go 1.26.5:FC-v1-helper-validation audit row; archsimd/ops_amd64.go:Load,Store,Shuffle,And,Or,Xor; archsimd/compare_gen_amd64.go:Equal,LessThan; archsimd/maskmerge_gen_amd64.go:Mask	toWellFormedUTF16BEArchsimd	symbol-v1-b41cf0440625d8a9b8f89585a1b50d62190d6ec0e6c03867f362b2e81dc32bc2	shared-kernel-v1-0a6cd272d5052a9e995a2264cab737872c8e8a9a50e2f39b91028ec5555f10a4	cell-v1-c8f7629754d5b7a18b4dbd87d467b9fa4e288ec24579f50d38791265f8363de2		KB-v1-FC-v1-helper-validation-archsimd-01	batch-v1-a3e22eb4f08275882272028524ee80416c7d736d6968d7a3d24357b95fdd92f0	EB-v1-KB-v1-FC-v1-helper-validation-archsimd-01-01	batch-v1-838fcb2c19051b4b339c8fab7e0e702645b87588e1df41276962c58426692264
v1	rk-v1-8a9d078d2fb7ab56a36f41071ed71d96b4fe16b4d712078637a5f48c3ed5045d	10	5	FC-v1-helper-validation	neon	cell-v1-d3fa842c9543ca8f81105ab35d64a51b9178e6b0b7b53cf6ebc15039da51b7f7	op-v1-9a03658c5a22f236d7c1ed6a8e4dd239f57ce39a454a43d6890cf3e1212f178a	6	eligible		611becc2a08c27a4edc77d9a45ff74c97130129b:include/simdutf/implementation.h:701;api-manifest.tsv:ToWellFormedUTF16BE;isa-eligibility.tsv:ToWellFormedUTF16LE/BE;upstream:src/arm64/arm_utf16fix.cpp:2	toWellFormedUTF16BENEON	symbol-v1-8fdb97f3453b046707eeefaf7c7f93a3162f5e4aec8385a6a5693be59513d551	shared-kernel-v1-50bbb0001211191c6e057504b6fcdcee4eb5ae4c17e97029e334a61e9ba6a01c	cell-v1-d3fa842c9543ca8f81105ab35d64a51b9178e6b0b7b53cf6ebc15039da51b7f7		KB-v1-FC-v1-helper-validation-neon-01	batch-v1-d6ffbe759311fcbe5f968ed9e3947867a8f18f4788f635e702c056a9ce45e97f	EB-v1-KB-v1-FC-v1-helper-validation-neon-01-01	batch-v1-e4c40435708ef950c5c82e049a34ee64924fdbb1d38b87f01666bb9e55fa0cca
v1	rk-v1-991029ba6b52152f9a1571ba06b800a76de5a02e83c4f62d10c9998125426e33	11	9	FC-v1-helper-validation	westmere	cell-v1-31144c2bc9a24f3ed1900c054740e3f22010f99baf113fb9fc4c16bce40cabc4	op-v1-9a03658c5a22f236d7c1ed6a8e4dd239f57ce39a454a43d6890cf3e1212f178a	6	not_applicable	native_wrapper_delegates_explicit_endian	611becc2a08c27a4edc77d9a45ff74c97130129b:include/simdutf/implementation.h:731									
v1	rk-v1-991029ba6b52152f9a1571ba06b800a76de5a02e83c4f62d10c9998125426e33	11	9	FC-v1-helper-validation	haswell	cell-v1-bb42c35f61be36567a588949960a2eb8ee3f6d6ceb8ab373f13f857096eff5cf	op-v1-9a03658c5a22f236d7c1ed6a8e4dd239f57ce39a454a43d6890cf3e1212f178a	6	not_applicable	native_wrapper_delegates_explicit_endian	611becc2a08c27a4edc77d9a45ff74c97130129b:include/simdutf/implementation.h:731									
v1	rk-v1-991029ba6b52152f9a1571ba06b800a76de5a02e83c4f62d10c9998125426e33	11	9	FC-v1-helper-validation	archsimd	cell-v1-1f4dab94326097a6ea4b81a93f4680769bfa6223c49387eddd22032243ae072e	op-v1-9a03658c5a22f236d7c1ed6a8e4dd239f57ce39a454a43d6890cf3e1212f178a	6	not_applicable	native_wrapper_delegates_explicit_endian	611becc2a08c27a4edc77d9a45ff74c97130129b:include/simdutf/implementation.h:731									
v1	rk-v1-991029ba6b52152f9a1571ba06b800a76de5a02e83c4f62d10c9998125426e33	11	9	FC-v1-helper-validation	neon	cell-v1-4070e6b84479e22929b0c6d7c1cefe28171b3040d8510293750e1bbfa1b21997	op-v1-9a03658c5a22f236d7c1ed6a8e4dd239f57ce39a454a43d6890cf3e1212f178a	6	not_applicable	native_wrapper_delegates_explicit_endian	611becc2a08c27a4edc77d9a45ff74c97130129b:include/simdutf/implementation.h:731									
v1	rk-v1-a582c3ac7b835ea738ec32f2f84d7ab1ea6b15b0c37abc2fccc381312b1c7fd4	12	6	FC-v1-helper-validation	westmere	cell-v1-d4e5436b9dc2b67bc6ed85b593be7e574bc7fdca664680307a7d9380624ff304	op-v1-fcf3c75ef3a8f35fde8f3d10682e337ae82354741896c312930200ba84199588	5	eligible		611becc2a08c27a4edc77d9a45ff74c97130129b:include/simdutf/implementation.h:766;api-manifest.tsv:ValidateUTF32;isa-eligibility.tsv:ValidateUTF32 and ValidateUTF32WithErrors;upstream:src/westmere/implementation.cpp:138	validateUTF32Westmere	symbol-v1-fec8c28ef0746499c7169ecb519c92f329443c8bf485d1a34ddb66bbd74ad608	shared-kernel-v1-a40e02a4cdcea250dc19076c31059e1e27284435c9c0521b8f9514ac43260da9	cell-v1-d4e5436b9dc2b67bc6ed85b593be7e574bc7fdca664680307a7d9380624ff304		KB-v1-FC-v1-helper-validation-westmere-01	batch-v1-012abe96dfb8e6ce6d69db8ce4ec8678ff49eefb9f4dfc696bd73a782f0339c6	EB-v1-KB-v1-FC-v1-helper-validation-westmere-01-01	batch-v1-350baea6045b345ea545f863d4cf14b21666e0b7b8b5e5289dc67d4e434ce0c9
v1	rk-v1-a582c3ac7b835ea738ec32f2f84d7ab1ea6b15b0c37abc2fccc381312b1c7fd4	12	6	FC-v1-helper-validation	haswell	cell-v1-02089cd856f202342fdf1e068950a73c32d5e202f40d457d611228f1f539e5fc	op-v1-fcf3c75ef3a8f35fde8f3d10682e337ae82354741896c312930200ba84199588	5	eligible		611becc2a08c27a4edc77d9a45ff74c97130129b:include/simdutf/implementation.h:766;api-manifest.tsv:ValidateUTF32;isa-eligibility.tsv:ValidateUTF32 and ValidateUTF32WithErrors;upstream:src/haswell/implementation.cpp:142	validateUTF32Haswell	symbol-v1-958b76f3d2e0db6fc86c4788e7866b5c355acf3a3d7d70b22bda307c865becf9	shared-kernel-v1-f9e4b473a3eafcf1e6a7215f66fd67f41e587eb634212f825e8e1a2dab750fb4	cell-v1-02089cd856f202342fdf1e068950a73c32d5e202f40d457d611228f1f539e5fc		KB-v1-FC-v1-helper-validation-haswell-01	batch-v1-43b21b9c3d360ad33c9540ef24a8ad9349207b70994356c50cdd24061304e97a	EB-v1-KB-v1-FC-v1-helper-validation-haswell-01-01	batch-v1-dbe6c6842750dfb1580bd43b982bc92b8efeeb5198d5581627c8801ee8aacb63
v1	rk-v1-a582c3ac7b835ea738ec32f2f84d7ab1ea6b15b0c37abc2fccc381312b1c7fd4	12	6	FC-v1-helper-validation	archsimd	cell-v1-bc77cb188994e6966e93e82fc900002dd83efc479a41656fbbf0ec971e5bcaa7	op-v1-fcf3c75ef3a8f35fde8f3d10682e337ae82354741896c312930200ba84199588	5	eligible		simd/archsimd Go 1.26.5:FC-v1-helper-validation audit row; archsimd/ops_amd64.go:Load,Store,Shuffle,And,Or,Xor; archsimd/compare_gen_amd64.go:Equal,LessThan; archsimd/maskmerge_gen_amd64.go:Mask	validateUTF32Archsimd	symbol-v1-772fe6e52b81cb64fb616656057f3e771969fc06204fbc3a0ac1425270e6f9dd	shared-kernel-v1-a1508633314045c88462eb1a86e53796f710b81bc734ce1a2275256068f2fc1f	cell-v1-bc77cb188994e6966e93e82fc900002dd83efc479a41656fbbf0ec971e5bcaa7		KB-v1-FC-v1-helper-validation-archsimd-01	batch-v1-a3e22eb4f08275882272028524ee80416c7d736d6968d7a3d24357b95fdd92f0	EB-v1-KB-v1-FC-v1-helper-validation-archsimd-01-01	batch-v1-838fcb2c19051b4b339c8fab7e0e702645b87588e1df41276962c58426692264
v1	rk-v1-a582c3ac7b835ea738ec32f2f84d7ab1ea6b15b0c37abc2fccc381312b1c7fd4	12	6	FC-v1-helper-validation	neon	cell-v1-5c76b34843b3a113daaee0889d3c0ba10136cb8e2736a9ca4698692c8b57b141	op-v1-fcf3c75ef3a8f35fde8f3d10682e337ae82354741896c312930200ba84199588	5	eligible		611becc2a08c27a4edc77d9a45ff74c97130129b:include/simdutf/implementation.h:766;api-manifest.tsv:ValidateUTF32;isa-eligibility.tsv:ValidateUTF32 and ValidateUTF32WithErrors;upstream:src/arm64/arm_validate_utf32le.cpp:2	validateUTF32NEON	symbol-v1-4ea34bb0c894e683c05e2c35cf99cbc6d7412b48de7dde75c07b0fb2bf05914e	shared-kernel-v1-206e77caf4065d9ba565db2397c67eabfd6f2b08557f27aaa9785998bb486972	cell-v1-5c76b34843b3a113daaee0889d3c0ba10136cb8e2736a9ca4698692c8b57b141		KB-v1-FC-v1-helper-validation-neon-01	batch-v1-d6ffbe759311fcbe5f968ed9e3947867a8f18f4788f635e702c056a9ce45e97f	EB-v1-KB-v1-FC-v1-helper-validation-neon-01-01	batch-v1-e4c40435708ef950c5c82e049a34ee64924fdbb1d38b87f01666bb9e55fa0cca
v1	rk-v1-510cb2e89abfbdf685b739d49e1d16b73c0196ab875e6038daa1130ccc4d872a	13	7	FC-v1-helper-validation	westmere	cell-v1-43c71c02c9dfe2bc47770da93db597299cfdff4b6def37a3d578a12519b15a58	op-v1-fcf3c75ef3a8f35fde8f3d10682e337ae82354741896c312930200ba84199588	5	eligible		611becc2a08c27a4edc77d9a45ff74c97130129b:include/simdutf/implementation.h:801;api-manifest.tsv:ValidateUTF32WithErrors;isa-eligibility.tsv:ValidateUTF32 and ValidateUTF32WithErrors;upstream:src/westmere/implementation.cpp:138	validateUTF32WithErrorsWestmere	symbol-v1-b6df11bb57d50a8631a67507031f4d45614c87e151214534d456e282dded504a	shared-kernel-v1-8d367356d65a7e67c69d5642a857ca22d0efc5c3b310258e8a62a827d2cee226	cell-v1-43c71c02c9dfe2bc47770da93db597299cfdff4b6def37a3d578a12519b15a58		KB-v1-FC-v1-helper-validation-westmere-01	batch-v1-012abe96dfb8e6ce6d69db8ce4ec8678ff49eefb9f4dfc696bd73a782f0339c6	EB-v1-KB-v1-FC-v1-helper-validation-westmere-01-01	batch-v1-350baea6045b345ea545f863d4cf14b21666e0b7b8b5e5289dc67d4e434ce0c9
v1	rk-v1-510cb2e89abfbdf685b739d49e1d16b73c0196ab875e6038daa1130ccc4d872a	13	7	FC-v1-helper-validation	haswell	cell-v1-7ca7423e128b71bba2cf0c4eea5a72fede7476dc073ab0aa559bb42b49e49383	op-v1-fcf3c75ef3a8f35fde8f3d10682e337ae82354741896c312930200ba84199588	5	eligible		611becc2a08c27a4edc77d9a45ff74c97130129b:include/simdutf/implementation.h:801;api-manifest.tsv:ValidateUTF32WithErrors;isa-eligibility.tsv:ValidateUTF32 and ValidateUTF32WithErrors;upstream:src/haswell/implementation.cpp:142	validateUTF32WithErrorsHaswell	symbol-v1-2c912b3a622e8f217f711e6376a63e4485ec245fc67ee19ac386238f5da6d56a	shared-kernel-v1-0acb701d6541b6981334ede5aea89d24e44114410b3ded7ced22085d21a9b437	cell-v1-7ca7423e128b71bba2cf0c4eea5a72fede7476dc073ab0aa559bb42b49e49383		KB-v1-FC-v1-helper-validation-haswell-01	batch-v1-43b21b9c3d360ad33c9540ef24a8ad9349207b70994356c50cdd24061304e97a	EB-v1-KB-v1-FC-v1-helper-validation-haswell-01-01	batch-v1-dbe6c6842750dfb1580bd43b982bc92b8efeeb5198d5581627c8801ee8aacb63
v1	rk-v1-510cb2e89abfbdf685b739d49e1d16b73c0196ab875e6038daa1130ccc4d872a	13	7	FC-v1-helper-validation	archsimd	cell-v1-f72359bd52e0a48224cee956e837a41a35eaac95ee7b4beca65a08fba8dce9a6	op-v1-fcf3c75ef3a8f35fde8f3d10682e337ae82354741896c312930200ba84199588	5	eligible		simd/archsimd Go 1.26.5:FC-v1-helper-validation audit row; required primitives: u16 loads/endian swap/surrogate compares/masks/carry/first-error; masked U+FFFD replacement/store; u32 range/surrogate compares/mask reduction; available: archsimd/ops_amd64.go:Load,Store,Shuffle,And,Or,Xor; archsimd/compare_gen_amd64.go:Equal,LessThan; archsimd/maskmerge_gen_amd64.go:Mask	validateUTF32WithErrorsArchsimd	symbol-v1-0454ae3151b8b89c04ab88bcc6e34a6856b9ea7c87113bc85be1ca18c3009d5b	shared-kernel-v1-4783411a076b2af462198a9fa81d89da114efbcc06f7eb7302c4aa3513054dfb	cell-v1-f72359bd52e0a48224cee956e837a41a35eaac95ee7b4beca65a08fba8dce9a6		KB-v1-FC-v1-helper-validation-archsimd-01	batch-v1-a3e22eb4f08275882272028524ee80416c7d736d6968d7a3d24357b95fdd92f0	EB-v1-KB-v1-FC-v1-helper-validation-archsimd-01-01	batch-v1-838fcb2c19051b4b339c8fab7e0e702645b87588e1df41276962c58426692264
v1	rk-v1-510cb2e89abfbdf685b739d49e1d16b73c0196ab875e6038daa1130ccc4d872a	13	7	FC-v1-helper-validation	neon	cell-v1-c57033b0123a86a5c94b09d92fc23e1b1ce1ac0bfb21e393479f263faf6515bb	op-v1-fcf3c75ef3a8f35fde8f3d10682e337ae82354741896c312930200ba84199588	5	eligible		611becc2a08c27a4edc77d9a45ff74c97130129b:include/simdutf/implementation.h:801;api-manifest.tsv:ValidateUTF32WithErrors;isa-eligibility.tsv:ValidateUTF32 and ValidateUTF32WithErrors;upstream:src/arm64/arm_validate_utf32le.cpp:2	validateUTF32WithErrorsNEON	symbol-v1-0b8e7d72c434580b937224b33dc28f338baa0f8a7e2c6bbc3ed05da0e92d0abf	shared-kernel-v1-a5449eb9e3b1206992f6781a0855d9fdd4068290ea1d3b178af057f4fbfd0a06	cell-v1-c57033b0123a86a5c94b09d92fc23e1b1ce1ac0bfb21e393479f263faf6515bb		KB-v1-FC-v1-helper-validation-neon-01	batch-v1-d6ffbe759311fcbe5f968ed9e3947867a8f18f4788f635e702c056a9ce45e97f	EB-v1-KB-v1-FC-v1-helper-validation-neon-01-01	batch-v1-e4c40435708ef950c5c82e049a34ee64924fdbb1d38b87f01666bb9e55fa0cca
v1	rk-v1-972dd5af819d6bf5975987c4e9b5ead848e7157f7ca559c2d64f0731fde66c33	14	12	FC-v1-latin1-source	westmere	cell-v1-ad5eaa7d0925cfd67b2a245cca9d98f0fbb7f5d6e4e130949f883dc69f455af2	op-v1-3eb929e27b14b04ee5095e916e85c77cd45d0b24c2596dc80e916182a794a411	7	eligible		611becc2a08c27a4edc77d9a45ff74c97130129b:include/simdutf/implementation.h:830;api-manifest.tsv:ConvertLatin1ToUTF8;isa-eligibility.tsv:ConvertLatin1ToUTF8;upstream:src/westmere/sse_convert_latin1_to_utf8.cpp:2	convertLatin1ToUTF8Westmere	symbol-v1-ac4f7925064fe96c5be93aa120cff4977871e376ed4dccb14494b86899e8683b	shared-kernel-v1-9e0f8fd5fb99d993c68fe47552dbff658c76a00c1e51cc61599fbff9590671b1	cell-v1-ad5eaa7d0925cfd67b2a245cca9d98f0fbb7f5d6e4e130949f883dc69f455af2		KB-v1-FC-v1-latin1-source-westmere-01	batch-v1-25126b8a0e80973d9f2f0ed7c14c34606c0b4d1bcaee5d64182b8e392a04dfe4	EB-v1-KB-v1-FC-v1-latin1-source-westmere-01-01	batch-v1-0e55bbfa16917ec5697fe59783f99180b29e9f5da9e5991a08b9d1fcb6627283
v1	rk-v1-972dd5af819d6bf5975987c4e9b5ead848e7157f7ca559c2d64f0731fde66c33	14	12	FC-v1-latin1-source	haswell	cell-v1-c4cddcbb6929160a08e04a544dbdc1ea2bf544f7d2e6322d969e5e31481724a5	op-v1-3eb929e27b14b04ee5095e916e85c77cd45d0b24c2596dc80e916182a794a411	7	eligible		611becc2a08c27a4edc77d9a45ff74c97130129b:include/simdutf/implementation.h:830;api-manifest.tsv:ConvertLatin1ToUTF8;isa-eligibility.tsv:ConvertLatin1ToUTF8;upstream:src/haswell/avx2_convert_latin1_to_utf8.cpp:2	convertLatin1ToUTF8Haswell	symbol-v1-0ef201c59d60f476c2126e7aece8b49290408e9debaf39bbb025244b3980460a	shared-kernel-v1-18a706bb05fe8dfa656e8198715b450c516f6fb0c6578ca030b25410f15bca76	cell-v1-c4cddcbb6929160a08e04a544dbdc1ea2bf544f7d2e6322d969e5e31481724a5		KB-v1-FC-v1-latin1-source-haswell-01	batch-v1-0c8af1045db050c89b7e6e8d5477ce0ee29676ad34017e23d8a63a97acc005da	EB-v1-KB-v1-FC-v1-latin1-source-haswell-01-01	batch-v1-58908d36eede5af28f5ca2ff7ec62d8a2bd5cca9398c9eff324fde73bbed3c2b
v1	rk-v1-972dd5af819d6bf5975987c4e9b5ead848e7157f7ca559c2d64f0731fde66c33	14	12	FC-v1-latin1-source	archsimd	cell-v1-d676951c3a2c7afd744d8f09f140a0ea8a5e9bcd983798d4f538b9730dab0796	op-v1-3eb929e27b14b04ee5095e916e85c77cd45d0b24c2596dc80e916182a794a411	7	eligible		simd/archsimd Go 1.26.5:FC-v1-latin1-source audit row; required primitives: u8→u16/u32 widening, endian stores, UTF-8 pack/shuffle, high-bit masks, lane count; available: archsimd/ops_amd64.go:Load,Store,Shuffle,And,Or,Xor; archsimd/compare_gen_amd64.go:Equal,LessThan; archsimd/maskmerge_gen_amd64.go:Mask	convertLatin1ToUTF8Archsimd	symbol-v1-a7c743332c451eccc1e7b1680156af8430264b28393cd3ef35ff6a66f8f210e9	shared-kernel-v1-a873bb14f437f364cb851fee5ab7ca7e3029284543464e544df9f0478e29db5e	cell-v1-d676951c3a2c7afd744d8f09f140a0ea8a5e9bcd983798d4f538b9730dab0796		KB-v1-FC-v1-latin1-source-archsimd-01	batch-v1-72699fa8fef8882caffb5622bcf6fa060a5990a2899736b025c8c29b48098134	EB-v1-KB-v1-FC-v1-latin1-source-archsimd-01-01	batch-v1-ce2c7b1f960bbef95d0ad388b0be8da227c5bd74ec2a6de17b4fc72e66e1dd36
v1	rk-v1-972dd5af819d6bf5975987c4e9b5ead848e7157f7ca559c2d64f0731fde66c33	14	12	FC-v1-latin1-source	neon	cell-v1-c3a042aa1a23adb82f255518d72b2256c54c5ef898b1e017209eeeea241a4be9	op-v1-3eb929e27b14b04ee5095e916e85c77cd45d0b24c2596dc80e916182a794a411	7	eligible		611becc2a08c27a4edc77d9a45ff74c97130129b:include/simdutf/implementation.h:830;api-manifest.tsv:ConvertLatin1ToUTF8;isa-eligibility.tsv:ConvertLatin1ToUTF8;upstream:src/arm64/arm_convert_latin1_to_utf8.cpp:6	convertLatin1ToUTF8NEON	symbol-v1-ceb76bdf99cb078e6527bd616e43be7e30f3241ed3cecd2daafa761fb1bdc41d	shared-kernel-v1-497768f04a3bea0349bd0bae71d581e7158adf91f5b62d967869d7e33a3f5945	cell-v1-c3a042aa1a23adb82f255518d72b2256c54c5ef898b1e017209eeeea241a4be9		KB-v1-FC-v1-latin1-source-neon-01	batch-v1-cb58e8202ae796f309ab5dab2bda493703aa214531578f15d992d01d1f4c2411	EB-v1-KB-v1-FC-v1-latin1-source-neon-01-01	batch-v1-4983253de6a32620981f8d639b5f5561155a23df14f5e451e5d9fdb63afa66c1
v1	rk-v1-b69f3bf5377207cd540d0166f58711701cc9ab5f31e9a7470b6da002a935d8e1	15	19	FC-v1-latin1-source	westmere	cell-v1-f36cd1e9c9928ac20a90b392754b1cd7791dc975a6db6b6bb4b3d9d2cacc6aae	op-v1-3eb929e27b14b04ee5095e916e85c77cd45d0b24c2596dc80e916182a794a411	7	not_applicable	composite_wrapper_delegates_accelerated_core	611becc2a08c27a4edc77d9a45ff74c97130129b:include/simdutf/implementation.h:868;dependency:ConvertLatin1ToUTF8									
v1	rk-v1-b69f3bf5377207cd540d0166f58711701cc9ab5f31e9a7470b6da002a935d8e1	15	19	FC-v1-latin1-source	haswell	cell-v1-303666096fe1e1361ebb8bc498d7a1330d9a3f3dfafa998e0d08aa66e58fb218	op-v1-3eb929e27b14b04ee5095e916e85c77cd45d0b24c2596dc80e916182a794a411	7	not_applicable	composite_wrapper_delegates_accelerated_core	611becc2a08c27a4edc77d9a45ff74c97130129b:include/simdutf/implementation.h:868;dependency:ConvertLatin1ToUTF8									
v1	rk-v1-b69f3bf5377207cd540d0166f58711701cc9ab5f31e9a7470b6da002a935d8e1	15	19	FC-v1-latin1-source	archsimd	cell-v1-017bf2a92e6235aa83bb8508d70599564bb7fffb5a3bec495868dec2bb3ecaeb	op-v1-3eb929e27b14b04ee5095e916e85c77cd45d0b24c2596dc80e916182a794a411	7	not_applicable	composite_wrapper_delegates_accelerated_core	611becc2a08c27a4edc77d9a45ff74c97130129b:include/simdutf/implementation.h:868;dependency:ConvertLatin1ToUTF8									
v1	rk-v1-b69f3bf5377207cd540d0166f58711701cc9ab5f31e9a7470b6da002a935d8e1	15	19	FC-v1-latin1-source	neon	cell-v1-3a461b3de718953da2271abe96fce2ea504fe6bd429211ed28dfec23975e5845	op-v1-3eb929e27b14b04ee5095e916e85c77cd45d0b24c2596dc80e916182a794a411	7	not_applicable	composite_wrapper_delegates_accelerated_core	611becc2a08c27a4edc77d9a45ff74c97130129b:include/simdutf/implementation.h:868;dependency:ConvertLatin1ToUTF8									
v1	rk-v1-5839788da525de964d656abf2328df3bfd42f03e70e74a3acea579f2777407d5	16	14	FC-v1-latin1-source	westmere	cell-v1-b39c77f0ffb442736733c3fe0745c2801cd1d9843411b2b1e01fdb396930b207	op-v1-6bdeb609715598fd665e96ece3f87d3fbe30a1f94119012db8eef0f8321a5ae8	8	eligible		611becc2a08c27a4edc77d9a45ff74c97130129b:include/simdutf/implementation.h:907;api-manifest.tsv:ConvertLatin1ToUTF16LE;isa-eligibility.tsv:ConvertLatin1ToUTF16LE/BE;upstream:src/westmere/sse_convert_latin1_to_utf16.cpp:3	convertLatin1ToUTF16LEWestmere	symbol-v1-ba640eb317eb3cc7db809f176ccef7193352b1f288c1f65697d2022d3e5516fc	shared-kernel-v1-8517e32f9248ebf3ea9083e4f97e4011f3f304ed67bdbce2caf5650408222b74	cell-v1-b39c77f0ffb442736733c3fe0745c2801cd1d9843411b2b1e01fdb396930b207		KB-v1-FC-v1-latin1-source-westmere-01	batch-v1-25126b8a0e80973d9f2f0ed7c14c34606c0b4d1bcaee5d64182b8e392a04dfe4	EB-v1-KB-v1-FC-v1-latin1-source-westmere-01-01	batch-v1-0e55bbfa16917ec5697fe59783f99180b29e9f5da9e5991a08b9d1fcb6627283
v1	rk-v1-5839788da525de964d656abf2328df3bfd42f03e70e74a3acea579f2777407d5	16	14	FC-v1-latin1-source	haswell	cell-v1-7dbb769d0336b0ea7c1b6c912ad93a2eea1964e1453761bcacccc41c5b2fe217	op-v1-6bdeb609715598fd665e96ece3f87d3fbe30a1f94119012db8eef0f8321a5ae8	8	eligible		611becc2a08c27a4edc77d9a45ff74c97130129b:include/simdutf/implementation.h:907;api-manifest.tsv:ConvertLatin1ToUTF16LE;isa-eligibility.tsv:ConvertLatin1ToUTF16LE/BE;upstream:src/haswell/avx2_convert_latin1_to_utf16.cpp:3	convertLatin1ToUTF16LEHaswell	symbol-v1-d562a1369d70e04759c97c78eca706465506f39ee715b28b0b29d3924d19ed4c	shared-kernel-v1-91ce3675d69dfda32ff27b3f133058f58bbfc464f018ea59fa8454cf319b2130	cell-v1-7dbb769d0336b0ea7c1b6c912ad93a2eea1964e1453761bcacccc41c5b2fe217		KB-v1-FC-v1-latin1-source-haswell-01	batch-v1-0c8af1045db050c89b7e6e8d5477ce0ee29676ad34017e23d8a63a97acc005da	EB-v1-KB-v1-FC-v1-latin1-source-haswell-01-01	batch-v1-58908d36eede5af28f5ca2ff7ec62d8a2bd5cca9398c9eff324fde73bbed3c2b
v1	rk-v1-5839788da525de964d656abf2328df3bfd42f03e70e74a3acea579f2777407d5	16	14	FC-v1-latin1-source	archsimd	cell-v1-d4a85aade5d017332cba718f6941d21b3034f9e03bf2a1a1a06f8d1c904cf54b	op-v1-6bdeb609715598fd665e96ece3f87d3fbe30a1f94119012db8eef0f8321a5ae8	8	eligible		simd/archsimd Go 1.26.5:FC-v1-latin1-source audit row; required primitives: u8→u16/u32 widening, endian stores, UTF-8 pack/shuffle, high-bit masks, lane count; available: archsimd/ops_amd64.go:Load,Store,Shuffle,And,Or,Xor; archsimd/compare_gen_amd64.go:Equal,LessThan; archsimd/maskmerge_gen_amd64.go:Mask	convertLatin1ToUTF16LEArchsimd	symbol-v1-aa1fee26b0f702374ba31449dce3c0c67335cfc79585e15c0bca4661a84cd272	shared-kernel-v1-311075e2ec5c1e668e9b6480ab51b3d08e9431e4c5a13d0f03e7ad4bd09f6e4e	cell-v1-d4a85aade5d017332cba718f6941d21b3034f9e03bf2a1a1a06f8d1c904cf54b		KB-v1-FC-v1-latin1-source-archsimd-01	batch-v1-72699fa8fef8882caffb5622bcf6fa060a5990a2899736b025c8c29b48098134	EB-v1-KB-v1-FC-v1-latin1-source-archsimd-01-01	batch-v1-ce2c7b1f960bbef95d0ad388b0be8da227c5bd74ec2a6de17b4fc72e66e1dd36
v1	rk-v1-5839788da525de964d656abf2328df3bfd42f03e70e74a3acea579f2777407d5	16	14	FC-v1-latin1-source	neon	cell-v1-6083fb53eea0c466ec5b2d5be36ab7c322ba131975a6afc8f51b79af14fd8ff8	op-v1-6bdeb609715598fd665e96ece3f87d3fbe30a1f94119012db8eef0f8321a5ae8	8	eligible		611becc2a08c27a4edc77d9a45ff74c97130129b:include/simdutf/implementation.h:907;api-manifest.tsv:ConvertLatin1ToUTF16LE;isa-eligibility.tsv:ConvertLatin1ToUTF16LE/BE;upstream:src/arm64/arm_convert_latin1_to_utf16.cpp:3	convertLatin1ToUTF16LENEON	symbol-v1-b5c622841727cbef149c9d77ef28e92b73a47918d4a49c59bec2f1adeaa13484	shared-kernel-v1-e8d645a8453dafd436d0c54ef33c11e8381eadd4f157dbb5b50b04f0aff2e064	cell-v1-6083fb53eea0c466ec5b2d5be36ab7c322ba131975a6afc8f51b79af14fd8ff8		KB-v1-FC-v1-latin1-source-neon-01	batch-v1-cb58e8202ae796f309ab5dab2bda493703aa214531578f15d992d01d1f4c2411	EB-v1-KB-v1-FC-v1-latin1-source-neon-01-01	batch-v1-4983253de6a32620981f8d639b5f5561155a23df14f5e451e5d9fdb63afa66c1
v1	rk-v1-5a13a85c8739413c08a3d25460a6d4a26126db6ce67061b5c99bdbe1eb1e7705	17	15	FC-v1-latin1-source	westmere	cell-v1-a72ec4bfd5bc511a5c5c773b017ffacf3cccd497b8626820402c1893e0df06ce	op-v1-6bdeb609715598fd665e96ece3f87d3fbe30a1f94119012db8eef0f8321a5ae8	8	eligible		611becc2a08c27a4edc77d9a45ff74c97130129b:include/simdutf/implementation.h:938;api-manifest.tsv:ConvertLatin1ToUTF16BE;isa-eligibility.tsv:ConvertLatin1ToUTF16LE/BE;upstream:src/westmere/sse_convert_latin1_to_utf16.cpp:3	convertLatin1ToUTF16BEWestmere	symbol-v1-d4ac2da6b4b1af69fcb0bb1ed42d0c8e0034dc8aaec61becebe62c14dbad4b25	shared-kernel-v1-a437d1cc5f9b6f3ce9c31e1e5adfde331ecdbe193caf8fa45294296fbc152866	cell-v1-a72ec4bfd5bc511a5c5c773b017ffacf3cccd497b8626820402c1893e0df06ce		KB-v1-FC-v1-latin1-source-westmere-01	batch-v1-25126b8a0e80973d9f2f0ed7c14c34606c0b4d1bcaee5d64182b8e392a04dfe4	EB-v1-KB-v1-FC-v1-latin1-source-westmere-01-01	batch-v1-0e55bbfa16917ec5697fe59783f99180b29e9f5da9e5991a08b9d1fcb6627283
v1	rk-v1-5a13a85c8739413c08a3d25460a6d4a26126db6ce67061b5c99bdbe1eb1e7705	17	15	FC-v1-latin1-source	haswell	cell-v1-7814dc0eb906770e1ea4ceca79586b24a3d13b743830a33a40aeb987766bb1a7	op-v1-6bdeb609715598fd665e96ece3f87d3fbe30a1f94119012db8eef0f8321a5ae8	8	eligible		611becc2a08c27a4edc77d9a45ff74c97130129b:include/simdutf/implementation.h:938;api-manifest.tsv:ConvertLatin1ToUTF16BE;isa-eligibility.tsv:ConvertLatin1ToUTF16LE/BE;upstream:src/haswell/avx2_convert_latin1_to_utf16.cpp:3	convertLatin1ToUTF16BEHaswell	symbol-v1-f109785e3b0c2fcdf01bc538addd40042f24c3745512d4df949e421cf9b73ca0	shared-kernel-v1-a3a9c545f0b50ca3ba51a2513de075f21e3aaab96492d3872b10a5f63bebc2dc	cell-v1-7814dc0eb906770e1ea4ceca79586b24a3d13b743830a33a40aeb987766bb1a7		KB-v1-FC-v1-latin1-source-haswell-01	batch-v1-0c8af1045db050c89b7e6e8d5477ce0ee29676ad34017e23d8a63a97acc005da	EB-v1-KB-v1-FC-v1-latin1-source-haswell-01-01	batch-v1-58908d36eede5af28f5ca2ff7ec62d8a2bd5cca9398c9eff324fde73bbed3c2b
v1	rk-v1-5a13a85c8739413c08a3d25460a6d4a26126db6ce67061b5c99bdbe1eb1e7705	17	15	FC-v1-latin1-source	archsimd	cell-v1-d0dbe79743c5495beabf485b4b6ab7715a4f770872207567bfca0d95af851ac1	op-v1-6bdeb609715598fd665e96ece3f87d3fbe30a1f94119012db8eef0f8321a5ae8	8	eligible		simd/archsimd Go 1.26.5:FC-v1-latin1-source audit row; required primitives: u8→u16/u32 widening, endian stores, UTF-8 pack/shuffle, high-bit masks, lane count; available: archsimd/ops_amd64.go:Load,Store,Shuffle,And,Or,Xor; archsimd/compare_gen_amd64.go:Equal,LessThan; archsimd/maskmerge_gen_amd64.go:Mask	convertLatin1ToUTF16BEArchsimd	symbol-v1-2fc367affbab71b5cbfad33c42ca7df32fc7fa6f899c02692327938e83778bb2	shared-kernel-v1-9c3cfb04d28c8a26d1f626f5cb07cccf71898f7c33cbbba5735c05e2e561a0fc	cell-v1-d0dbe79743c5495beabf485b4b6ab7715a4f770872207567bfca0d95af851ac1		KB-v1-FC-v1-latin1-source-archsimd-01	batch-v1-72699fa8fef8882caffb5622bcf6fa060a5990a2899736b025c8c29b48098134	EB-v1-KB-v1-FC-v1-latin1-source-archsimd-01-01	batch-v1-ce2c7b1f960bbef95d0ad388b0be8da227c5bd74ec2a6de17b4fc72e66e1dd36
v1	rk-v1-5a13a85c8739413c08a3d25460a6d4a26126db6ce67061b5c99bdbe1eb1e7705	17	15	FC-v1-latin1-source	neon	cell-v1-fa722c65aa1977869b45774f9f9f0842744739cdce2aad01fccce49d3f890e76	op-v1-6bdeb609715598fd665e96ece3f87d3fbe30a1f94119012db8eef0f8321a5ae8	8	eligible		611becc2a08c27a4edc77d9a45ff74c97130129b:include/simdutf/implementation.h:938;api-manifest.tsv:ConvertLatin1ToUTF16BE;isa-eligibility.tsv:ConvertLatin1ToUTF16LE/BE;upstream:src/arm64/arm_convert_latin1_to_utf16.cpp:3	convertLatin1ToUTF16BENEON	symbol-v1-1c18af2350a8bf6c7d755889e8c4395fcf94360ef5fee433734f25444f930f77	shared-kernel-v1-7268de3ffcb24fe6f7ff1e9afc3ef1699ebcd8bca39454285e3ffc2705bd07da	cell-v1-fa722c65aa1977869b45774f9f9f0842744739cdce2aad01fccce49d3f890e76		KB-v1-FC-v1-latin1-source-neon-01	batch-v1-cb58e8202ae796f309ab5dab2bda493703aa214531578f15d992d01d1f4c2411	EB-v1-KB-v1-FC-v1-latin1-source-neon-01-01	batch-v1-4983253de6a32620981f8d639b5f5561155a23df14f5e451e5d9fdb63afa66c1
v1	rk-v1-c88c399ce55a80a881254ffe7d4fe9e65c0be0b3798430f6fd0e256b4b8bea39	18	59	FC-v1-utf16-source	westmere	cell-v1-72f51b77f5d8b0d06eb9465ffe61f8cd237bb12e42f2a588ea2afa5d02ffb460	op-v1-bd08c7123fdb9013ce91d6f164afe7b42b9e387677aa28661ccc92be72e9be9e	scalar	not_applicable	primitive_gap	611becc2a08c27a4edc77d9a45ff74c97130129b:include/simdutf/implementation.h:966									
v1	rk-v1-c88c399ce55a80a881254ffe7d4fe9e65c0be0b3798430f6fd0e256b4b8bea39	18	59	FC-v1-utf16-source	haswell	cell-v1-60071af3456ae0919e86fb7c16485273a5e5f20298665dad774faab7ab59350b	op-v1-bd08c7123fdb9013ce91d6f164afe7b42b9e387677aa28661ccc92be72e9be9e	scalar	not_applicable	primitive_gap	611becc2a08c27a4edc77d9a45ff74c97130129b:include/simdutf/implementation.h:966									
v1	rk-v1-c88c399ce55a80a881254ffe7d4fe9e65c0be0b3798430f6fd0e256b4b8bea39	18	59	FC-v1-utf16-source	archsimd	cell-v1-ab44d00369b3ec908d9cb74d1afabdb99d0f172dca4e4e3b87aa80b8290b74d2	op-v1-bd08c7123fdb9013ce91d6f164afe7b42b9e387677aa28661ccc92be72e9be9e	scalar	not_applicable	primitive_gap	611becc2a08c27a4edc77d9a45ff74c97130129b:include/simdutf/implementation.h:966									
v1	rk-v1-c88c399ce55a80a881254ffe7d4fe9e65c0be0b3798430f6fd0e256b4b8bea39	18	59	FC-v1-utf16-source	neon	cell-v1-17c5e92ed6eb195d04b6f2b41aecdeb5eb7de6c86bef62471e85b076d0e3fbdf	op-v1-bd08c7123fdb9013ce91d6f164afe7b42b9e387677aa28661ccc92be72e9be9e	scalar	not_applicable	primitive_gap	611becc2a08c27a4edc77d9a45ff74c97130129b:include/simdutf/implementation.h:966									
v1	rk-v1-517ddacb8f5348d328ea320d92b814a4dea9f60649730de1f691da87088fecc8	19	16	FC-v1-latin1-source	westmere	cell-v1-13c1cf9acb5c2cbd5425973f76a6e4244d0490cd28c115296ce800492b1dcdef	op-v1-88c60594018463e29f25e90d188599c8ca60b19b2c75e7d572d5f8c77ed6908c	scalar	not_applicable	primitive_gap	611becc2a08c27a4edc77d9a45ff74c97130129b:include/simdutf/implementation.h:979									
v1	rk-v1-517ddacb8f5348d328ea320d92b814a4dea9f60649730de1f691da87088fecc8	19	16	FC-v1-latin1-source	haswell	cell-v1-45839926e905b107d8f776f1d3804f9ebb010e39dbc553876fe5106dd64f07c0	op-v1-88c60594018463e29f25e90d188599c8ca60b19b2c75e7d572d5f8c77ed6908c	scalar	not_applicable	primitive_gap	611becc2a08c27a4edc77d9a45ff74c97130129b:include/simdutf/implementation.h:979									
v1	rk-v1-517ddacb8f5348d328ea320d92b814a4dea9f60649730de1f691da87088fecc8	19	16	FC-v1-latin1-source	archsimd	cell-v1-7b8b2efd4abda385b9e40c3e0f6cf2a3a27539a3bb19e49f1cbc3c79361af3a5	op-v1-88c60594018463e29f25e90d188599c8ca60b19b2c75e7d572d5f8c77ed6908c	scalar	not_applicable	primitive_gap	611becc2a08c27a4edc77d9a45ff74c97130129b:include/simdutf/implementation.h:979									
v1	rk-v1-517ddacb8f5348d328ea320d92b814a4dea9f60649730de1f691da87088fecc8	19	16	FC-v1-latin1-source	neon	cell-v1-20736e5ecf334edb54a5d238cdd2ad84a8d7a531d6299ae9988d9f2d3a461b9f	op-v1-88c60594018463e29f25e90d188599c8ca60b19b2c75e7d572d5f8c77ed6908c	scalar	not_applicable	primitive_gap	611becc2a08c27a4edc77d9a45ff74c97130129b:include/simdutf/implementation.h:979									
v1	rk-v1-4b75dfa5c096a1059a63e72185d90ae7f91ac816a55e0c2d20b3ef1653af70ee	20	13	FC-v1-latin1-source	westmere	cell-v1-3fab2b4def06f0d3c634740353b36fb73f05a35b428a1ee635f5b00f693dd39b	op-v1-5176d9d059b5f5fff21b90ce06c2a15a9d27626704f9a9f002798f8f54ec21ab	9	eligible		611becc2a08c27a4edc77d9a45ff74c97130129b:include/simdutf/implementation.h:995;api-manifest.tsv:ConvertLatin1ToUTF32;isa-eligibility.tsv:ConvertLatin1ToUTF32;upstream:src/westmere/sse_convert_latin1_to_utf32.cpp:2	convertLatin1ToUTF32Westmere	symbol-v1-787aeedb05efb1d7bc8fba8aace38308d56724ab997b39ac91bd997a459f95ca	shared-kernel-v1-66a286a33a7f3524d63016f299e6b525608677d282ad037b3710bb9e3a597bc0	cell-v1-3fab2b4def06f0d3c634740353b36fb73f05a35b428a1ee635f5b00f693dd39b		KB-v1-FC-v1-latin1-source-westmere-01	batch-v1-25126b8a0e80973d9f2f0ed7c14c34606c0b4d1bcaee5d64182b8e392a04dfe4	EB-v1-KB-v1-FC-v1-latin1-source-westmere-01-01	batch-v1-0e55bbfa16917ec5697fe59783f99180b29e9f5da9e5991a08b9d1fcb6627283
v1	rk-v1-4b75dfa5c096a1059a63e72185d90ae7f91ac816a55e0c2d20b3ef1653af70ee	20	13	FC-v1-latin1-source	haswell	cell-v1-1a96f542f4ec4e785c80dc1fd660adaa69269ee8ab170affef5787e86f862d42	op-v1-5176d9d059b5f5fff21b90ce06c2a15a9d27626704f9a9f002798f8f54ec21ab	9	eligible		611becc2a08c27a4edc77d9a45ff74c97130129b:include/simdutf/implementation.h:995;api-manifest.tsv:ConvertLatin1ToUTF32;isa-eligibility.tsv:ConvertLatin1ToUTF32;upstream:src/haswell/avx2_convert_latin1_to_utf32.cpp:2	convertLatin1ToUTF32Haswell	symbol-v1-376a16d78714b38074d5ee03af7e0643bad2810afff5d37436e74720da5c40cf	shared-kernel-v1-5ef98def7f56fbaabe2854c2d53d21b653f12fd21de2b560fafbaa42428945b2	cell-v1-1a96f542f4ec4e785c80dc1fd660adaa69269ee8ab170affef5787e86f862d42		KB-v1-FC-v1-latin1-source-haswell-01	batch-v1-0c8af1045db050c89b7e6e8d5477ce0ee29676ad34017e23d8a63a97acc005da	EB-v1-KB-v1-FC-v1-latin1-source-haswell-01-01	batch-v1-58908d36eede5af28f5ca2ff7ec62d8a2bd5cca9398c9eff324fde73bbed3c2b
v1	rk-v1-4b75dfa5c096a1059a63e72185d90ae7f91ac816a55e0c2d20b3ef1653af70ee	20	13	FC-v1-latin1-source	archsimd	cell-v1-c8d8f693d56eca6afb0312e23daa4b6de7811d24f372daf095af85e00f0eb4ed	op-v1-5176d9d059b5f5fff21b90ce06c2a15a9d27626704f9a9f002798f8f54ec21ab	9	eligible		simd/archsimd Go 1.26.5:FC-v1-latin1-source audit row; required primitives: u8→u16/u32 widening, endian stores, UTF-8 pack/shuffle, high-bit masks, lane count; available: archsimd/ops_amd64.go:Load,Store,Shuffle,And,Or,Xor; archsimd/compare_gen_amd64.go:Equal,LessThan; archsimd/maskmerge_gen_amd64.go:Mask	convertLatin1ToUTF32Archsimd	symbol-v1-a7f088777f8f6c1559696a39b108eb9a12309c6ffc6b383d93fe62b26cb412a4	shared-kernel-v1-908b303dc9be3735a4c1e43b87bf93a902f9ea79c423ee64d571290b16196771	cell-v1-c8d8f693d56eca6afb0312e23daa4b6de7811d24f372daf095af85e00f0eb4ed		KB-v1-FC-v1-latin1-source-archsimd-01	batch-v1-72699fa8fef8882caffb5622bcf6fa060a5990a2899736b025c8c29b48098134	EB-v1-KB-v1-FC-v1-latin1-source-archsimd-01-01	batch-v1-ce2c7b1f960bbef95d0ad388b0be8da227c5bd74ec2a6de17b4fc72e66e1dd36
v1	rk-v1-4b75dfa5c096a1059a63e72185d90ae7f91ac816a55e0c2d20b3ef1653af70ee	20	13	FC-v1-latin1-source	neon	cell-v1-44c9652ea2b7565931da399697679dd864fdf44250597557a76dfacb7cb6da9c	op-v1-5176d9d059b5f5fff21b90ce06c2a15a9d27626704f9a9f002798f8f54ec21ab	9	eligible		611becc2a08c27a4edc77d9a45ff74c97130129b:include/simdutf/implementation.h:995;api-manifest.tsv:ConvertLatin1ToUTF32;isa-eligibility.tsv:ConvertLatin1ToUTF32;upstream:src/arm64/arm_convert_latin1_to_utf32.cpp:2	convertLatin1ToUTF32NEON	symbol-v1-122febd7bdb3b103ae7fd04707c93f749942bb1d0fdb48b4a7186e3015b5126f	shared-kernel-v1-cb85a50b27fe923d3e5c5e38a402ca8f82c26d040ef7d7206831de00415bac08	cell-v1-44c9652ea2b7565931da399697679dd864fdf44250597557a76dfacb7cb6da9c		KB-v1-FC-v1-latin1-source-neon-01	batch-v1-cb58e8202ae796f309ab5dab2bda493703aa214531578f15d992d01d1f4c2411	EB-v1-KB-v1-FC-v1-latin1-source-neon-01-01	batch-v1-4983253de6a32620981f8d639b5f5561155a23df14f5e451e5d9fdb63afa66c1
v1	rk-v1-334da19fcd4da3dbaff52595de4658b6bea7113a6ecaf9eeb7bad1c291566dfb	21	26	FC-v1-utf8-source	westmere	cell-v1-184115d1ead5595b28392037d334563c5e54f7cdacdfda3f91591608d8364bdb	op-v1-9faf24b0d77040758b655ad10726a067ac785521ef338911bbc14377e4cd1124	10	eligible		611becc2a08c27a4edc77d9a45ff74c97130129b:include/simdutf/implementation.h:1030;611becc2a08c27a4edc77d9a45ff74c97130129b:src/westmere/sse_convert_utf8_to_latin1.cpp	convertUTF8ToLatin1Westmere	symbol-v1-6598a0b38dec849f68b8f11d3c110b818534b0c67ebad797a422fd50d9decb0e	shared-kernel-v1-eb2bf3516d9415312fc5af14f63878abc085c9dab45a5da2fea27d17d2c1d414	cell-v1-184115d1ead5595b28392037d334563c5e54f7cdacdfda3f91591608d8364bdb		KB-v1-FC-v1-utf8-source-westmere-01	batch-v1-d6267aa5608874f1103310a50a7bd32f8d65c30405c23f74b255f22784a1e49f	EB-v1-KB-v1-FC-v1-utf8-source-westmere-01-01	batch-v1-e1eb6e607314581be3dafd56fd3ac7d432031d5c2ab20107acbc15c9fcff8d15
v1	rk-v1-334da19fcd4da3dbaff52595de4658b6bea7113a6ecaf9eeb7bad1c291566dfb	21	26	FC-v1-utf8-source	haswell	cell-v1-d6bfbc8e69e8852503fda3dca9607a79aa708d0976b93d7d5b8a30747f958ef4	op-v1-9faf24b0d77040758b655ad10726a067ac785521ef338911bbc14377e4cd1124	10	eligible		611becc2a08c27a4edc77d9a45ff74c97130129b:include/simdutf/implementation.h:1030;611becc2a08c27a4edc77d9a45ff74c97130129b:src/haswell/avx2_convert_utf8_to_latin1.cpp	convertUTF8ToLatin1Haswell	symbol-v1-79873cb9542062f9079c81a7635833b9b0fdef560d1ddd516f2e5007ee76a4e9	shared-kernel-v1-39c9c5cd2d016bf3ca324b78c2d6c522f89fa12bc79508dc8d036507cc455d7f	cell-v1-d6bfbc8e69e8852503fda3dca9607a79aa708d0976b93d7d5b8a30747f958ef4		KB-v1-FC-v1-utf8-source-haswell-01	batch-v1-2ad0ccd2f957c58d11bcb08ea60017a907c4d689acc6ffdb750f2be35afe5788	EB-v1-KB-v1-FC-v1-utf8-source-haswell-01-01	batch-v1-46fa6d92405aec6f8346b984e174ae84c0914e35162bf4819b40ff6a9909e190
v1	rk-v1-334da19fcd4da3dbaff52595de4658b6bea7113a6ecaf9eeb7bad1c291566dfb	21	26	FC-v1-utf8-source	archsimd	cell-v1-360b45737ee0aa0fe87d1e1de2b20a708e6ee4c8357441d4d65a01641b8a13df	op-v1-9faf24b0d77040758b655ad10726a067ac785521ef338911bbc14377e4cd1124	10	eligible		simd/archsimd Go 1.26.5:FC-v1-utf8-source audit row; required primitives: byte classification, lookup/shuffle, error masks, compaction, u16/u32 widening, surrogate construction, endian stores, first-error; available: archsimd/ops_amd64.go:Load,Store,Shuffle,And,Or,Xor; archsimd/compare_gen_amd64.go:Equal,LessThan; archsimd/maskmerge_gen_amd64.go:Mask	convertUTF8ToLatin1Archsimd	symbol-v1-309046137a413dece996b91ab53852d164f199802c99fe5f86a2e3de462b1462	shared-kernel-v1-b5ea95ba65db797aeeb8062335c6712ba50fb1355543a08e8833398e0dc9c76f	cell-v1-360b45737ee0aa0fe87d1e1de2b20a708e6ee4c8357441d4d65a01641b8a13df		KB-v1-FC-v1-utf8-source-archsimd-01	batch-v1-9406058fd9a7a896244f251e90a58ca52a503ea33f860e0615d0929321bb4ebd	EB-v1-KB-v1-FC-v1-utf8-source-archsimd-01-01	batch-v1-8477bd93a8f95addd8d83b5e89855ee5f3d72d931b5092ea59be9dadcb2a14a3
v1	rk-v1-334da19fcd4da3dbaff52595de4658b6bea7113a6ecaf9eeb7bad1c291566dfb	21	26	FC-v1-utf8-source	neon	cell-v1-ffc1da416310df898f254b6a295dec625eb2250472e90ce6fd6a58c33d3f75cc	op-v1-9faf24b0d77040758b655ad10726a067ac785521ef338911bbc14377e4cd1124	10	eligible		611becc2a08c27a4edc77d9a45ff74c97130129b:include/simdutf/implementation.h:1030;611becc2a08c27a4edc77d9a45ff74c97130129b:src/arm64/arm_convert_utf8_to_latin1.cpp	convertUTF8ToLatin1NEON	symbol-v1-adac227da3b2f533ae87fb098d959602e9e46cd197d7ee09afccb5f757ebe724	shared-kernel-v1-db4a1760f947f30c3ddb4cb4028e602f068cf63f59a286d85c3c84131a5cd3f4	cell-v1-ffc1da416310df898f254b6a295dec625eb2250472e90ce6fd6a58c33d3f75cc		KB-v1-FC-v1-utf8-source-neon-01	batch-v1-f6f4ae449816ec240ef5a01754d9f2429a97d0dc389d8d74668ce4627627b4ef	EB-v1-KB-v1-FC-v1-utf8-source-neon-01-01	batch-v1-7930c272b9778fa1d753dd094ccb1c33652c6820fde49f8088832e6210a25aaf
v1	rk-v1-558f74c98fd2cc4d188820da2ffbfd7b325f33fb621434c858f6c14a45de60a1	22	33	FC-v1-utf8-source	westmere	cell-v1-8e41082d7cd7173bfecf1f4d41e9d30e31f92aa38788b75a7791322276315556	op-v1-40ff3813edc41e431f3dfdfd52ef8beeeb37db6a3a1a28156be20f66ed3e1dca	11	not_applicable	native_wrapper_delegates_explicit_endian	611becc2a08c27a4edc77d9a45ff74c97130129b:include/simdutf/implementation.h:1067									
v1	rk-v1-558f74c98fd2cc4d188820da2ffbfd7b325f33fb621434c858f6c14a45de60a1	22	33	FC-v1-utf8-source	haswell	cell-v1-21f1fe17785f5eff292b6e33549cb585aa38f426bb334b9fa8e7d919674a722e	op-v1-40ff3813edc41e431f3dfdfd52ef8beeeb37db6a3a1a28156be20f66ed3e1dca	11	not_applicable	native_wrapper_delegates_explicit_endian	611becc2a08c27a4edc77d9a45ff74c97130129b:include/simdutf/implementation.h:1067									
v1	rk-v1-558f74c98fd2cc4d188820da2ffbfd7b325f33fb621434c858f6c14a45de60a1	22	33	FC-v1-utf8-source	archsimd	cell-v1-7a8d8d1cefed4d01b6d12eb5c519029b290312ef6d374779fecb0d4738d930ff	op-v1-40ff3813edc41e431f3dfdfd52ef8beeeb37db6a3a1a28156be20f66ed3e1dca	11	not_applicable	native_wrapper_delegates_explicit_endian	611becc2a08c27a4edc77d9a45ff74c97130129b:include/simdutf/implementation.h:1067									
v1	rk-v1-558f74c98fd2cc4d188820da2ffbfd7b325f33fb621434c858f6c14a45de60a1	22	33	FC-v1-utf8-source	neon	cell-v1-473bf875f251a6d51e464a27ed5a24c2302c2975f5818b7c9c20bab9e6b08e85	op-v1-40ff3813edc41e431f3dfdfd52ef8beeeb37db6a3a1a28156be20f66ed3e1dca	11	not_applicable	native_wrapper_delegates_explicit_endian	611becc2a08c27a4edc77d9a45ff74c97130129b:include/simdutf/implementation.h:1067									
v1	rk-v1-eea7e268e8709ceb1a21f0e7d76f6506d082a02023037485b1702b4d41308861	23	63	FC-v1-utf16-source	westmere	cell-v1-bb589d913c06da2831231636cc254d594eb1f26f8ec6c07fe2d34ac7e907d5b7	op-v1-f16145af648802b565b96f95a0b48d81e4b24c8a3e638548cb6d147d331ebf1b	19	eligible		611becc2a08c27a4edc77d9a45ff74c97130129b:include/simdutf/implementation.h:1103;611becc2a08c27a4edc77d9a45ff74c97130129b:src/westmere/implementation.cpp	utf8LengthFromUTF16LEWithReplacementWestmere	symbol-v1-00298672619579c6b8d69b77313c173197543e3cb53e133801c7950cef37bddf	shared-kernel-v1-1b47eadf3eab76521e0d9a6d2207a04cdd03ce31f53b3ef1bd11174ac6ee2f9f	cell-v1-bb589d913c06da2831231636cc254d594eb1f26f8ec6c07fe2d34ac7e907d5b7		KB-v1-FC-v1-utf16-source-westmere-01	batch-v1-8ac1e06fbe7b0d6d9acd7feef54aa06d45269dfbc52a2ce7402cc1fafe2c61a9	EB-v1-KB-v1-FC-v1-utf16-source-westmere-01-03	batch-v1-2cae14014b45b293acc1f342d93d250be65ea0ece673fa56cfeea93481c916d2
v1	rk-v1-eea7e268e8709ceb1a21f0e7d76f6506d082a02023037485b1702b4d41308861	23	63	FC-v1-utf16-source	haswell	cell-v1-e25b4d24135d217ac38a7df68c6812a1e65dfc6c82e350d30e2986a31a9c409b	op-v1-f16145af648802b565b96f95a0b48d81e4b24c8a3e638548cb6d147d331ebf1b	19	eligible		611becc2a08c27a4edc77d9a45ff74c97130129b:include/simdutf/implementation.h:1103;611becc2a08c27a4edc77d9a45ff74c97130129b:src/haswell/implementation.cpp	utf8LengthFromUTF16LEWithReplacementHaswell	symbol-v1-ffb2473f3f7735ccddcbaeba194bfb5debad6e32e0a10a73b7102d76300ff6f6	shared-kernel-v1-ab4b035176d6d0e05edfa5d30961ae7e6df31768ce8dea0f6ee614b89977deb5	cell-v1-e25b4d24135d217ac38a7df68c6812a1e65dfc6c82e350d30e2986a31a9c409b		KB-v1-FC-v1-utf16-source-haswell-01	batch-v1-ec2f5d52cd3a97ee4c890ab940dfd992445655a453f7276d8bac3917ff81a9bd	EB-v1-KB-v1-FC-v1-utf16-source-haswell-01-03	batch-v1-b57f4f09ec0b27dc9d964f6b036f80a9f36eccf55997e543d6a594b64d44960c
v1	rk-v1-eea7e268e8709ceb1a21f0e7d76f6506d082a02023037485b1702b4d41308861	23	63	FC-v1-utf16-source	archsimd	cell-v1-efb941e297a4197293bea3447717080856c5d8b29840884f7ba8e095c6db36d9	op-v1-f16145af648802b565b96f95a0b48d81e4b24c8a3e638548cb6d147d331ebf1b	19	eligible		simd/archsimd Go 1.26.5:FC-v1-utf16-source audit row; required primitives: endian u16 loads/swaps, surrogate carry, compare/narrow, UTF-8 table/shuffle/pack, pair combine/u32 widen, counts/first-error; available: archsimd/ops_amd64.go:Load,Store,Shuffle,And,Or,Xor; archsimd/compare_gen_amd64.go:Equal,LessThan; archsimd/maskmerge_gen_amd64.go:Mask	utf8LengthFromUTF16LEWithReplacementArchsimd	symbol-v1-bfb331cbe2fb6d2d3d77250c7851ef2288f0ad0662fd2f1e09be27550b2d48e8	shared-kernel-v1-08ca47c47e38d03ad2b81340f0bc059b3c7048fdce32d7eddfa39052d05d4771	cell-v1-efb941e297a4197293bea3447717080856c5d8b29840884f7ba8e095c6db36d9		KB-v1-FC-v1-utf16-source-archsimd-01	batch-v1-24a2f41bf855af128ec8e1e690c8f977fe942bd66eedc73214cb5db9ecd946f6	EB-v1-KB-v1-FC-v1-utf16-source-archsimd-01-03	batch-v1-5ead3d4d2d4992f7f4261c62c0ca0f7dc1f7de286688c9f4e4d0b24716fdaf70
v1	rk-v1-eea7e268e8709ceb1a21f0e7d76f6506d082a02023037485b1702b4d41308861	23	63	FC-v1-utf16-source	neon	cell-v1-a8c4b6c57f4e8990195ed4d580e5705bb982d025fb143af8522de635a5190767	op-v1-f16145af648802b565b96f95a0b48d81e4b24c8a3e638548cb6d147d331ebf1b	19	eligible		611becc2a08c27a4edc77d9a45ff74c97130129b:include/simdutf/implementation.h:1103;611becc2a08c27a4edc77d9a45ff74c97130129b:src/arm64/implementation.cpp	utf8LengthFromUTF16LEWithReplacementNEON	symbol-v1-7a8aae458292ebdf5f0d9a004d07a2c6874e1f3f7e6c8dc0f1efefb5aa20993c	shared-kernel-v1-77eb8c9401d28f54b41905f5c85f53514f41bfa9d92e0ae486028218fa3b38db	cell-v1-a8c4b6c57f4e8990195ed4d580e5705bb982d025fb143af8522de635a5190767		KB-v1-FC-v1-utf16-source-neon-01	batch-v1-b4d3e712f8dc898225dae4fa632a4c9d453ec6325eaba7443241e45c89b6efc7	EB-v1-KB-v1-FC-v1-utf16-source-neon-01-03	batch-v1-2b14dc02005e1f286fe8248f71d3974a8c3819b342d65b47e788e2b12875653c
v1	rk-v1-38cc3a36b92829539b4cfb8eda21707747045198182e2a59a14d06ccf75fba7c	24	64	FC-v1-utf16-source	westmere	cell-v1-722b229da9c26a9c35043f5ce9e08eeb9d6dc13daa0b628a6ecf1b8782493b99	op-v1-f16145af648802b565b96f95a0b48d81e4b24c8a3e638548cb6d147d331ebf1b	19	eligible		611becc2a08c27a4edc77d9a45ff74c97130129b:include/simdutf/implementation.h:1139;611becc2a08c27a4edc77d9a45ff74c97130129b:src/westmere/implementation.cpp	utf8LengthFromUTF16BEWithReplacementWestmere	symbol-v1-2279c49df4ff886c08dbe34078af92e05399a1d9ed6d1303180853a7f259155c	shared-kernel-v1-7fb6749477afadd60ad8297928e5c898064bf41c5f5f570e3358818b2c391c44	cell-v1-722b229da9c26a9c35043f5ce9e08eeb9d6dc13daa0b628a6ecf1b8782493b99		KB-v1-FC-v1-utf16-source-westmere-01	batch-v1-8ac1e06fbe7b0d6d9acd7feef54aa06d45269dfbc52a2ce7402cc1fafe2c61a9	EB-v1-KB-v1-FC-v1-utf16-source-westmere-01-03	batch-v1-2cae14014b45b293acc1f342d93d250be65ea0ece673fa56cfeea93481c916d2
v1	rk-v1-38cc3a36b92829539b4cfb8eda21707747045198182e2a59a14d06ccf75fba7c	24	64	FC-v1-utf16-source	haswell	cell-v1-6301c8448be79b042bc7c7c3ad417a72be154918e6fae5c2fc46fef74670e0e4	op-v1-f16145af648802b565b96f95a0b48d81e4b24c8a3e638548cb6d147d331ebf1b	19	eligible		611becc2a08c27a4edc77d9a45ff74c97130129b:include/simdutf/implementation.h:1139;611becc2a08c27a4edc77d9a45ff74c97130129b:src/haswell/implementation.cpp	utf8LengthFromUTF16BEWithReplacementHaswell	symbol-v1-d0a3d44596a57168b1d43b0fd1d2741d6eada86356d9aa1cb2c9bda33dafeaaa	shared-kernel-v1-022e976593c72ef191c23c54c1ef47333e76079ae1c4424251be104ea18a9575	cell-v1-6301c8448be79b042bc7c7c3ad417a72be154918e6fae5c2fc46fef74670e0e4		KB-v1-FC-v1-utf16-source-haswell-01	batch-v1-ec2f5d52cd3a97ee4c890ab940dfd992445655a453f7276d8bac3917ff81a9bd	EB-v1-KB-v1-FC-v1-utf16-source-haswell-01-03	batch-v1-b57f4f09ec0b27dc9d964f6b036f80a9f36eccf55997e543d6a594b64d44960c
v1	rk-v1-38cc3a36b92829539b4cfb8eda21707747045198182e2a59a14d06ccf75fba7c	24	64	FC-v1-utf16-source	archsimd	cell-v1-74f7728eac61af3b61ffd5ebac9f7b3db37216620b06458fa3ffd745bcd61c9b	op-v1-f16145af648802b565b96f95a0b48d81e4b24c8a3e638548cb6d147d331ebf1b	19	eligible		simd/archsimd Go 1.26.5:FC-v1-utf16-source audit row; required primitives: endian u16 loads/swaps, surrogate carry, compare/narrow, UTF-8 table/shuffle/pack, pair combine/u32 widen, counts/first-error; available: archsimd/ops_amd64.go:Load,Store,Shuffle,And,Or,Xor; archsimd/compare_gen_amd64.go:Equal,LessThan; archsimd/maskmerge_gen_amd64.go:Mask	utf8LengthFromUTF16BEWithReplacementArchsimd	symbol-v1-ee6b90605b5a93f5cb67161c799e87ddb83d1404df94dbe2715ce61e60ff89ec	shared-kernel-v1-30e2884aa1629b394eb8a4178b675edb7d060d878610d4b0575f605090557d71	cell-v1-74f7728eac61af3b61ffd5ebac9f7b3db37216620b06458fa3ffd745bcd61c9b		KB-v1-FC-v1-utf16-source-archsimd-01	batch-v1-24a2f41bf855af128ec8e1e690c8f977fe942bd66eedc73214cb5db9ecd946f6	EB-v1-KB-v1-FC-v1-utf16-source-archsimd-01-03	batch-v1-5ead3d4d2d4992f7f4261c62c0ca0f7dc1f7de286688c9f4e4d0b24716fdaf70
v1	rk-v1-38cc3a36b92829539b4cfb8eda21707747045198182e2a59a14d06ccf75fba7c	24	64	FC-v1-utf16-source	neon	cell-v1-5f8bc592f0e08b0f313b886f73c606145cb1af6026f61c45a5b8993f3c4f172e	op-v1-f16145af648802b565b96f95a0b48d81e4b24c8a3e638548cb6d147d331ebf1b	19	eligible		611becc2a08c27a4edc77d9a45ff74c97130129b:include/simdutf/implementation.h:1139;611becc2a08c27a4edc77d9a45ff74c97130129b:src/arm64/implementation.cpp	utf8LengthFromUTF16BEWithReplacementNEON	symbol-v1-f73d11b2cc07fa9a39ec266e2530982cac068092826f9f4b41a395078f4d6459	shared-kernel-v1-b07afa3b8e7f4fe5395e1e8ccb36d9598df63e2b2bfa9ba7cd73c6e0146aaba4	cell-v1-5f8bc592f0e08b0f313b886f73c606145cb1af6026f61c45a5b8993f3c4f172e		KB-v1-FC-v1-utf16-source-neon-01	batch-v1-b4d3e712f8dc898225dae4fa632a4c9d453ec6325eaba7443241e45c89b6efc7	EB-v1-KB-v1-FC-v1-utf16-source-neon-01-03	batch-v1-2b14dc02005e1f286fe8248f71d3974a8c3819b342d65b47e788e2b12875653c
v1	rk-v1-f53a8ab483b884045d644da024b35577ecc7acfd6377cadd1efc361df7b2c741	25	18	FC-v1-latin1-source	westmere	cell-v1-9d5dc82b407e03ed2e367717f22f3eee2c32334d0ce5cd5c3fcbec43c9674f85	op-v1-6bdeb609715598fd665e96ece3f87d3fbe30a1f94119012db8eef0f8321a5ae8	8	not_applicable	native_wrapper_delegates_explicit_endian	611becc2a08c27a4edc77d9a45ff74c97130129b:include/simdutf/implementation.h:1169									
v1	rk-v1-f53a8ab483b884045d644da024b35577ecc7acfd6377cadd1efc361df7b2c741	25	18	FC-v1-latin1-source	haswell	cell-v1-f26fd2157966c539f7eeabf9046dbd0a13962acb8f040d69f0ef5ba6c8811c1e	op-v1-6bdeb609715598fd665e96ece3f87d3fbe30a1f94119012db8eef0f8321a5ae8	8	not_applicable	native_wrapper_delegates_explicit_endian	611becc2a08c27a4edc77d9a45ff74c97130129b:include/simdutf/implementation.h:1169									
v1	rk-v1-f53a8ab483b884045d644da024b35577ecc7acfd6377cadd1efc361df7b2c741	25	18	FC-v1-latin1-source	archsimd	cell-v1-49e31feae2eb94896e0fc3695fe0264dd2a9a9b69043194a3c110f163b703082	op-v1-6bdeb609715598fd665e96ece3f87d3fbe30a1f94119012db8eef0f8321a5ae8	8	not_applicable	native_wrapper_delegates_explicit_endian	611becc2a08c27a4edc77d9a45ff74c97130129b:include/simdutf/implementation.h:1169									
v1	rk-v1-f53a8ab483b884045d644da024b35577ecc7acfd6377cadd1efc361df7b2c741	25	18	FC-v1-latin1-source	neon	cell-v1-1e3aa8ec4f71ac09d7d3f350fa6f8f2e68cda8fa9c472d7e062b799dcea01f8d	op-v1-6bdeb609715598fd665e96ece3f87d3fbe30a1f94119012db8eef0f8321a5ae8	8	not_applicable	native_wrapper_delegates_explicit_endian	611becc2a08c27a4edc77d9a45ff74c97130129b:include/simdutf/implementation.h:1169									
v1	rk-v1-48216e44d797fcd76913dab6a14ceb5cec3584f138779e779713e0750589af05	26	20	FC-v1-utf8-source	westmere	cell-v1-90a69f5d9b6d5e3e45c9c71197a471aa10d9bee842609301f768bd7b03b11a7b	op-v1-40ff3813edc41e431f3dfdfd52ef8beeeb37db6a3a1a28156be20f66ed3e1dca	11	eligible		611becc2a08c27a4edc77d9a45ff74c97130129b:include/simdutf/implementation.h:1202;611becc2a08c27a4edc77d9a45ff74c97130129b:src/westmere/sse_convert_utf8_to_utf16.cpp	convertUTF8ToUTF16LEWestmere	symbol-v1-d864e4757b5cbb6ce712a21faa83237eeaa953e467e849b26af70aee84b07cdc	shared-kernel-v1-07e17624451943c1d37553fdf196fdb6c5ba43cd24f7e09be81971bb3ca30836	cell-v1-90a69f5d9b6d5e3e45c9c71197a471aa10d9bee842609301f768bd7b03b11a7b		KB-v1-FC-v1-utf8-source-westmere-01	batch-v1-d6267aa5608874f1103310a50a7bd32f8d65c30405c23f74b255f22784a1e49f	EB-v1-KB-v1-FC-v1-utf8-source-westmere-01-01	batch-v1-e1eb6e607314581be3dafd56fd3ac7d432031d5c2ab20107acbc15c9fcff8d15
v1	rk-v1-48216e44d797fcd76913dab6a14ceb5cec3584f138779e779713e0750589af05	26	20	FC-v1-utf8-source	haswell	cell-v1-121aeead3bbd28c1f364112d56230d9519dcf082b24d036d071a7187b8a9a1eb	op-v1-40ff3813edc41e431f3dfdfd52ef8beeeb37db6a3a1a28156be20f66ed3e1dca	11	eligible		611becc2a08c27a4edc77d9a45ff74c97130129b:include/simdutf/implementation.h:1202;611becc2a08c27a4edc77d9a45ff74c97130129b:src/haswell/avx2_convert_utf8_to_utf16.cpp	convertUTF8ToUTF16LEHaswell	symbol-v1-e3e8bf0de4d7838fa2b0d72a391092ea46ee6b95eb2248b9783ffff39fcd9772	shared-kernel-v1-5c908cb60ec36a778e0641f4ff570909f3c710cbff91edd2680ddcc3e68ea28c	cell-v1-121aeead3bbd28c1f364112d56230d9519dcf082b24d036d071a7187b8a9a1eb		KB-v1-FC-v1-utf8-source-haswell-01	batch-v1-2ad0ccd2f957c58d11bcb08ea60017a907c4d689acc6ffdb750f2be35afe5788	EB-v1-KB-v1-FC-v1-utf8-source-haswell-01-01	batch-v1-46fa6d92405aec6f8346b984e174ae84c0914e35162bf4819b40ff6a9909e190
v1	rk-v1-48216e44d797fcd76913dab6a14ceb5cec3584f138779e779713e0750589af05	26	20	FC-v1-utf8-source	archsimd	cell-v1-3425a1e95a46640949be8a77269a33b44c41932bb660fdca6f90312a8faa03bd	op-v1-40ff3813edc41e431f3dfdfd52ef8beeeb37db6a3a1a28156be20f66ed3e1dca	11	eligible		simd/archsimd Go 1.26.5:FC-v1-utf8-source audit row; required primitives: byte classification, lookup/shuffle, error masks, compaction, u16/u32 widening, surrogate construction, endian stores, first-error; available: archsimd/ops_amd64.go:Load,Store,Shuffle,And,Or,Xor; archsimd/compare_gen_amd64.go:Equal,LessThan; archsimd/maskmerge_gen_amd64.go:Mask	convertUTF8ToUTF16LEArchsimd	symbol-v1-003696b2a2f11351ae5db17d8beffde50b491654e35d13c0b64da676ea8eacb1	shared-kernel-v1-247923e6c87b28044c7a2ae1cb6fc8b52589431ece0b7b075c238136123adddf	cell-v1-3425a1e95a46640949be8a77269a33b44c41932bb660fdca6f90312a8faa03bd		KB-v1-FC-v1-utf8-source-archsimd-01	batch-v1-9406058fd9a7a896244f251e90a58ca52a503ea33f860e0615d0929321bb4ebd	EB-v1-KB-v1-FC-v1-utf8-source-archsimd-01-01	batch-v1-8477bd93a8f95addd8d83b5e89855ee5f3d72d931b5092ea59be9dadcb2a14a3
v1	rk-v1-48216e44d797fcd76913dab6a14ceb5cec3584f138779e779713e0750589af05	26	20	FC-v1-utf8-source	neon	cell-v1-61e8a66545b359a742a7b31c568d8f918b83c7817cf3d18cbe7f40e560356f33	op-v1-40ff3813edc41e431f3dfdfd52ef8beeeb37db6a3a1a28156be20f66ed3e1dca	11	eligible		611becc2a08c27a4edc77d9a45ff74c97130129b:include/simdutf/implementation.h:1202;611becc2a08c27a4edc77d9a45ff74c97130129b:src/arm64/arm_convert_utf8_to_utf16.cpp	convertUTF8ToUTF16LENEON	symbol-v1-fd9504cfe1aa720f00a10ec5759889f94face316a2f12fc1d7712f4495d45a73	shared-kernel-v1-7940757e78a63b1314d625b4a791c54bb2edaad55a18cda91c6a6370d0f5b87f	cell-v1-61e8a66545b359a742a7b31c568d8f918b83c7817cf3d18cbe7f40e560356f33		KB-v1-FC-v1-utf8-source-neon-01	batch-v1-f6f4ae449816ec240ef5a01754d9f2429a97d0dc389d8d74668ce4627627b4ef	EB-v1-KB-v1-FC-v1-utf8-source-neon-01-01	batch-v1-7930c272b9778fa1d753dd094ccb1c33652c6820fde49f8088832e6210a25aaf
v1	rk-v1-68c931a1231b7648338c0c4c35c72209a46869af1f8518ff14395a9e0d5dd5a6	27	21	FC-v1-utf8-source	westmere	cell-v1-a6c22214d666e6abaaa247ad73461e1b91fcc77a6c49459463e17ae1dcb5e5e9	op-v1-40ff3813edc41e431f3dfdfd52ef8beeeb37db6a3a1a28156be20f66ed3e1dca	11	eligible		611becc2a08c27a4edc77d9a45ff74c97130129b:include/simdutf/implementation.h:1234;611becc2a08c27a4edc77d9a45ff74c97130129b:src/westmere/sse_convert_utf8_to_utf16.cpp	convertUTF8ToUTF16BEWestmere	symbol-v1-cf5cd3783e019cffc6ce904d3b5100301c22889fee13f266b738df25420b207e	shared-kernel-v1-62ef084fd443539dbda28f1c3db9b5428b122747dfda9f46d8326165a0f3f620	cell-v1-a6c22214d666e6abaaa247ad73461e1b91fcc77a6c49459463e17ae1dcb5e5e9		KB-v1-FC-v1-utf8-source-westmere-01	batch-v1-d6267aa5608874f1103310a50a7bd32f8d65c30405c23f74b255f22784a1e49f	EB-v1-KB-v1-FC-v1-utf8-source-westmere-01-01	batch-v1-e1eb6e607314581be3dafd56fd3ac7d432031d5c2ab20107acbc15c9fcff8d15
v1	rk-v1-68c931a1231b7648338c0c4c35c72209a46869af1f8518ff14395a9e0d5dd5a6	27	21	FC-v1-utf8-source	haswell	cell-v1-7b6bd0fb325cb736ba4e351e203166a8b4e6405820cf31e881c7bce4ebcbb863	op-v1-40ff3813edc41e431f3dfdfd52ef8beeeb37db6a3a1a28156be20f66ed3e1dca	11	eligible		611becc2a08c27a4edc77d9a45ff74c97130129b:include/simdutf/implementation.h:1234;611becc2a08c27a4edc77d9a45ff74c97130129b:src/haswell/avx2_convert_utf8_to_utf16.cpp	convertUTF8ToUTF16BEHaswell	symbol-v1-632de223edfbe00ab872f3bbc8a8a55f7d07e94917abd8bbe1b869618617cfc4	shared-kernel-v1-39c23736be77efff83a8c3004d0af232823b01981f03cd1b7870762d73977d73	cell-v1-7b6bd0fb325cb736ba4e351e203166a8b4e6405820cf31e881c7bce4ebcbb863		KB-v1-FC-v1-utf8-source-haswell-01	batch-v1-2ad0ccd2f957c58d11bcb08ea60017a907c4d689acc6ffdb750f2be35afe5788	EB-v1-KB-v1-FC-v1-utf8-source-haswell-01-01	batch-v1-46fa6d92405aec6f8346b984e174ae84c0914e35162bf4819b40ff6a9909e190
v1	rk-v1-68c931a1231b7648338c0c4c35c72209a46869af1f8518ff14395a9e0d5dd5a6	27	21	FC-v1-utf8-source	archsimd	cell-v1-10d06ef7dac5abf57859ccfa27a8072e5948b77242da547dd69a97550f2ca1af	op-v1-40ff3813edc41e431f3dfdfd52ef8beeeb37db6a3a1a28156be20f66ed3e1dca	11	eligible		simd/archsimd Go 1.26.5:FC-v1-utf8-source audit row; required primitives: byte classification, lookup/shuffle, error masks, compaction, u16/u32 widening, surrogate construction, endian stores, first-error; available: archsimd/ops_amd64.go:Load,Store,Shuffle,And,Or,Xor; archsimd/compare_gen_amd64.go:Equal,LessThan; archsimd/maskmerge_gen_amd64.go:Mask	convertUTF8ToUTF16BEArchsimd	symbol-v1-6b629ab79740e0689fa5fa3d3141f7c6aa5d2d5b388e2702872967209b00a369	shared-kernel-v1-e01595244f5dc094c2c2254c3767b5dc67559b0305172f0ca416dfdeda0e7ce2	cell-v1-10d06ef7dac5abf57859ccfa27a8072e5948b77242da547dd69a97550f2ca1af		KB-v1-FC-v1-utf8-source-archsimd-01	batch-v1-9406058fd9a7a896244f251e90a58ca52a503ea33f860e0615d0929321bb4ebd	EB-v1-KB-v1-FC-v1-utf8-source-archsimd-01-01	batch-v1-8477bd93a8f95addd8d83b5e89855ee5f3d72d931b5092ea59be9dadcb2a14a3
v1	rk-v1-68c931a1231b7648338c0c4c35c72209a46869af1f8518ff14395a9e0d5dd5a6	27	21	FC-v1-utf8-source	neon	cell-v1-b62a6dc4f51a08c518b2725fcf13bd95c39f9afdf81bdc9cd00fb9af27e5acc4	op-v1-40ff3813edc41e431f3dfdfd52ef8beeeb37db6a3a1a28156be20f66ed3e1dca	11	eligible		611becc2a08c27a4edc77d9a45ff74c97130129b:include/simdutf/implementation.h:1234;611becc2a08c27a4edc77d9a45ff74c97130129b:src/arm64/arm_convert_utf8_to_utf16.cpp	convertUTF8ToUTF16BENEON	symbol-v1-196e8e8bbe1dd114a6d48fad1457d90fdba21b9a4746ff1a0c2aea412f22ecd5	shared-kernel-v1-3fc2ecf31239cf57540d9677d835f37c5d189a84b660cf0e9201e8dba690d0ab	cell-v1-b62a6dc4f51a08c518b2725fcf13bd95c39f9afdf81bdc9cd00fb9af27e5acc4		KB-v1-FC-v1-utf8-source-neon-01	batch-v1-f6f4ae449816ec240ef5a01754d9f2429a97d0dc389d8d74668ce4627627b4ef	EB-v1-KB-v1-FC-v1-utf8-source-neon-01-01	batch-v1-7930c272b9778fa1d753dd094ccb1c33652c6820fde49f8088832e6210a25aaf
v1	rk-v1-83f3c3b6744921b624fd0d52a4ce8b86c36763f30af56b98ba4f1b2064abed7f	28	27	FC-v1-utf8-source	westmere	cell-v1-b75d3e2581cb1ef497bb079cb19425929e3244ff44d5ebd0c308db0042019f2c	op-v1-9faf24b0d77040758b655ad10726a067ac785521ef338911bbc14377e4cd1124	10	eligible		611becc2a08c27a4edc77d9a45ff74c97130129b:include/simdutf/implementation.h:1273;611becc2a08c27a4edc77d9a45ff74c97130129b:src/westmere/sse_convert_utf8_to_latin1.cpp	convertUTF8ToLatin1WithErrorsWestmere	symbol-v1-93ffa08b26fbe84715b97f2e4364a3b29d91d8f424c39d964bf184dca399a3ee	shared-kernel-v1-84aec41ae3e87db483857365fc82dd1ea9822f5fc5ec54637de23a25f1b37859	cell-v1-b75d3e2581cb1ef497bb079cb19425929e3244ff44d5ebd0c308db0042019f2c		KB-v1-FC-v1-utf8-source-westmere-01	batch-v1-d6267aa5608874f1103310a50a7bd32f8d65c30405c23f74b255f22784a1e49f	EB-v1-KB-v1-FC-v1-utf8-source-westmere-01-01	batch-v1-e1eb6e607314581be3dafd56fd3ac7d432031d5c2ab20107acbc15c9fcff8d15
v1	rk-v1-83f3c3b6744921b624fd0d52a4ce8b86c36763f30af56b98ba4f1b2064abed7f	28	27	FC-v1-utf8-source	haswell	cell-v1-0d2535507abc847ec424dbf848f387729e7e31152b50f982b355aae6fb7ebb8d	op-v1-9faf24b0d77040758b655ad10726a067ac785521ef338911bbc14377e4cd1124	10	eligible		611becc2a08c27a4edc77d9a45ff74c97130129b:include/simdutf/implementation.h:1273;611becc2a08c27a4edc77d9a45ff74c97130129b:src/haswell/avx2_convert_utf8_to_latin1.cpp	convertUTF8ToLatin1WithErrorsHaswell	symbol-v1-d55b60727a1ae207892d572caa8955405d0208898aa465cee8d836d50c3c35e2	shared-kernel-v1-fd861140f4fdb824d270d932cbc3b44a71271cb127d8611c9a05d6b21a7b0e21	cell-v1-0d2535507abc847ec424dbf848f387729e7e31152b50f982b355aae6fb7ebb8d		KB-v1-FC-v1-utf8-source-haswell-01	batch-v1-2ad0ccd2f957c58d11bcb08ea60017a907c4d689acc6ffdb750f2be35afe5788	EB-v1-KB-v1-FC-v1-utf8-source-haswell-01-01	batch-v1-46fa6d92405aec6f8346b984e174ae84c0914e35162bf4819b40ff6a9909e190
v1	rk-v1-83f3c3b6744921b624fd0d52a4ce8b86c36763f30af56b98ba4f1b2064abed7f	28	27	FC-v1-utf8-source	archsimd	cell-v1-9bc99363217922bf791460984541da351545ba8fd6f6358e4992b42c302a346a	op-v1-9faf24b0d77040758b655ad10726a067ac785521ef338911bbc14377e4cd1124	10	eligible		simd/archsimd Go 1.26.5:FC-v1-utf8-source audit row; required primitives: byte classification, lookup/shuffle, error masks, compaction, u16/u32 widening, surrogate construction, endian stores, first-error; available: archsimd/ops_amd64.go:Load,Store,Shuffle,And,Or,Xor; archsimd/compare_gen_amd64.go:Equal,LessThan; archsimd/maskmerge_gen_amd64.go:Mask	convertUTF8ToLatin1WithErrorsArchsimd	symbol-v1-fd30715e936af17b5d8367d3b5fd63a59ea4e6a2f5fd7ebc1925b9d0325c5b65	shared-kernel-v1-b97c506fc8fb218d3cba26f3ca77f5b5b017b8e157ba16e8ed5892009998c0fc	cell-v1-9bc99363217922bf791460984541da351545ba8fd6f6358e4992b42c302a346a		KB-v1-FC-v1-utf8-source-archsimd-01	batch-v1-9406058fd9a7a896244f251e90a58ca52a503ea33f860e0615d0929321bb4ebd	EB-v1-KB-v1-FC-v1-utf8-source-archsimd-01-01	batch-v1-8477bd93a8f95addd8d83b5e89855ee5f3d72d931b5092ea59be9dadcb2a14a3
v1	rk-v1-83f3c3b6744921b624fd0d52a4ce8b86c36763f30af56b98ba4f1b2064abed7f	28	27	FC-v1-utf8-source	neon	cell-v1-db3e48ed3a2f7e3e885b4965eee7f0c28ccac4758280c771ef702456ec204438	op-v1-9faf24b0d77040758b655ad10726a067ac785521ef338911bbc14377e4cd1124	10	eligible		611becc2a08c27a4edc77d9a45ff74c97130129b:include/simdutf/implementation.h:1273;611becc2a08c27a4edc77d9a45ff74c97130129b:src/arm64/arm_convert_utf8_to_latin1.cpp	convertUTF8ToLatin1WithErrorsNEON	symbol-v1-25a905de6afbceb493d6c2d2030971887203194aea4ea5cf874965439d879d8b	shared-kernel-v1-3c46b09197a776a54a21c8da40ee4127b864b6f01fc1efcbb3ddbbda3ab41870	cell-v1-db3e48ed3a2f7e3e885b4965eee7f0c28ccac4758280c771ef702456ec204438		KB-v1-FC-v1-utf8-source-neon-01	batch-v1-f6f4ae449816ec240ef5a01754d9f2429a97d0dc389d8d74668ce4627627b4ef	EB-v1-KB-v1-FC-v1-utf8-source-neon-01-01	batch-v1-7930c272b9778fa1d753dd094ccb1c33652c6820fde49f8088832e6210a25aaf
v1	rk-v1-ddcfd69a57984ca3e6b56969a19ea5464acaf9cfe27ae4fc6231dfa60ff2b5df	29	34	FC-v1-utf8-source	westmere	cell-v1-da50307546ddaebc69821fc2b50b838ebfb771746d2233939335a33ff58ee1fe	op-v1-40ff3813edc41e431f3dfdfd52ef8beeeb37db6a3a1a28156be20f66ed3e1dca	11	not_applicable	native_wrapper_delegates_explicit_endian	611becc2a08c27a4edc77d9a45ff74c97130129b:include/simdutf/implementation.h:1311									
v1	rk-v1-ddcfd69a57984ca3e6b56969a19ea5464acaf9cfe27ae4fc6231dfa60ff2b5df	29	34	FC-v1-utf8-source	haswell	cell-v1-7e4f0eddb3e4c60a5c9505c1a87d3f29efbe27434e1f1cf5e2993a3002e08289	op-v1-40ff3813edc41e431f3dfdfd52ef8beeeb37db6a3a1a28156be20f66ed3e1dca	11	not_applicable	native_wrapper_delegates_explicit_endian	611becc2a08c27a4edc77d9a45ff74c97130129b:include/simdutf/implementation.h:1311									
v1	rk-v1-ddcfd69a57984ca3e6b56969a19ea5464acaf9cfe27ae4fc6231dfa60ff2b5df	29	34	FC-v1-utf8-source	archsimd	cell-v1-6bc679af65409163704b06454aaf896942ecace99053ca560b2e80293cac8c6d	op-v1-40ff3813edc41e431f3dfdfd52ef8beeeb37db6a3a1a28156be20f66ed3e1dca	11	not_applicable	native_wrapper_delegates_explicit_endian	611becc2a08c27a4edc77d9a45ff74c97130129b:include/simdutf/implementation.h:1311									
v1	rk-v1-ddcfd69a57984ca3e6b56969a19ea5464acaf9cfe27ae4fc6231dfa60ff2b5df	29	34	FC-v1-utf8-source	neon	cell-v1-8bcbbe38f1003fa72533594aa58679e06463dcc7b147be4caf5a934c528dc8f9	op-v1-40ff3813edc41e431f3dfdfd52ef8beeeb37db6a3a1a28156be20f66ed3e1dca	11	not_applicable	native_wrapper_delegates_explicit_endian	611becc2a08c27a4edc77d9a45ff74c97130129b:include/simdutf/implementation.h:1311									
v1	rk-v1-a665bf18a3c5fef1728196e75390c757b85ce8fda291d96ba3fc677389e27026	30	22	FC-v1-utf8-source	westmere	cell-v1-ff93efa8e7e470e2c3d2c52b5a11e3f1f9de9427276b35eb765eb274ad79fcf1	op-v1-40ff3813edc41e431f3dfdfd52ef8beeeb37db6a3a1a28156be20f66ed3e1dca	11	eligible		611becc2a08c27a4edc77d9a45ff74c97130129b:include/simdutf/implementation.h:1346;611becc2a08c27a4edc77d9a45ff74c97130129b:src/westmere/sse_convert_utf8_to_utf16.cpp	convertUTF8ToUTF16LEWithErrorsWestmere	symbol-v1-e2c26776ec53afe0a83ce327c8c7cf40023d39f1980a40de36309465a4425052	shared-kernel-v1-781c5c53600d6cae2ef682d31056caadddd67660e9f8caa762782c24e634ed2b	cell-v1-ff93efa8e7e470e2c3d2c52b5a11e3f1f9de9427276b35eb765eb274ad79fcf1		KB-v1-FC-v1-utf8-source-westmere-01	batch-v1-d6267aa5608874f1103310a50a7bd32f8d65c30405c23f74b255f22784a1e49f	EB-v1-KB-v1-FC-v1-utf8-source-westmere-01-01	batch-v1-e1eb6e607314581be3dafd56fd3ac7d432031d5c2ab20107acbc15c9fcff8d15
v1	rk-v1-a665bf18a3c5fef1728196e75390c757b85ce8fda291d96ba3fc677389e27026	30	22	FC-v1-utf8-source	haswell	cell-v1-3768684f13f6a8318229d37e6dc379258caebcaf7a6246361a71f17e287923d8	op-v1-40ff3813edc41e431f3dfdfd52ef8beeeb37db6a3a1a28156be20f66ed3e1dca	11	eligible		611becc2a08c27a4edc77d9a45ff74c97130129b:include/simdutf/implementation.h:1346;611becc2a08c27a4edc77d9a45ff74c97130129b:src/haswell/avx2_convert_utf8_to_utf16.cpp	convertUTF8ToUTF16LEWithErrorsHaswell	symbol-v1-7eeece6787ccefb4a72c0a95693953d219fb68baf8024f373ad151a89918c89f	shared-kernel-v1-774e7e10a57dca16988240bbf74e983a53fa0440f04d19f5f393fc71e372d49d	cell-v1-3768684f13f6a8318229d37e6dc379258caebcaf7a6246361a71f17e287923d8		KB-v1-FC-v1-utf8-source-haswell-01	batch-v1-2ad0ccd2f957c58d11bcb08ea60017a907c4d689acc6ffdb750f2be35afe5788	EB-v1-KB-v1-FC-v1-utf8-source-haswell-01-01	batch-v1-46fa6d92405aec6f8346b984e174ae84c0914e35162bf4819b40ff6a9909e190
v1	rk-v1-a665bf18a3c5fef1728196e75390c757b85ce8fda291d96ba3fc677389e27026	30	22	FC-v1-utf8-source	archsimd	cell-v1-1e3b9c25e8776a083474e1938f47b58582e7f44153d5778a79cd6c3cb8be6efc	op-v1-40ff3813edc41e431f3dfdfd52ef8beeeb37db6a3a1a28156be20f66ed3e1dca	11	eligible		simd/archsimd Go 1.26.5:FC-v1-utf8-source audit row; required primitives: byte classification, lookup/shuffle, error masks, compaction, u16/u32 widening, surrogate construction, endian stores, first-error; available: archsimd/ops_amd64.go:Load,Store,Shuffle,And,Or,Xor; archsimd/compare_gen_amd64.go:Equal,LessThan; archsimd/maskmerge_gen_amd64.go:Mask	convertUTF8ToUTF16LEWithErrorsArchsimd	symbol-v1-362d50f37ab1de3a5ce3cee3e891c8ef36ddb04d7113a8c9ecb8c2f60bcd7947	shared-kernel-v1-ae9ac8b659df55ec78d11059cbbc6236e0d2c24f86afb2306736b15e4a1bbdc0	cell-v1-1e3b9c25e8776a083474e1938f47b58582e7f44153d5778a79cd6c3cb8be6efc		KB-v1-FC-v1-utf8-source-archsimd-01	batch-v1-9406058fd9a7a896244f251e90a58ca52a503ea33f860e0615d0929321bb4ebd	EB-v1-KB-v1-FC-v1-utf8-source-archsimd-01-01	batch-v1-8477bd93a8f95addd8d83b5e89855ee5f3d72d931b5092ea59be9dadcb2a14a3
v1	rk-v1-a665bf18a3c5fef1728196e75390c757b85ce8fda291d96ba3fc677389e27026	30	22	FC-v1-utf8-source	neon	cell-v1-8b85ffbed012688e5a8761851d132a10c8a1513071afd29d92a67a9adbfdc5ab	op-v1-40ff3813edc41e431f3dfdfd52ef8beeeb37db6a3a1a28156be20f66ed3e1dca	11	eligible		611becc2a08c27a4edc77d9a45ff74c97130129b:include/simdutf/implementation.h:1346;611becc2a08c27a4edc77d9a45ff74c97130129b:src/arm64/arm_convert_utf8_to_utf16.cpp	convertUTF8ToUTF16LEWithErrorsNEON	symbol-v1-f9fae05c3d22877f9495229dd263a822faf147a5c331f851e55c847950d169ca	shared-kernel-v1-bf57ae138e8f439f252fbb18f10b5341d6b1c04a097555c9a2af32837af5d26a	cell-v1-8b85ffbed012688e5a8761851d132a10c8a1513071afd29d92a67a9adbfdc5ab		KB-v1-FC-v1-utf8-source-neon-01	batch-v1-f6f4ae449816ec240ef5a01754d9f2429a97d0dc389d8d74668ce4627627b4ef	EB-v1-KB-v1-FC-v1-utf8-source-neon-01-01	batch-v1-7930c272b9778fa1d753dd094ccb1c33652c6820fde49f8088832e6210a25aaf
v1	rk-v1-f93956f7904c9d126425b1d54d22a864afde98918982b7b8b4ef12bbdfae1e27	31	23	FC-v1-utf8-source	westmere	cell-v1-15985b7c799ef9f0062c1970737f5087a633ff21df197485d5bc03a03fe72867	op-v1-40ff3813edc41e431f3dfdfd52ef8beeeb37db6a3a1a28156be20f66ed3e1dca	11	eligible		611becc2a08c27a4edc77d9a45ff74c97130129b:include/simdutf/implementation.h:1381;611becc2a08c27a4edc77d9a45ff74c97130129b:src/westmere/sse_convert_utf8_to_utf16.cpp	convertUTF8ToUTF16BEWithErrorsWestmere	symbol-v1-a6d305bcc2dc9b290a9fc4d18fb4d4e5777e4d8a9bd3f6a04547bbd1aa38aab8	shared-kernel-v1-67e80cbb67ea6d3341c38fd8d809f57f9206d8138341d845f3dbda9948e99195	cell-v1-15985b7c799ef9f0062c1970737f5087a633ff21df197485d5bc03a03fe72867		KB-v1-FC-v1-utf8-source-westmere-01	batch-v1-d6267aa5608874f1103310a50a7bd32f8d65c30405c23f74b255f22784a1e49f	EB-v1-KB-v1-FC-v1-utf8-source-westmere-01-01	batch-v1-e1eb6e607314581be3dafd56fd3ac7d432031d5c2ab20107acbc15c9fcff8d15
v1	rk-v1-f93956f7904c9d126425b1d54d22a864afde98918982b7b8b4ef12bbdfae1e27	31	23	FC-v1-utf8-source	haswell	cell-v1-1374866abf605f563b3d6a3d52c0a1e52b635dd5dbeb42b18d9217bf12c74e3e	op-v1-40ff3813edc41e431f3dfdfd52ef8beeeb37db6a3a1a28156be20f66ed3e1dca	11	eligible		611becc2a08c27a4edc77d9a45ff74c97130129b:include/simdutf/implementation.h:1381;611becc2a08c27a4edc77d9a45ff74c97130129b:src/haswell/avx2_convert_utf8_to_utf16.cpp	convertUTF8ToUTF16BEWithErrorsHaswell	symbol-v1-fcd6fbefec4e1fd616b001fabeeeb24eee4adbb9d0b7207fd35ddfbfd3fee8b7	shared-kernel-v1-6345348ffc9d971660389002e3f962003e70d664470f6b44db7f9273c931a661	cell-v1-1374866abf605f563b3d6a3d52c0a1e52b635dd5dbeb42b18d9217bf12c74e3e		KB-v1-FC-v1-utf8-source-haswell-01	batch-v1-2ad0ccd2f957c58d11bcb08ea60017a907c4d689acc6ffdb750f2be35afe5788	EB-v1-KB-v1-FC-v1-utf8-source-haswell-01-01	batch-v1-46fa6d92405aec6f8346b984e174ae84c0914e35162bf4819b40ff6a9909e190
v1	rk-v1-f93956f7904c9d126425b1d54d22a864afde98918982b7b8b4ef12bbdfae1e27	31	23	FC-v1-utf8-source	archsimd	cell-v1-edc4f921958ca5b8c353f4d2f99209c986289dce15fc1e21c341c521bace3bdf	op-v1-40ff3813edc41e431f3dfdfd52ef8beeeb37db6a3a1a28156be20f66ed3e1dca	11	eligible		simd/archsimd Go 1.26.5:FC-v1-utf8-source audit row; required primitives: byte classification, lookup/shuffle, error masks, compaction, u16/u32 widening, surrogate construction, endian stores, first-error; available: archsimd/ops_amd64.go:Load,Store,Shuffle,And,Or,Xor; archsimd/compare_gen_amd64.go:Equal,LessThan; archsimd/maskmerge_gen_amd64.go:Mask	convertUTF8ToUTF16BEWithErrorsArchsimd	symbol-v1-0b9b65f0e6da9685d31e20213e2087e5a086630403056bac3fdbe596562eb90f	shared-kernel-v1-b4312a3a1a056089c7a9561004f673cbd97ef76e154b63098dd6aa1ce00b693e	cell-v1-edc4f921958ca5b8c353f4d2f99209c986289dce15fc1e21c341c521bace3bdf		KB-v1-FC-v1-utf8-source-archsimd-01	batch-v1-9406058fd9a7a896244f251e90a58ca52a503ea33f860e0615d0929321bb4ebd	EB-v1-KB-v1-FC-v1-utf8-source-archsimd-01-01	batch-v1-8477bd93a8f95addd8d83b5e89855ee5f3d72d931b5092ea59be9dadcb2a14a3
v1	rk-v1-f93956f7904c9d126425b1d54d22a864afde98918982b7b8b4ef12bbdfae1e27	31	23	FC-v1-utf8-source	neon	cell-v1-441e9ee096a60aa1716f9a3bb1c8fd413b3b913c830734e99ab0f219efc6d89e	op-v1-40ff3813edc41e431f3dfdfd52ef8beeeb37db6a3a1a28156be20f66ed3e1dca	11	eligible		611becc2a08c27a4edc77d9a45ff74c97130129b:include/simdutf/implementation.h:1381;611becc2a08c27a4edc77d9a45ff74c97130129b:src/arm64/arm_convert_utf8_to_utf16.cpp	convertUTF8ToUTF16BEWithErrorsNEON	symbol-v1-9d31a27446ef21de8b1a2e2bc8dcb156c09180b8469e9a1f152f1eb26546442b	shared-kernel-v1-fd38d6bde772a1db00af435683438d014d92beaa26efa9bda375366b6d5ff9d8	cell-v1-441e9ee096a60aa1716f9a3bb1c8fd413b3b913c830734e99ab0f219efc6d89e		KB-v1-FC-v1-utf8-source-neon-01	batch-v1-f6f4ae449816ec240ef5a01754d9f2429a97d0dc389d8d74668ce4627627b4ef	EB-v1-KB-v1-FC-v1-utf8-source-neon-01-01	batch-v1-7930c272b9778fa1d753dd094ccb1c33652c6820fde49f8088832e6210a25aaf
v1	rk-v1-77aa76335ad762665cb847cf5a21548c5cf838a40686bbe67b9af69c885437b7	32	29	FC-v1-utf8-source	westmere	cell-v1-76e018bdc0ed85b763d396ce6a84261844d376a0aece95b1f84599c149cd350d	op-v1-e873fa9443cdd8f0da23033c51511f306b365bb447808f2c01e2a44185f4b40d	12	eligible		611becc2a08c27a4edc77d9a45ff74c97130129b:include/simdutf/implementation.h:1416;611becc2a08c27a4edc77d9a45ff74c97130129b:src/westmere/sse_convert_utf8_to_utf32.cpp	convertUTF8ToUTF32Westmere	symbol-v1-d09ca1d14b3c8cd4923bc49bb52f4801519ff97550bf42e2e076275ae3d466e6	shared-kernel-v1-8330de6102812080a9155047bc3c526eb6b8508ca47834ff94884ddb804c9199	cell-v1-76e018bdc0ed85b763d396ce6a84261844d376a0aece95b1f84599c149cd350d		KB-v1-FC-v1-utf8-source-westmere-01	batch-v1-d6267aa5608874f1103310a50a7bd32f8d65c30405c23f74b255f22784a1e49f	EB-v1-KB-v1-FC-v1-utf8-source-westmere-01-01	batch-v1-e1eb6e607314581be3dafd56fd3ac7d432031d5c2ab20107acbc15c9fcff8d15
v1	rk-v1-77aa76335ad762665cb847cf5a21548c5cf838a40686bbe67b9af69c885437b7	32	29	FC-v1-utf8-source	haswell	cell-v1-71e891de3bdc3af599cbcb94dc84d03d7f274b366280c017e08849f897b73da1	op-v1-e873fa9443cdd8f0da23033c51511f306b365bb447808f2c01e2a44185f4b40d	12	eligible		611becc2a08c27a4edc77d9a45ff74c97130129b:include/simdutf/implementation.h:1416;611becc2a08c27a4edc77d9a45ff74c97130129b:src/haswell/avx2_convert_utf8_to_utf32.cpp	convertUTF8ToUTF32Haswell	symbol-v1-ce10ca6736b61ca8d8282e4c037e4060d79be5ad4228503ee1174868c4e264b3	shared-kernel-v1-70fcbc13817d7cc771bf5e0f5485296fd28314ce9116ea27e5e7bf7febadc606	cell-v1-71e891de3bdc3af599cbcb94dc84d03d7f274b366280c017e08849f897b73da1		KB-v1-FC-v1-utf8-source-haswell-01	batch-v1-2ad0ccd2f957c58d11bcb08ea60017a907c4d689acc6ffdb750f2be35afe5788	EB-v1-KB-v1-FC-v1-utf8-source-haswell-01-01	batch-v1-46fa6d92405aec6f8346b984e174ae84c0914e35162bf4819b40ff6a9909e190
v1	rk-v1-77aa76335ad762665cb847cf5a21548c5cf838a40686bbe67b9af69c885437b7	32	29	FC-v1-utf8-source	archsimd	cell-v1-64a634fac3a99c947a83c7ce912d58bc8798ffcf1c1d3eb9c8c083b58d0d1b38	op-v1-e873fa9443cdd8f0da23033c51511f306b365bb447808f2c01e2a44185f4b40d	12	eligible		simd/archsimd Go 1.26.5:FC-v1-utf8-source audit row; required primitives: byte classification, lookup/shuffle, error masks, compaction, u16/u32 widening, surrogate construction, endian stores, first-error; available: archsimd/ops_amd64.go:Load,Store,Shuffle,And,Or,Xor; archsimd/compare_gen_amd64.go:Equal,LessThan; archsimd/maskmerge_gen_amd64.go:Mask	convertUTF8ToUTF32Archsimd	symbol-v1-20ad809721d306f4b4624b46f13acbf9494841ffa3bfc2a4fb5bdfde253e2918	shared-kernel-v1-24bade69d82589cb09663eb9ebb03f249ba20d8865c1b8ea19e1e7cec0d3304f	cell-v1-64a634fac3a99c947a83c7ce912d58bc8798ffcf1c1d3eb9c8c083b58d0d1b38		KB-v1-FC-v1-utf8-source-archsimd-01	batch-v1-9406058fd9a7a896244f251e90a58ca52a503ea33f860e0615d0929321bb4ebd	EB-v1-KB-v1-FC-v1-utf8-source-archsimd-01-01	batch-v1-8477bd93a8f95addd8d83b5e89855ee5f3d72d931b5092ea59be9dadcb2a14a3
v1	rk-v1-77aa76335ad762665cb847cf5a21548c5cf838a40686bbe67b9af69c885437b7	32	29	FC-v1-utf8-source	neon	cell-v1-7ef0ab606b2421ac55084665a7a94607b5b8f3998f59c6c059efca215f28f759	op-v1-e873fa9443cdd8f0da23033c51511f306b365bb447808f2c01e2a44185f4b40d	12	eligible		611becc2a08c27a4edc77d9a45ff74c97130129b:include/simdutf/implementation.h:1416;611becc2a08c27a4edc77d9a45ff74c97130129b:src/arm64/arm_convert_utf8_to_utf32.cpp	convertUTF8ToUTF32NEON	symbol-v1-17eafdce2268f142fab61de827a04dee2ec99324a070a75d41e1c6f3bda9a55f	shared-kernel-v1-68dc26aa6d850106f572da85a86878cb502cc90a581e2534d4d3a717b2b83c88	cell-v1-7ef0ab606b2421ac55084665a7a94607b5b8f3998f59c6c059efca215f28f759		KB-v1-FC-v1-utf8-source-neon-01	batch-v1-f6f4ae449816ec240ef5a01754d9f2429a97d0dc389d8d74668ce4627627b4ef	EB-v1-KB-v1-FC-v1-utf8-source-neon-01-01	batch-v1-7930c272b9778fa1d753dd094ccb1c33652c6820fde49f8088832e6210a25aaf
v1	rk-v1-b33d6e0272b8a4781ce06aa6cd053be275e05d86557edf668e208c50545bcecc	33	30	FC-v1-utf8-source	westmere	cell-v1-6adfa1a6bb9dcf3939bf1a3e943281cadcdc0a60cfba9209ee815a24af57b0c8	op-v1-e873fa9443cdd8f0da23033c51511f306b365bb447808f2c01e2a44185f4b40d	12	eligible		611becc2a08c27a4edc77d9a45ff74c97130129b:include/simdutf/implementation.h:1450;611becc2a08c27a4edc77d9a45ff74c97130129b:src/westmere/sse_convert_utf8_to_utf32.cpp	convertUTF8ToUTF32WithErrorsWestmere	symbol-v1-e17101b8ecf06ae552afaa9096078cf5f72993b854f9a301ae84ab0b4f001b4d	shared-kernel-v1-753fedafdecef2a96ab69f5a5f400522ebd35d5d6f3ed0571bc73c5669d5f259	cell-v1-6adfa1a6bb9dcf3939bf1a3e943281cadcdc0a60cfba9209ee815a24af57b0c8		KB-v1-FC-v1-utf8-source-westmere-01	batch-v1-d6267aa5608874f1103310a50a7bd32f8d65c30405c23f74b255f22784a1e49f	EB-v1-KB-v1-FC-v1-utf8-source-westmere-01-01	batch-v1-e1eb6e607314581be3dafd56fd3ac7d432031d5c2ab20107acbc15c9fcff8d15
v1	rk-v1-b33d6e0272b8a4781ce06aa6cd053be275e05d86557edf668e208c50545bcecc	33	30	FC-v1-utf8-source	haswell	cell-v1-64472e849b97cf153aaafc7d8cfed1096a10b57b75da7422b4f9b1f49ea4fecd	op-v1-e873fa9443cdd8f0da23033c51511f306b365bb447808f2c01e2a44185f4b40d	12	eligible		611becc2a08c27a4edc77d9a45ff74c97130129b:include/simdutf/implementation.h:1450;611becc2a08c27a4edc77d9a45ff74c97130129b:src/haswell/avx2_convert_utf8_to_utf32.cpp	convertUTF8ToUTF32WithErrorsHaswell	symbol-v1-1ff1e43c40dbb2e986fb593cc9c82ad197c0bb622656571af1f722530f9c5d82	shared-kernel-v1-1b0303ce8ebdd3d0613c388a551c7b800cb7d3d0add591b49b49a1150b12e6ea	cell-v1-64472e849b97cf153aaafc7d8cfed1096a10b57b75da7422b4f9b1f49ea4fecd		KB-v1-FC-v1-utf8-source-haswell-01	batch-v1-2ad0ccd2f957c58d11bcb08ea60017a907c4d689acc6ffdb750f2be35afe5788	EB-v1-KB-v1-FC-v1-utf8-source-haswell-01-01	batch-v1-46fa6d92405aec6f8346b984e174ae84c0914e35162bf4819b40ff6a9909e190
v1	rk-v1-b33d6e0272b8a4781ce06aa6cd053be275e05d86557edf668e208c50545bcecc	33	30	FC-v1-utf8-source	archsimd	cell-v1-3777eb6996649fd2a5f2a722e35fc529f50de24795618a220b72685baa4975a5	op-v1-e873fa9443cdd8f0da23033c51511f306b365bb447808f2c01e2a44185f4b40d	12	eligible		simd/archsimd Go 1.26.5:FC-v1-utf8-source audit row; required primitives: byte classification, lookup/shuffle, error masks, compaction, u16/u32 widening, surrogate construction, endian stores, first-error; available: archsimd/ops_amd64.go:Load,Store,Shuffle,And,Or,Xor; archsimd/compare_gen_amd64.go:Equal,LessThan; archsimd/maskmerge_gen_amd64.go:Mask	convertUTF8ToUTF32WithErrorsArchsimd	symbol-v1-d2063391354609b6769522deda76ee6124b663d61e65a06c389413dea85c82b7	shared-kernel-v1-b4a4f692082abad6e73c672459de22648eda4d3d429e4b75e9f23f4f2237d59a	cell-v1-3777eb6996649fd2a5f2a722e35fc529f50de24795618a220b72685baa4975a5		KB-v1-FC-v1-utf8-source-archsimd-01	batch-v1-9406058fd9a7a896244f251e90a58ca52a503ea33f860e0615d0929321bb4ebd	EB-v1-KB-v1-FC-v1-utf8-source-archsimd-01-01	batch-v1-8477bd93a8f95addd8d83b5e89855ee5f3d72d931b5092ea59be9dadcb2a14a3
v1	rk-v1-b33d6e0272b8a4781ce06aa6cd053be275e05d86557edf668e208c50545bcecc	33	30	FC-v1-utf8-source	neon	cell-v1-7ce19483f8837c6cca00f90bfa27bc664e20a40e83907e15a1470483c0c5ef4c	op-v1-e873fa9443cdd8f0da23033c51511f306b365bb447808f2c01e2a44185f4b40d	12	eligible		611becc2a08c27a4edc77d9a45ff74c97130129b:include/simdutf/implementation.h:1450;611becc2a08c27a4edc77d9a45ff74c97130129b:src/arm64/arm_convert_utf8_to_utf32.cpp	convertUTF8ToUTF32WithErrorsNEON	symbol-v1-219927bc67031a62e181e477a1abb0b660053501619818e780fabbc96d205378	shared-kernel-v1-5ffbd3c69afffba80bd8915945e7ce498a445d16540267b4c629db56d13784b4	cell-v1-7ce19483f8837c6cca00f90bfa27bc664e20a40e83907e15a1470483c0c5ef4c		KB-v1-FC-v1-utf8-source-neon-01	batch-v1-f6f4ae449816ec240ef5a01754d9f2429a97d0dc389d8d74668ce4627627b4ef	EB-v1-KB-v1-FC-v1-utf8-source-neon-01-01	batch-v1-7930c272b9778fa1d753dd094ccb1c33652c6820fde49f8088832e6210a25aaf
v1	rk-v1-a3c639f96453c71cd9a7e264435ce68a18dc81c5de75da822ed99353d5aecff9	34	28	FC-v1-utf8-source	westmere	cell-v1-9282d239c5ac034f38a7d509a23b4d3fc2dbd4d2d5189f93b58f4197004c6bbc	op-v1-9faf24b0d77040758b655ad10726a067ac785521ef338911bbc14377e4cd1124	10	eligible		611becc2a08c27a4edc77d9a45ff74c97130129b:include/simdutf/implementation.h:1492;611becc2a08c27a4edc77d9a45ff74c97130129b:src/westmere/sse_convert_utf8_to_latin1.cpp	convertValidUTF8ToLatin1Westmere	symbol-v1-ae59b3502058df416559f45912160fd87d123dc405cba0e9e9a330a39349e5af	shared-kernel-v1-fb3f715c33da0d379a0ec3bb3f74104060a7ef58fb6cc8aa592382543afc150c	cell-v1-9282d239c5ac034f38a7d509a23b4d3fc2dbd4d2d5189f93b58f4197004c6bbc		KB-v1-FC-v1-utf8-source-westmere-01	batch-v1-d6267aa5608874f1103310a50a7bd32f8d65c30405c23f74b255f22784a1e49f	EB-v1-KB-v1-FC-v1-utf8-source-westmere-01-01	batch-v1-e1eb6e607314581be3dafd56fd3ac7d432031d5c2ab20107acbc15c9fcff8d15
v1	rk-v1-a3c639f96453c71cd9a7e264435ce68a18dc81c5de75da822ed99353d5aecff9	34	28	FC-v1-utf8-source	haswell	cell-v1-04cdbe5aafe56015f8b38bdec2c77ce636bc531b821bda18ec2517eb306ad3f9	op-v1-9faf24b0d77040758b655ad10726a067ac785521ef338911bbc14377e4cd1124	10	eligible		611becc2a08c27a4edc77d9a45ff74c97130129b:include/simdutf/implementation.h:1492;611becc2a08c27a4edc77d9a45ff74c97130129b:src/haswell/avx2_convert_utf8_to_latin1.cpp	convertValidUTF8ToLatin1Haswell	symbol-v1-e1d2098f56a19a2a39a1c62d1b62eb1fe8658d4070b8502995ca2082ae259a77	shared-kernel-v1-cbdabc4f72bb92d7d8876cd0a2a3a845b92b9e2083798f6f3fdb1a6d233f2828	cell-v1-04cdbe5aafe56015f8b38bdec2c77ce636bc531b821bda18ec2517eb306ad3f9		KB-v1-FC-v1-utf8-source-haswell-01	batch-v1-2ad0ccd2f957c58d11bcb08ea60017a907c4d689acc6ffdb750f2be35afe5788	EB-v1-KB-v1-FC-v1-utf8-source-haswell-01-01	batch-v1-46fa6d92405aec6f8346b984e174ae84c0914e35162bf4819b40ff6a9909e190
v1	rk-v1-a3c639f96453c71cd9a7e264435ce68a18dc81c5de75da822ed99353d5aecff9	34	28	FC-v1-utf8-source	archsimd	cell-v1-69ab4f50be06a3cb5104d05326a54b1396fcb93ed7218f7044da3336bbc420bd	op-v1-9faf24b0d77040758b655ad10726a067ac785521ef338911bbc14377e4cd1124	10	eligible		simd/archsimd Go 1.26.5:FC-v1-utf8-source audit row; required primitives: byte classification, lookup/shuffle, error masks, compaction, u16/u32 widening, surrogate construction, endian stores, first-error; available: archsimd/ops_amd64.go:Load,Store,Shuffle,And,Or,Xor; archsimd/compare_gen_amd64.go:Equal,LessThan; archsimd/maskmerge_gen_amd64.go:Mask	convertValidUTF8ToLatin1Archsimd	symbol-v1-d5469c0c2342ea41c45a32a9802c74d51a0e3a94ed367494e69768ab97cbb264	shared-kernel-v1-067ca4912f71e40f567a220b2965ac24c3d63aadcce1662a93044910e2d86eab	cell-v1-69ab4f50be06a3cb5104d05326a54b1396fcb93ed7218f7044da3336bbc420bd		KB-v1-FC-v1-utf8-source-archsimd-01	batch-v1-9406058fd9a7a896244f251e90a58ca52a503ea33f860e0615d0929321bb4ebd	EB-v1-KB-v1-FC-v1-utf8-source-archsimd-01-01	batch-v1-8477bd93a8f95addd8d83b5e89855ee5f3d72d931b5092ea59be9dadcb2a14a3
v1	rk-v1-a3c639f96453c71cd9a7e264435ce68a18dc81c5de75da822ed99353d5aecff9	34	28	FC-v1-utf8-source	neon	cell-v1-86da5a2c5b5325111bdfb132db91ea6cb945501f6f07c6699939a791a1b270a9	op-v1-9faf24b0d77040758b655ad10726a067ac785521ef338911bbc14377e4cd1124	10	eligible		611becc2a08c27a4edc77d9a45ff74c97130129b:include/simdutf/implementation.h:1492;611becc2a08c27a4edc77d9a45ff74c97130129b:src/arm64/arm_convert_utf8_to_latin1.cpp	convertValidUTF8ToLatin1NEON	symbol-v1-11b709e7ef1870add17246263309bc6b61fdc9669025e4fb7cdfba4d3722d018	shared-kernel-v1-77c9c530323e948911bf64fe8b7e7f21d9088828dc2a49bf3015fe41e30c5c5e	cell-v1-86da5a2c5b5325111bdfb132db91ea6cb945501f6f07c6699939a791a1b270a9		KB-v1-FC-v1-utf8-source-neon-01	batch-v1-f6f4ae449816ec240ef5a01754d9f2429a97d0dc389d8d74668ce4627627b4ef	EB-v1-KB-v1-FC-v1-utf8-source-neon-01-01	batch-v1-7930c272b9778fa1d753dd094ccb1c33652c6820fde49f8088832e6210a25aaf
v1	rk-v1-39d339dfdc299a62bfa5e3709e08634d3514c773be66c5e1b5d34651a1a74c94	35	32	FC-v1-utf8-source	westmere	cell-v1-6e7acfeafd457ef889c05120ae60c2933c8f8273a7d616d2eb8aae51df37b0d1	op-v1-40ff3813edc41e431f3dfdfd52ef8beeeb37db6a3a1a28156be20f66ed3e1dca	11	not_applicable	native_wrapper_delegates_explicit_endian	611becc2a08c27a4edc77d9a45ff74c97130129b:include/simdutf/implementation.h:1525									
v1	rk-v1-39d339dfdc299a62bfa5e3709e08634d3514c773be66c5e1b5d34651a1a74c94	35	32	FC-v1-utf8-source	haswell	cell-v1-dead16c223222ce1d97f8565ded862328e6b5c3ea35394951bad9dd2bc1a6642	op-v1-40ff3813edc41e431f3dfdfd52ef8beeeb37db6a3a1a28156be20f66ed3e1dca	11	not_applicable	native_wrapper_delegates_explicit_endian	611becc2a08c27a4edc77d9a45ff74c97130129b:include/simdutf/implementation.h:1525									
v1	rk-v1-39d339dfdc299a62bfa5e3709e08634d3514c773be66c5e1b5d34651a1a74c94	35	32	FC-v1-utf8-source	archsimd	cell-v1-5fdab9b4dd980bf7278ee11a73beed5ba9d609de65957beaa19b5e1c965d86c9	op-v1-40ff3813edc41e431f3dfdfd52ef8beeeb37db6a3a1a28156be20f66ed3e1dca	11	not_applicable	native_wrapper_delegates_explicit_endian	611becc2a08c27a4edc77d9a45ff74c97130129b:include/simdutf/implementation.h:1525									
v1	rk-v1-39d339dfdc299a62bfa5e3709e08634d3514c773be66c5e1b5d34651a1a74c94	35	32	FC-v1-utf8-source	neon	cell-v1-d6640835cea088b99fcdd623d7745abd46bb2056bac63171aa2335a70ac5f3f7	op-v1-40ff3813edc41e431f3dfdfd52ef8beeeb37db6a3a1a28156be20f66ed3e1dca	11	not_applicable	native_wrapper_delegates_explicit_endian	611becc2a08c27a4edc77d9a45ff74c97130129b:include/simdutf/implementation.h:1525									
v1	rk-v1-074d23d5f7eeb0cafa681c8aa5434f0535582d513f31e291e8cdec2de4449a0b	36	24	FC-v1-utf8-source	westmere	cell-v1-352d89c86d84ce2f733d078754cdda7906136de7a4f5f20eefb0685bd3d5e96e	op-v1-40ff3813edc41e431f3dfdfd52ef8beeeb37db6a3a1a28156be20f66ed3e1dca	11	eligible		611becc2a08c27a4edc77d9a45ff74c97130129b:include/simdutf/implementation.h:1556;611becc2a08c27a4edc77d9a45ff74c97130129b:src/westmere/sse_convert_utf8_to_utf16.cpp	convertValidUTF8ToUTF16LEWestmere	symbol-v1-1ec4c0e5596684c9c4be670b198f2d60a1d7f0bd55c28961d39fe5f88fbc8791	shared-kernel-v1-4361dc4b69527c043fde23c103984d99f627cc041c34fab7ba03dd03d512348c	cell-v1-352d89c86d84ce2f733d078754cdda7906136de7a4f5f20eefb0685bd3d5e96e		KB-v1-FC-v1-utf8-source-westmere-01	batch-v1-d6267aa5608874f1103310a50a7bd32f8d65c30405c23f74b255f22784a1e49f	EB-v1-KB-v1-FC-v1-utf8-source-westmere-01-01	batch-v1-e1eb6e607314581be3dafd56fd3ac7d432031d5c2ab20107acbc15c9fcff8d15
v1	rk-v1-074d23d5f7eeb0cafa681c8aa5434f0535582d513f31e291e8cdec2de4449a0b	36	24	FC-v1-utf8-source	haswell	cell-v1-8272c48e7cfe43793c84737d9946061584231ae5cf446305be2a6e0a408d98c3	op-v1-40ff3813edc41e431f3dfdfd52ef8beeeb37db6a3a1a28156be20f66ed3e1dca	11	eligible		611becc2a08c27a4edc77d9a45ff74c97130129b:include/simdutf/implementation.h:1556;611becc2a08c27a4edc77d9a45ff74c97130129b:src/haswell/avx2_convert_utf8_to_utf16.cpp	convertValidUTF8ToUTF16LEHaswell	symbol-v1-107e4c362810042ef0360781a3e134b16d888f26cf6fc8876b455d9a2bde465c	shared-kernel-v1-042b827b957cf5aaad3440a28af309de017101de7a25622573074b99e92ca2d8	cell-v1-8272c48e7cfe43793c84737d9946061584231ae5cf446305be2a6e0a408d98c3		KB-v1-FC-v1-utf8-source-haswell-01	batch-v1-2ad0ccd2f957c58d11bcb08ea60017a907c4d689acc6ffdb750f2be35afe5788	EB-v1-KB-v1-FC-v1-utf8-source-haswell-01-01	batch-v1-46fa6d92405aec6f8346b984e174ae84c0914e35162bf4819b40ff6a9909e190
v1	rk-v1-074d23d5f7eeb0cafa681c8aa5434f0535582d513f31e291e8cdec2de4449a0b	36	24	FC-v1-utf8-source	archsimd	cell-v1-de58b1651e026a833a2d9be4429148555670f20210f9389df99770bc72694944	op-v1-40ff3813edc41e431f3dfdfd52ef8beeeb37db6a3a1a28156be20f66ed3e1dca	11	eligible		simd/archsimd Go 1.26.5:FC-v1-utf8-source audit row; required primitives: byte classification, lookup/shuffle, error masks, compaction, u16/u32 widening, surrogate construction, endian stores, first-error; available: archsimd/ops_amd64.go:Load,Store,Shuffle,And,Or,Xor; archsimd/compare_gen_amd64.go:Equal,LessThan; archsimd/maskmerge_gen_amd64.go:Mask	convertValidUTF8ToUTF16LEArchsimd	symbol-v1-7124d03628f7c6f445bc338061ad5992e15a7a1c3f5fa149df177123613e502e	shared-kernel-v1-2893697679f733516854289d749cac00a44a2798cdf77fa1328d5b9fc5fc015f	cell-v1-de58b1651e026a833a2d9be4429148555670f20210f9389df99770bc72694944		KB-v1-FC-v1-utf8-source-archsimd-01	batch-v1-9406058fd9a7a896244f251e90a58ca52a503ea33f860e0615d0929321bb4ebd	EB-v1-KB-v1-FC-v1-utf8-source-archsimd-01-01	batch-v1-8477bd93a8f95addd8d83b5e89855ee5f3d72d931b5092ea59be9dadcb2a14a3
v1	rk-v1-074d23d5f7eeb0cafa681c8aa5434f0535582d513f31e291e8cdec2de4449a0b	36	24	FC-v1-utf8-source	neon	cell-v1-1cd176baea407830cb634ecfe7c52812ca9a7c5635fcacec6601e3f177e21991	op-v1-40ff3813edc41e431f3dfdfd52ef8beeeb37db6a3a1a28156be20f66ed3e1dca	11	eligible		611becc2a08c27a4edc77d9a45ff74c97130129b:include/simdutf/implementation.h:1556;611becc2a08c27a4edc77d9a45ff74c97130129b:src/arm64/arm_convert_utf8_to_utf16.cpp	convertValidUTF8ToUTF16LENEON	symbol-v1-81a0aa3542b6c9c658eabbf7d2c3f03eef42ae5142a16e9a6ccad42629cc11be	shared-kernel-v1-5256f25bddad36fae1945adf8ca60e127b1b25156cdc5d8e042ad7e33d60fe04	cell-v1-1cd176baea407830cb634ecfe7c52812ca9a7c5635fcacec6601e3f177e21991		KB-v1-FC-v1-utf8-source-neon-01	batch-v1-f6f4ae449816ec240ef5a01754d9f2429a97d0dc389d8d74668ce4627627b4ef	EB-v1-KB-v1-FC-v1-utf8-source-neon-01-01	batch-v1-7930c272b9778fa1d753dd094ccb1c33652c6820fde49f8088832e6210a25aaf
v1	rk-v1-2e559f8b08bb866fc6653946e623f9b4dc1e40e561a056ec21f884cd2c3e8844	37	25	FC-v1-utf8-source	westmere	cell-v1-2b949ff8bc66acbe3f0a0f8158df32290d263e576c5b29afaaf729152a9117f8	op-v1-40ff3813edc41e431f3dfdfd52ef8beeeb37db6a3a1a28156be20f66ed3e1dca	11	eligible		611becc2a08c27a4edc77d9a45ff74c97130129b:include/simdutf/implementation.h:1588;611becc2a08c27a4edc77d9a45ff74c97130129b:src/westmere/sse_convert_utf8_to_utf16.cpp	convertValidUTF8ToUTF16BEWestmere	symbol-v1-c5e5c9b1cbe5616322b94924c3728828bb0771df2c4d23de3512034c5f214858	shared-kernel-v1-1870ae906fa89fca033baa2ac62da5c2544cc8605409464f5aee0d3be68570ea	cell-v1-2b949ff8bc66acbe3f0a0f8158df32290d263e576c5b29afaaf729152a9117f8		KB-v1-FC-v1-utf8-source-westmere-01	batch-v1-d6267aa5608874f1103310a50a7bd32f8d65c30405c23f74b255f22784a1e49f	EB-v1-KB-v1-FC-v1-utf8-source-westmere-01-01	batch-v1-e1eb6e607314581be3dafd56fd3ac7d432031d5c2ab20107acbc15c9fcff8d15
v1	rk-v1-2e559f8b08bb866fc6653946e623f9b4dc1e40e561a056ec21f884cd2c3e8844	37	25	FC-v1-utf8-source	haswell	cell-v1-af7e746bdbd3e8d2dadb7c3cd27e19e9ae5db144864ef921e54dab23b2317b24	op-v1-40ff3813edc41e431f3dfdfd52ef8beeeb37db6a3a1a28156be20f66ed3e1dca	11	eligible		611becc2a08c27a4edc77d9a45ff74c97130129b:include/simdutf/implementation.h:1588;611becc2a08c27a4edc77d9a45ff74c97130129b:src/haswell/avx2_convert_utf8_to_utf16.cpp	convertValidUTF8ToUTF16BEHaswell	symbol-v1-f6405f7a7e7b50d888a637be48ad27d393cee4a2e58a40b1b580d51b04188650	shared-kernel-v1-5d9a0fb349ccdb039725cf18c27bf3e65dd5906c6f0d5c751aa3dad55289de0f	cell-v1-af7e746bdbd3e8d2dadb7c3cd27e19e9ae5db144864ef921e54dab23b2317b24		KB-v1-FC-v1-utf8-source-haswell-01	batch-v1-2ad0ccd2f957c58d11bcb08ea60017a907c4d689acc6ffdb750f2be35afe5788	EB-v1-KB-v1-FC-v1-utf8-source-haswell-01-01	batch-v1-46fa6d92405aec6f8346b984e174ae84c0914e35162bf4819b40ff6a9909e190
v1	rk-v1-2e559f8b08bb866fc6653946e623f9b4dc1e40e561a056ec21f884cd2c3e8844	37	25	FC-v1-utf8-source	archsimd	cell-v1-d24ecd2145f0336340e632ae54517e546bc5f531b2e96e3d699f3ab6946594e7	op-v1-40ff3813edc41e431f3dfdfd52ef8beeeb37db6a3a1a28156be20f66ed3e1dca	11	eligible		simd/archsimd Go 1.26.5:FC-v1-utf8-source audit row; required primitives: byte classification, lookup/shuffle, error masks, compaction, u16/u32 widening, surrogate construction, endian stores, first-error; available: archsimd/ops_amd64.go:Load,Store,Shuffle,And,Or,Xor; archsimd/compare_gen_amd64.go:Equal,LessThan; archsimd/maskmerge_gen_amd64.go:Mask	convertValidUTF8ToUTF16BEArchsimd	symbol-v1-74377607f3fd6f2d0342d26db75b01207d47cdc7802c2a63a9799f8955a3d81e	shared-kernel-v1-451030642f29f0d8cac5559eecacb365d293ece99cf622fa08736b7a47889b44	cell-v1-d24ecd2145f0336340e632ae54517e546bc5f531b2e96e3d699f3ab6946594e7		KB-v1-FC-v1-utf8-source-archsimd-01	batch-v1-9406058fd9a7a896244f251e90a58ca52a503ea33f860e0615d0929321bb4ebd	EB-v1-KB-v1-FC-v1-utf8-source-archsimd-01-01	batch-v1-8477bd93a8f95addd8d83b5e89855ee5f3d72d931b5092ea59be9dadcb2a14a3
v1	rk-v1-2e559f8b08bb866fc6653946e623f9b4dc1e40e561a056ec21f884cd2c3e8844	37	25	FC-v1-utf8-source	neon	cell-v1-e8799d419331b2984d9fdbacb0203c3e9a0911d5ea1b206c989ca02e05501411	op-v1-40ff3813edc41e431f3dfdfd52ef8beeeb37db6a3a1a28156be20f66ed3e1dca	11	eligible		611becc2a08c27a4edc77d9a45ff74c97130129b:include/simdutf/implementation.h:1588;611becc2a08c27a4edc77d9a45ff74c97130129b:src/arm64/arm_convert_utf8_to_utf16.cpp	convertValidUTF8ToUTF16BENEON	symbol-v1-76acf395ce8dafa35590e9acce0afd8f5a3ce8c3352cbd2d66a7fe0503d7b236	shared-kernel-v1-23a558c308ded7d76fc28f7a0c7be0421caef4d3ce84a8efa473d6f0c769b128	cell-v1-e8799d419331b2984d9fdbacb0203c3e9a0911d5ea1b206c989ca02e05501411		KB-v1-FC-v1-utf8-source-neon-01	batch-v1-f6f4ae449816ec240ef5a01754d9f2429a97d0dc389d8d74668ce4627627b4ef	EB-v1-KB-v1-FC-v1-utf8-source-neon-01-01	batch-v1-7930c272b9778fa1d753dd094ccb1c33652c6820fde49f8088832e6210a25aaf
v1	rk-v1-990d051843e234cab0a2c1d3979ae51c9f73f5633d9a31d1221ffb726decda68	38	31	FC-v1-utf8-source	westmere	cell-v1-9e03b2b543c20477e676b21a20b1722de2081490dc72c2672c81b65ff2c52232	op-v1-e873fa9443cdd8f0da23033c51511f306b365bb447808f2c01e2a44185f4b40d	12	eligible		611becc2a08c27a4edc77d9a45ff74c97130129b:include/simdutf/implementation.h:1621;611becc2a08c27a4edc77d9a45ff74c97130129b:src/westmere/sse_convert_utf8_to_utf32.cpp	convertValidUTF8ToUTF32Westmere	symbol-v1-0553bff0f1d25f53870e411cd4b6374e12bea2af3dd8cb92c5817374cf72ab5c	shared-kernel-v1-72cb9acada532796ddb2717bc7bb6003088c888dbd178744779523c85320b799	cell-v1-9e03b2b543c20477e676b21a20b1722de2081490dc72c2672c81b65ff2c52232		KB-v1-FC-v1-utf8-source-westmere-01	batch-v1-d6267aa5608874f1103310a50a7bd32f8d65c30405c23f74b255f22784a1e49f	EB-v1-KB-v1-FC-v1-utf8-source-westmere-01-01	batch-v1-e1eb6e607314581be3dafd56fd3ac7d432031d5c2ab20107acbc15c9fcff8d15
v1	rk-v1-990d051843e234cab0a2c1d3979ae51c9f73f5633d9a31d1221ffb726decda68	38	31	FC-v1-utf8-source	haswell	cell-v1-839506ffe75d4284d0d67fc7d15cee659cc15777d0e2a825cc061fd328c298b1	op-v1-e873fa9443cdd8f0da23033c51511f306b365bb447808f2c01e2a44185f4b40d	12	eligible		611becc2a08c27a4edc77d9a45ff74c97130129b:include/simdutf/implementation.h:1621;611becc2a08c27a4edc77d9a45ff74c97130129b:src/haswell/avx2_convert_utf8_to_utf32.cpp	convertValidUTF8ToUTF32Haswell	symbol-v1-0f0ecd6690710c3687c29f31f42ad7cece16d8493605c0aa523cdfe2b67cf32e	shared-kernel-v1-ee67f61d2e204816c0c15973b90dc55ea8926edc9bd16a073f60d3a1b9981674	cell-v1-839506ffe75d4284d0d67fc7d15cee659cc15777d0e2a825cc061fd328c298b1		KB-v1-FC-v1-utf8-source-haswell-01	batch-v1-2ad0ccd2f957c58d11bcb08ea60017a907c4d689acc6ffdb750f2be35afe5788	EB-v1-KB-v1-FC-v1-utf8-source-haswell-01-01	batch-v1-46fa6d92405aec6f8346b984e174ae84c0914e35162bf4819b40ff6a9909e190
v1	rk-v1-990d051843e234cab0a2c1d3979ae51c9f73f5633d9a31d1221ffb726decda68	38	31	FC-v1-utf8-source	archsimd	cell-v1-0ce5c0a357d0f04e313067e071425d3b07a848ab340ea3915791921020d36fa0	op-v1-e873fa9443cdd8f0da23033c51511f306b365bb447808f2c01e2a44185f4b40d	12	eligible		simd/archsimd Go 1.26.5:FC-v1-utf8-source audit row; required primitives: byte classification, lookup/shuffle, error masks, compaction, u16/u32 widening, surrogate construction, endian stores, first-error; available: archsimd/ops_amd64.go:Load,Store,Shuffle,And,Or,Xor; archsimd/compare_gen_amd64.go:Equal,LessThan; archsimd/maskmerge_gen_amd64.go:Mask	convertValidUTF8ToUTF32Archsimd	symbol-v1-780d95333e879224bc57b58ed5d80a3a0bc10a23fd9960096d3bbe86c5915278	shared-kernel-v1-5d0c3f07c98448c5ab9da5a77be78de6cea5913fa8f5dd606745c9f5ebf09fb1	cell-v1-0ce5c0a357d0f04e313067e071425d3b07a848ab340ea3915791921020d36fa0		KB-v1-FC-v1-utf8-source-archsimd-01	batch-v1-9406058fd9a7a896244f251e90a58ca52a503ea33f860e0615d0929321bb4ebd	EB-v1-KB-v1-FC-v1-utf8-source-archsimd-01-01	batch-v1-8477bd93a8f95addd8d83b5e89855ee5f3d72d931b5092ea59be9dadcb2a14a3
v1	rk-v1-990d051843e234cab0a2c1d3979ae51c9f73f5633d9a31d1221ffb726decda68	38	31	FC-v1-utf8-source	neon	cell-v1-996734e6182e338deeedfb1764b221c026ade2ef75dd3aad12bc078dc18fab60	op-v1-e873fa9443cdd8f0da23033c51511f306b365bb447808f2c01e2a44185f4b40d	12	eligible		611becc2a08c27a4edc77d9a45ff74c97130129b:include/simdutf/implementation.h:1621;611becc2a08c27a4edc77d9a45ff74c97130129b:src/arm64/arm_convert_utf8_to_utf32.cpp	convertValidUTF8ToUTF32NEON	symbol-v1-5d72a26ea22afb4e3d2e76f183710131ba416f848f36fb5f77c5e046b3f9ddba	shared-kernel-v1-2ee74f1701a7f1e51d2d226bf394e8e7f5255c6fc60d21fbc0d9b68cc1ef977b	cell-v1-996734e6182e338deeedfb1764b221c026ade2ef75dd3aad12bc078dc18fab60		KB-v1-FC-v1-utf8-source-neon-01	batch-v1-f6f4ae449816ec240ef5a01754d9f2429a97d0dc389d8d74668ce4627627b4ef	EB-v1-KB-v1-FC-v1-utf8-source-neon-01-01	batch-v1-7930c272b9778fa1d753dd094ccb1c33652c6820fde49f8088832e6210a25aaf
v1	rk-v1-ccc91f29d0e3f45a142f851b0c3d909d45cae372b28e3a898c4cb679e98f8b5a	39	17	FC-v1-latin1-source	westmere	cell-v1-2a21818f3119863b43c71aae9bbca4eb0c08a0e4851681568be06a2ce365db2d	op-v1-f16145af648802b565b96f95a0b48d81e4b24c8a3e638548cb6d147d331ebf1b	19	eligible		611becc2a08c27a4edc77d9a45ff74c97130129b:include/simdutf/implementation.h:1652;611becc2a08c27a4edc77d9a45ff74c97130129b:src/westmere/implementation.cpp	utf8LengthFromLatin1Westmere	symbol-v1-0817813b6c13d54eee59e80906004e519279e6aac4b826bc4961d1a66713936a	shared-kernel-v1-e753994b2895389b4ef9b3d7ecf0d4ad88dd9c649e293730b717e201db7d6f85	cell-v1-2a21818f3119863b43c71aae9bbca4eb0c08a0e4851681568be06a2ce365db2d		KB-v1-FC-v1-latin1-source-westmere-01	batch-v1-25126b8a0e80973d9f2f0ed7c14c34606c0b4d1bcaee5d64182b8e392a04dfe4	EB-v1-KB-v1-FC-v1-latin1-source-westmere-01-01	batch-v1-0e55bbfa16917ec5697fe59783f99180b29e9f5da9e5991a08b9d1fcb6627283
v1	rk-v1-ccc91f29d0e3f45a142f851b0c3d909d45cae372b28e3a898c4cb679e98f8b5a	39	17	FC-v1-latin1-source	haswell	cell-v1-4895cbfedc5019f7855cbbb01e33f57284c832b8a802e711a454d19ddd7432f9	op-v1-f16145af648802b565b96f95a0b48d81e4b24c8a3e638548cb6d147d331ebf1b	19	eligible		611becc2a08c27a4edc77d9a45ff74c97130129b:include/simdutf/implementation.h:1652;611becc2a08c27a4edc77d9a45ff74c97130129b:src/haswell/implementation.cpp	utf8LengthFromLatin1Haswell	symbol-v1-971a7ca5909e6b18481981cc57dea4f2228361da5a8989aa89e16b0cacfe2d9e	shared-kernel-v1-367b1a9678927aea9062247696a5cae0fbbd0da3e590d7af96feb2505c8cdef1	cell-v1-4895cbfedc5019f7855cbbb01e33f57284c832b8a802e711a454d19ddd7432f9		KB-v1-FC-v1-latin1-source-haswell-01	batch-v1-0c8af1045db050c89b7e6e8d5477ce0ee29676ad34017e23d8a63a97acc005da	EB-v1-KB-v1-FC-v1-latin1-source-haswell-01-01	batch-v1-58908d36eede5af28f5ca2ff7ec62d8a2bd5cca9398c9eff324fde73bbed3c2b
v1	rk-v1-ccc91f29d0e3f45a142f851b0c3d909d45cae372b28e3a898c4cb679e98f8b5a	39	17	FC-v1-latin1-source	archsimd	cell-v1-25abf158fb26f54db5a883ca660bb96e2685ea87d566c7a55adf3b3355038413	op-v1-f16145af648802b565b96f95a0b48d81e4b24c8a3e638548cb6d147d331ebf1b	19	eligible		simd/archsimd Go 1.26.5:FC-v1-latin1-source audit row; required primitives: u8→u16/u32 widening, endian stores, UTF-8 pack/shuffle, high-bit masks, lane count; available: archsimd/ops_amd64.go:Load,Store,Shuffle,And,Or,Xor; archsimd/compare_gen_amd64.go:Equal,LessThan; archsimd/maskmerge_gen_amd64.go:Mask	utf8LengthFromLatin1Archsimd	symbol-v1-fb5af65ad3e0a852394aa67a6f042ee93c0b7e936664553c6a7c420c0823d85a	shared-kernel-v1-9ed4350d8f88122f66b43377df2ff7ba09a3d40af2abb2c5b3194b1045b33ac3	cell-v1-25abf158fb26f54db5a883ca660bb96e2685ea87d566c7a55adf3b3355038413		KB-v1-FC-v1-latin1-source-archsimd-01	batch-v1-72699fa8fef8882caffb5622bcf6fa060a5990a2899736b025c8c29b48098134	EB-v1-KB-v1-FC-v1-latin1-source-archsimd-01-01	batch-v1-ce2c7b1f960bbef95d0ad388b0be8da227c5bd74ec2a6de17b4fc72e66e1dd36
v1	rk-v1-ccc91f29d0e3f45a142f851b0c3d909d45cae372b28e3a898c4cb679e98f8b5a	39	17	FC-v1-latin1-source	neon	cell-v1-f329814481fe8b248ff678cdeaf2454446d0dbb4b95f4696e323ad7fb6cbfa87	op-v1-f16145af648802b565b96f95a0b48d81e4b24c8a3e638548cb6d147d331ebf1b	19	eligible		611becc2a08c27a4edc77d9a45ff74c97130129b:include/simdutf/implementation.h:1652;611becc2a08c27a4edc77d9a45ff74c97130129b:src/arm64/implementation.cpp	utf8LengthFromLatin1NEON	symbol-v1-09aa752b47b12002ec7a2db5750e30e84adaceb41ce0032e44f10d331c11a2e6	shared-kernel-v1-008e42204a6c39444dda385b2b80e52dc3aa8885c3fc479d109a520d87c9ff7f	cell-v1-f329814481fe8b248ff678cdeaf2454446d0dbb4b95f4696e323ad7fb6cbfa87		KB-v1-FC-v1-latin1-source-neon-01	batch-v1-cb58e8202ae796f309ab5dab2bda493703aa214531578f15d992d01d1f4c2411	EB-v1-KB-v1-FC-v1-latin1-source-neon-01-01	batch-v1-4983253de6a32620981f8d639b5f5561155a23df14f5e451e5d9fdb63afa66c1
v1	rk-v1-b49d470815894b085d642762d5b3a1ad667728592f31fd09fc419550dd0ce3c4	40	75	FC-v1-utf16-source	westmere	cell-v1-7eb7104f75c1e49cf210140d18ec140a3c1af6b2c68641145d4846459fe8a4e0	op-v1-9dd40313a0fd1522ac7e341f3e47da0e7df68fd14fd7ecab7030f2497b9685d4	14	not_applicable	native_wrapper_delegates_explicit_endian	611becc2a08c27a4edc77d9a45ff74c97130129b:include/simdutf/implementation.h:1797									
v1	rk-v1-b49d470815894b085d642762d5b3a1ad667728592f31fd09fc419550dd0ce3c4	40	75	FC-v1-utf16-source	haswell	cell-v1-6a0ac172a11390f71e7450ca40f4ade3c482367bf3a53f07d051073638b5ed10	op-v1-9dd40313a0fd1522ac7e341f3e47da0e7df68fd14fd7ecab7030f2497b9685d4	14	not_applicable	native_wrapper_delegates_explicit_endian	611becc2a08c27a4edc77d9a45ff74c97130129b:include/simdutf/implementation.h:1797									
v1	rk-v1-b49d470815894b085d642762d5b3a1ad667728592f31fd09fc419550dd0ce3c4	40	75	FC-v1-utf16-source	archsimd	cell-v1-fc4095d46be5c6653b2db2e0f1f8034a2cf4a68586efe212f81de9f292797e6a	op-v1-9dd40313a0fd1522ac7e341f3e47da0e7df68fd14fd7ecab7030f2497b9685d4	14	not_applicable	native_wrapper_delegates_explicit_endian	611becc2a08c27a4edc77d9a45ff74c97130129b:include/simdutf/implementation.h:1797									
v1	rk-v1-b49d470815894b085d642762d5b3a1ad667728592f31fd09fc419550dd0ce3c4	40	75	FC-v1-utf16-source	neon	cell-v1-801d4865be9c094c4b6d03d7d8e1907f5e6de940008aa274f704fdecfb3d148c	op-v1-9dd40313a0fd1522ac7e341f3e47da0e7df68fd14fd7ecab7030f2497b9685d4	14	not_applicable	native_wrapper_delegates_explicit_endian	611becc2a08c27a4edc77d9a45ff74c97130129b:include/simdutf/implementation.h:1797									
v1	rk-v1-c0a1790e10f929d2da5a660038c61e87dbe1756f0b8952323bbc077e6d6da6e9	41	81	FC-v1-utf16-source	westmere	cell-v1-46f6239139d035131961cae45ec2de63ae850acf8af7c73eb70208c411000fc8	op-v1-9dd40313a0fd1522ac7e341f3e47da0e7df68fd14fd7ecab7030f2497b9685d4	14	not_applicable	composite_wrapper_delegates_accelerated_core	611becc2a08c27a4edc77d9a45ff74c97130129b:include/simdutf/implementation.h:1836;dependency:ConvertUTF16ToUTF8									
v1	rk-v1-c0a1790e10f929d2da5a660038c61e87dbe1756f0b8952323bbc077e6d6da6e9	41	81	FC-v1-utf16-source	haswell	cell-v1-9165e77afa579ed2fa507ab1dd225b8bf92bf5bc7c591486628e09ffe145b0e0	op-v1-9dd40313a0fd1522ac7e341f3e47da0e7df68fd14fd7ecab7030f2497b9685d4	14	not_applicable	composite_wrapper_delegates_accelerated_core	611becc2a08c27a4edc77d9a45ff74c97130129b:include/simdutf/implementation.h:1836;dependency:ConvertUTF16ToUTF8									
v1	rk-v1-c0a1790e10f929d2da5a660038c61e87dbe1756f0b8952323bbc077e6d6da6e9	41	81	FC-v1-utf16-source	archsimd	cell-v1-0cc12d75367a824e140b8947ba047eee7cd53f9ade6426708d74b8024469b886	op-v1-9dd40313a0fd1522ac7e341f3e47da0e7df68fd14fd7ecab7030f2497b9685d4	14	not_applicable	composite_wrapper_delegates_accelerated_core	611becc2a08c27a4edc77d9a45ff74c97130129b:include/simdutf/implementation.h:1836;dependency:ConvertUTF16ToUTF8									
v1	rk-v1-c0a1790e10f929d2da5a660038c61e87dbe1756f0b8952323bbc077e6d6da6e9	41	81	FC-v1-utf16-source	neon	cell-v1-e687e3e2eede2ae5d96e3df0e8c1b1256edad2d90c6179ecbaab524d112e9fc7	op-v1-9dd40313a0fd1522ac7e341f3e47da0e7df68fd14fd7ecab7030f2497b9685d4	14	not_applicable	composite_wrapper_delegates_accelerated_core	611becc2a08c27a4edc77d9a45ff74c97130129b:include/simdutf/implementation.h:1836;dependency:ConvertUTF16ToUTF8									
v1	rk-v1-537366817c1195ad370ade56f6d7715c7b2d7c260bd6e5048ee8aeced4360ed4	42	77	FC-v1-utf16-source	westmere	cell-v1-712c115d6a0ce0c8d9dbc554a7e0ccb9423f20b370a29fa8537f83c852cc94fb	op-v1-23e074688c6da1c3d0e4e2753a70d2f71051002554b52104e12d3ab4ad6edb82	13	not_applicable	native_wrapper_delegates_explicit_endian	611becc2a08c27a4edc77d9a45ff74c97130129b:include/simdutf/implementation.h:1889									
v1	rk-v1-537366817c1195ad370ade56f6d7715c7b2d7c260bd6e5048ee8aeced4360ed4	42	77	FC-v1-utf16-source	haswell	cell-v1-87684566f793fd21a26c7c1cd6b04f43567da4603cf5272a57c05e2166ff58e9	op-v1-23e074688c6da1c3d0e4e2753a70d2f71051002554b52104e12d3ab4ad6edb82	13	not_applicable	native_wrapper_delegates_explicit_endian	611becc2a08c27a4edc77d9a45ff74c97130129b:include/simdutf/implementation.h:1889									
v1	rk-v1-537366817c1195ad370ade56f6d7715c7b2d7c260bd6e5048ee8aeced4360ed4	42	77	FC-v1-utf16-source	archsimd	cell-v1-6eea99eef6b4416ad6b920119bf0a4e02e2c09c3fe3c5cc6859d0f85ef5068e5	op-v1-23e074688c6da1c3d0e4e2753a70d2f71051002554b52104e12d3ab4ad6edb82	13	not_applicable	native_wrapper_delegates_explicit_endian	611becc2a08c27a4edc77d9a45ff74c97130129b:include/simdutf/implementation.h:1889									
v1	rk-v1-537366817c1195ad370ade56f6d7715c7b2d7c260bd6e5048ee8aeced4360ed4	42	77	FC-v1-utf16-source	neon	cell-v1-d30701407f515a94c15f810fa1b1c037adc2efaf92ff7fa24a13f7edd5e3488d	op-v1-23e074688c6da1c3d0e4e2753a70d2f71051002554b52104e12d3ab4ad6edb82	13	not_applicable	native_wrapper_delegates_explicit_endian	611becc2a08c27a4edc77d9a45ff74c97130129b:include/simdutf/implementation.h:1889									
v1	rk-v1-7716c248a78131c1cd2d7d71a4b63de0f648a598ca7a2a6e1dc342bbff3d295d	43	35	FC-v1-utf16-source	westmere	cell-v1-7675a1015ce4a597aa5aee745821c024068602dbcd70aa38c83eb046feb8ff08	op-v1-23e074688c6da1c3d0e4e2753a70d2f71051002554b52104e12d3ab4ad6edb82	13	eligible		611becc2a08c27a4edc77d9a45ff74c97130129b:include/simdutf/implementation.h:1926;611becc2a08c27a4edc77d9a45ff74c97130129b:src/westmere/sse_convert_utf16_to_latin1.cpp	convertUTF16LEToLatin1Westmere	symbol-v1-ecc794e9eb40037cc52b438019cb69f12978e66b750830a37d93c6b817df973e	shared-kernel-v1-c3ab71095807f1888f358bfd79b79ce7eda7f5459e6115804d3c395acfde52b0	cell-v1-7675a1015ce4a597aa5aee745821c024068602dbcd70aa38c83eb046feb8ff08		KB-v1-FC-v1-utf16-source-westmere-01	batch-v1-8ac1e06fbe7b0d6d9acd7feef54aa06d45269dfbc52a2ce7402cc1fafe2c61a9	EB-v1-KB-v1-FC-v1-utf16-source-westmere-01-01	batch-v1-01d2c6cacb9a6848b205adb2157747e29aeabcfaedc074fdb8bd43a8eeeabc42
v1	rk-v1-7716c248a78131c1cd2d7d71a4b63de0f648a598ca7a2a6e1dc342bbff3d295d	43	35	FC-v1-utf16-source	haswell	cell-v1-56f8c07d09156934d94b957df6e45a5a31bc93855fd2826fffa77a2fef24128a	op-v1-23e074688c6da1c3d0e4e2753a70d2f71051002554b52104e12d3ab4ad6edb82	13	eligible		611becc2a08c27a4edc77d9a45ff74c97130129b:include/simdutf/implementation.h:1926;611becc2a08c27a4edc77d9a45ff74c97130129b:src/haswell/avx2_convert_utf16_to_latin1.cpp	convertUTF16LEToLatin1Haswell	symbol-v1-fa70d753b961ef90ad9b0be323bee07d540b7ea46e1bccb0530ee73a1602b49d	shared-kernel-v1-43f20751aff4691528a8c6b554d9d24c073df2f4c4cff01c115db581a67d4aed	cell-v1-56f8c07d09156934d94b957df6e45a5a31bc93855fd2826fffa77a2fef24128a		KB-v1-FC-v1-utf16-source-haswell-01	batch-v1-ec2f5d52cd3a97ee4c890ab940dfd992445655a453f7276d8bac3917ff81a9bd	EB-v1-KB-v1-FC-v1-utf16-source-haswell-01-01	batch-v1-f6258062a248942ee7051afc9e5c367a9c0991344649adff644a37023d14c002
v1	rk-v1-7716c248a78131c1cd2d7d71a4b63de0f648a598ca7a2a6e1dc342bbff3d295d	43	35	FC-v1-utf16-source	archsimd	cell-v1-f40166c34e0d9e9232d7b72024e5a38cb047b5c875d89824e178540a46fce2bc	op-v1-23e074688c6da1c3d0e4e2753a70d2f71051002554b52104e12d3ab4ad6edb82	13	eligible		simd/archsimd Go 1.26.5:FC-v1-utf16-source audit row; required primitives: endian u16 loads/swaps, surrogate carry, compare/narrow, UTF-8 table/shuffle/pack, pair combine/u32 widen, counts/first-error; available: archsimd/ops_amd64.go:Load,Store,Shuffle,And,Or,Xor; archsimd/compare_gen_amd64.go:Equal,LessThan; archsimd/maskmerge_gen_amd64.go:Mask	convertUTF16LEToLatin1Archsimd	symbol-v1-4a0a34781a0bdefe39429a8d73a30a765a6d9b57d64451ce111a0ea73b5ce0a0	shared-kernel-v1-c537e86b91925cba65875b2a4f14bf3921173b4fe683d6a96323a45c5d25f68e	cell-v1-f40166c34e0d9e9232d7b72024e5a38cb047b5c875d89824e178540a46fce2bc		KB-v1-FC-v1-utf16-source-archsimd-01	batch-v1-24a2f41bf855af128ec8e1e690c8f977fe942bd66eedc73214cb5db9ecd946f6	EB-v1-KB-v1-FC-v1-utf16-source-archsimd-01-01	batch-v1-0d68e73cdddaabe90fbe7b199b018380cbac81a1df306534babecd5d486f8213
v1	rk-v1-7716c248a78131c1cd2d7d71a4b63de0f648a598ca7a2a6e1dc342bbff3d295d	43	35	FC-v1-utf16-source	neon	cell-v1-a3a2e2b087e7d3559640c927b7010dfe52ec9f32fe5971cf045106f3691cf11f	op-v1-23e074688c6da1c3d0e4e2753a70d2f71051002554b52104e12d3ab4ad6edb82	13	eligible		611becc2a08c27a4edc77d9a45ff74c97130129b:include/simdutf/implementation.h:1926;611becc2a08c27a4edc77d9a45ff74c97130129b:src/arm64/arm_convert_utf16_to_latin1.cpp	convertUTF16LEToLatin1NEON	symbol-v1-3fb1762980d494b7dcb413e7e3d15b51d7e71067c3d1abd15000282a6d80ebe9	shared-kernel-v1-8e3aa384f4a26beb2b050b6a6877262e5ce1785e26335f06ea7c3632928521a0	cell-v1-a3a2e2b087e7d3559640c927b7010dfe52ec9f32fe5971cf045106f3691cf11f		KB-v1-FC-v1-utf16-source-neon-01	batch-v1-b4d3e712f8dc898225dae4fa632a4c9d453ec6325eaba7443241e45c89b6efc7	EB-v1-KB-v1-FC-v1-utf16-source-neon-01-01	batch-v1-6c2c6435df13438f01fbf3c960b35e559382201a7e4171907f7990967262162f
v1	rk-v1-71f7396be385d439d54861f766e76c521912196952506b08b0645c190047c081	44	36	FC-v1-utf16-source	westmere	cell-v1-d03a2b223e25d40e95bba2646ba5b9f62a7bd999d9c655da614f69719c9ebe87	op-v1-23e074688c6da1c3d0e4e2753a70d2f71051002554b52104e12d3ab4ad6edb82	13	eligible		611becc2a08c27a4edc77d9a45ff74c97130129b:include/simdutf/implementation.h:1961;611becc2a08c27a4edc77d9a45ff74c97130129b:src/westmere/sse_convert_utf16_to_latin1.cpp	convertUTF16BEToLatin1Westmere	symbol-v1-8007667d2e17a35c2e9e631c584d49b16beaa9b87f6e4409db19d3aa89cabad3	shared-kernel-v1-83d997ab1fbef67a366bbee1bc69c240afb7c6579a114b9413596cbd854aea75	cell-v1-d03a2b223e25d40e95bba2646ba5b9f62a7bd999d9c655da614f69719c9ebe87		KB-v1-FC-v1-utf16-source-westmere-01	batch-v1-8ac1e06fbe7b0d6d9acd7feef54aa06d45269dfbc52a2ce7402cc1fafe2c61a9	EB-v1-KB-v1-FC-v1-utf16-source-westmere-01-01	batch-v1-01d2c6cacb9a6848b205adb2157747e29aeabcfaedc074fdb8bd43a8eeeabc42
v1	rk-v1-71f7396be385d439d54861f766e76c521912196952506b08b0645c190047c081	44	36	FC-v1-utf16-source	haswell	cell-v1-892904a7909bf9aa7006f1a1b467581a24f7092054bdabc840fbd9e8bce5c92a	op-v1-23e074688c6da1c3d0e4e2753a70d2f71051002554b52104e12d3ab4ad6edb82	13	eligible		611becc2a08c27a4edc77d9a45ff74c97130129b:include/simdutf/implementation.h:1961;611becc2a08c27a4edc77d9a45ff74c97130129b:src/haswell/avx2_convert_utf16_to_latin1.cpp	convertUTF16BEToLatin1Haswell	symbol-v1-5d94dabe0cf12b520e79786fb295d5295f6ed80c8ecce2ea9bdd38fa6f832bf1	shared-kernel-v1-bda3d158c51dd6e30d2d67019d116dd1c7f3474d82b0e68d2458ddf300b94a85	cell-v1-892904a7909bf9aa7006f1a1b467581a24f7092054bdabc840fbd9e8bce5c92a		KB-v1-FC-v1-utf16-source-haswell-01	batch-v1-ec2f5d52cd3a97ee4c890ab940dfd992445655a453f7276d8bac3917ff81a9bd	EB-v1-KB-v1-FC-v1-utf16-source-haswell-01-01	batch-v1-f6258062a248942ee7051afc9e5c367a9c0991344649adff644a37023d14c002
v1	rk-v1-71f7396be385d439d54861f766e76c521912196952506b08b0645c190047c081	44	36	FC-v1-utf16-source	archsimd	cell-v1-8500838ba90b4adabba6a51135ef9da02a7274bf035fa9f53308add082095747	op-v1-23e074688c6da1c3d0e4e2753a70d2f71051002554b52104e12d3ab4ad6edb82	13	eligible		simd/archsimd Go 1.26.5:FC-v1-utf16-source audit row; required primitives: endian u16 loads/swaps, surrogate carry, compare/narrow, UTF-8 table/shuffle/pack, pair combine/u32 widen, counts/first-error; available: archsimd/ops_amd64.go:Load,Store,Shuffle,And,Or,Xor; archsimd/compare_gen_amd64.go:Equal,LessThan; archsimd/maskmerge_gen_amd64.go:Mask	convertUTF16BEToLatin1Archsimd	symbol-v1-446bc0b94cf543ee28df3fa22e2b4b75cb10231dc9a3323b6ffee098b1a217c9	shared-kernel-v1-462ffed3707a777492d21a85b66264ddc3e66bbea109faa40209006ca0783f5b	cell-v1-8500838ba90b4adabba6a51135ef9da02a7274bf035fa9f53308add082095747		KB-v1-FC-v1-utf16-source-archsimd-01	batch-v1-24a2f41bf855af128ec8e1e690c8f977fe942bd66eedc73214cb5db9ecd946f6	EB-v1-KB-v1-FC-v1-utf16-source-archsimd-01-01	batch-v1-0d68e73cdddaabe90fbe7b199b018380cbac81a1df306534babecd5d486f8213
v1	rk-v1-71f7396be385d439d54861f766e76c521912196952506b08b0645c190047c081	44	36	FC-v1-utf16-source	neon	cell-v1-143d7b4e7c9f2c6f635bbaa486c4d69ecb09dd8bd7924042893032e7891b8d12	op-v1-23e074688c6da1c3d0e4e2753a70d2f71051002554b52104e12d3ab4ad6edb82	13	eligible		611becc2a08c27a4edc77d9a45ff74c97130129b:include/simdutf/implementation.h:1961;611becc2a08c27a4edc77d9a45ff74c97130129b:src/arm64/arm_convert_utf16_to_latin1.cpp	convertUTF16BEToLatin1NEON	symbol-v1-0449c331e438f1cf89c678ecc487b0d38c6e567f476d581c6152e43c1d67df70	shared-kernel-v1-b925c964903c2c7ff5546ada19d01a864ca1ebc7f92e0f5b568046f2361b2a56	cell-v1-143d7b4e7c9f2c6f635bbaa486c4d69ecb09dd8bd7924042893032e7891b8d12		KB-v1-FC-v1-utf16-source-neon-01	batch-v1-b4d3e712f8dc898225dae4fa632a4c9d453ec6325eaba7443241e45c89b6efc7	EB-v1-KB-v1-FC-v1-utf16-source-neon-01-01	batch-v1-6c2c6435df13438f01fbf3c960b35e559382201a7e4171907f7990967262162f
v1	rk-v1-4e43ea60f21bf753f7e58b261fba08055ad93bf8527bdbe9c0c3f89e42ea879a	45	49	FC-v1-utf16-source	westmere	cell-v1-2fdfe86498e6a32cd63be550fd6cfaff8b9c4ff930571a05dc2cc7be73257cb9	op-v1-9dd40313a0fd1522ac7e341f3e47da0e7df68fd14fd7ecab7030f2497b9685d4	14	eligible		611becc2a08c27a4edc77d9a45ff74c97130129b:include/simdutf/implementation.h:1998;611becc2a08c27a4edc77d9a45ff74c97130129b:src/westmere/sse_convert_utf16_to_utf8.cpp	convertUTF16LEToUTF8Westmere	symbol-v1-a15cbab768be187c32c9300baeb994355498c90d2279516bebbac7b873a69f35	shared-kernel-v1-dab7c2a6aec0c61dde49aff6d294105b5c7c93ee39d717b8d2651acd719f72e4	cell-v1-2fdfe86498e6a32cd63be550fd6cfaff8b9c4ff930571a05dc2cc7be73257cb9		KB-v1-FC-v1-utf16-source-westmere-01	batch-v1-8ac1e06fbe7b0d6d9acd7feef54aa06d45269dfbc52a2ce7402cc1fafe2c61a9	EB-v1-KB-v1-FC-v1-utf16-source-westmere-01-02	batch-v1-f507acb68feacd62d95656066632ef952e03dd5219eea2a940dc00d4b9121fd5
v1	rk-v1-4e43ea60f21bf753f7e58b261fba08055ad93bf8527bdbe9c0c3f89e42ea879a	45	49	FC-v1-utf16-source	haswell	cell-v1-2aa70d9f214ea94eab56603b116fbd2f38ffa76959b93d0b512ea24d104c3ac0	op-v1-9dd40313a0fd1522ac7e341f3e47da0e7df68fd14fd7ecab7030f2497b9685d4	14	eligible		611becc2a08c27a4edc77d9a45ff74c97130129b:include/simdutf/implementation.h:1998;611becc2a08c27a4edc77d9a45ff74c97130129b:src/haswell/avx2_convert_utf16_to_utf8.cpp	convertUTF16LEToUTF8Haswell	symbol-v1-09e4d576b1f0281f0ef477b03e31791666c47bca49676bd1a7752d96f7da2a5c	shared-kernel-v1-6b28a5c809208f575df9731ae6388ee3038bb4dfd4ec2e2498ac1a857d575ab2	cell-v1-2aa70d9f214ea94eab56603b116fbd2f38ffa76959b93d0b512ea24d104c3ac0		KB-v1-FC-v1-utf16-source-haswell-01	batch-v1-ec2f5d52cd3a97ee4c890ab940dfd992445655a453f7276d8bac3917ff81a9bd	EB-v1-KB-v1-FC-v1-utf16-source-haswell-01-02	batch-v1-98ce94838986347a0192dd207ffec4826ffe3995a50592d7a39a9d2d3dd0a69c
v1	rk-v1-4e43ea60f21bf753f7e58b261fba08055ad93bf8527bdbe9c0c3f89e42ea879a	45	49	FC-v1-utf16-source	archsimd	cell-v1-c6c082c43083abff01e21002804e1e551e92f7c52611e0697e4b1430375b2042	op-v1-9dd40313a0fd1522ac7e341f3e47da0e7df68fd14fd7ecab7030f2497b9685d4	14	eligible		simd/archsimd Go 1.26.5:FC-v1-utf16-source audit row; required primitives: endian u16 loads/swaps, surrogate carry, compare/narrow, UTF-8 table/shuffle/pack, pair combine/u32 widen, counts/first-error; available: archsimd/ops_amd64.go:Load,Store,Shuffle,And,Or,Xor; archsimd/compare_gen_amd64.go:Equal,LessThan; archsimd/maskmerge_gen_amd64.go:Mask	convertUTF16LEToUTF8Archsimd	symbol-v1-b9500209b5f51c9823133943f520d2ad81648b45442e23405aa7f67ec66b038b	shared-kernel-v1-59028569d066aa38c6858f372b4949183c63915d83f5dd53af5a1bda54c80cf5	cell-v1-c6c082c43083abff01e21002804e1e551e92f7c52611e0697e4b1430375b2042		KB-v1-FC-v1-utf16-source-archsimd-01	batch-v1-24a2f41bf855af128ec8e1e690c8f977fe942bd66eedc73214cb5db9ecd946f6	EB-v1-KB-v1-FC-v1-utf16-source-archsimd-01-02	batch-v1-59ed42e04d5b82c09e6d48103e34a0c2570bffa356bef821923a7f1300fb87cb
v1	rk-v1-4e43ea60f21bf753f7e58b261fba08055ad93bf8527bdbe9c0c3f89e42ea879a	45	49	FC-v1-utf16-source	neon	cell-v1-bbbf2470b60a53f3252412f4d24c7f534b0e19fbfd4f9b3d3ebf6fe3832001b1	op-v1-9dd40313a0fd1522ac7e341f3e47da0e7df68fd14fd7ecab7030f2497b9685d4	14	eligible		611becc2a08c27a4edc77d9a45ff74c97130129b:include/simdutf/implementation.h:1998;611becc2a08c27a4edc77d9a45ff74c97130129b:src/arm64/arm_convert_utf16_to_utf8.cpp	convertUTF16LEToUTF8NEON	symbol-v1-4680d308b1628a4993911ec1cbf0562e60f706c99fcf3c128f2e05f1e65c5016	shared-kernel-v1-f09640aa8f7b48048e0554bad07dcc3c4112096f1288f003c26ef1f36289cfbc	cell-v1-bbbf2470b60a53f3252412f4d24c7f534b0e19fbfd4f9b3d3ebf6fe3832001b1		KB-v1-FC-v1-utf16-source-neon-01	batch-v1-b4d3e712f8dc898225dae4fa632a4c9d453ec6325eaba7443241e45c89b6efc7	EB-v1-KB-v1-FC-v1-utf16-source-neon-01-02	batch-v1-32db806ac4e31411241ece9c1e72b8ce0f36a478de342786a87b81b80e5ce7cc
v1	rk-v1-521d662c032927cd6ad9fdcadd43d12ddfaea74b4e341ab9ba1ab88281249170	46	50	FC-v1-utf16-source	westmere	cell-v1-4b0374059940dabd9f6a1b7dbe4a2f6dfaa9412d776a8c8b1eea331bb8e4037e	op-v1-9dd40313a0fd1522ac7e341f3e47da0e7df68fd14fd7ecab7030f2497b9685d4	14	eligible		611becc2a08c27a4edc77d9a45ff74c97130129b:include/simdutf/implementation.h:2034;611becc2a08c27a4edc77d9a45ff74c97130129b:src/westmere/sse_convert_utf16_to_utf8.cpp	convertUTF16BEToUTF8Westmere	symbol-v1-23331c8412fd5b7b3791e852460a3d1bda31a0c1236e14a4ae1a764e1bda7cd4	shared-kernel-v1-a730b45c12332835ed46735d10fa7ac6781fb547cfa65e924f6f43ce1f3b5328	cell-v1-4b0374059940dabd9f6a1b7dbe4a2f6dfaa9412d776a8c8b1eea331bb8e4037e		KB-v1-FC-v1-utf16-source-westmere-01	batch-v1-8ac1e06fbe7b0d6d9acd7feef54aa06d45269dfbc52a2ce7402cc1fafe2c61a9	EB-v1-KB-v1-FC-v1-utf16-source-westmere-01-02	batch-v1-f507acb68feacd62d95656066632ef952e03dd5219eea2a940dc00d4b9121fd5
v1	rk-v1-521d662c032927cd6ad9fdcadd43d12ddfaea74b4e341ab9ba1ab88281249170	46	50	FC-v1-utf16-source	haswell	cell-v1-7c877c7efb425bf5fc53b89de2fe42b7814e461da493058c437ec7af0ff2431d	op-v1-9dd40313a0fd1522ac7e341f3e47da0e7df68fd14fd7ecab7030f2497b9685d4	14	eligible		611becc2a08c27a4edc77d9a45ff74c97130129b:include/simdutf/implementation.h:2034;611becc2a08c27a4edc77d9a45ff74c97130129b:src/haswell/avx2_convert_utf16_to_utf8.cpp	convertUTF16BEToUTF8Haswell	symbol-v1-cffbca509e05fb2a2359888b5ecf6cc9e356a737c8afbcfd5a73f4c7cbd69038	shared-kernel-v1-fd282ed21db6028887ca8b3a7d79b21f76bfcede641e4fcd196c0fe309ec92ec	cell-v1-7c877c7efb425bf5fc53b89de2fe42b7814e461da493058c437ec7af0ff2431d		KB-v1-FC-v1-utf16-source-haswell-01	batch-v1-ec2f5d52cd3a97ee4c890ab940dfd992445655a453f7276d8bac3917ff81a9bd	EB-v1-KB-v1-FC-v1-utf16-source-haswell-01-02	batch-v1-98ce94838986347a0192dd207ffec4826ffe3995a50592d7a39a9d2d3dd0a69c
v1	rk-v1-521d662c032927cd6ad9fdcadd43d12ddfaea74b4e341ab9ba1ab88281249170	46	50	FC-v1-utf16-source	archsimd	cell-v1-a65f3dafb2fc0f4833ce955d079df161abe424dcc867350a51eb212355283a58	op-v1-9dd40313a0fd1522ac7e341f3e47da0e7df68fd14fd7ecab7030f2497b9685d4	14	eligible		simd/archsimd Go 1.26.5:FC-v1-utf16-source audit row; required primitives: endian u16 loads/swaps, surrogate carry, compare/narrow, UTF-8 table/shuffle/pack, pair combine/u32 widen, counts/first-error; available: archsimd/ops_amd64.go:Load,Store,Shuffle,And,Or,Xor; archsimd/compare_gen_amd64.go:Equal,LessThan; archsimd/maskmerge_gen_amd64.go:Mask	convertUTF16BEToUTF8Archsimd	symbol-v1-d7a8dc4eb90918ae586106f4c20d560451b0e1d19b2d012de38dab2b32470f28	shared-kernel-v1-d2411ad923c614b4465ae262de5702f7afd9fe2d3b5dfb4ea33c646e924d6d91	cell-v1-a65f3dafb2fc0f4833ce955d079df161abe424dcc867350a51eb212355283a58		KB-v1-FC-v1-utf16-source-archsimd-01	batch-v1-24a2f41bf855af128ec8e1e690c8f977fe942bd66eedc73214cb5db9ecd946f6	EB-v1-KB-v1-FC-v1-utf16-source-archsimd-01-02	batch-v1-59ed42e04d5b82c09e6d48103e34a0c2570bffa356bef821923a7f1300fb87cb
v1	rk-v1-521d662c032927cd6ad9fdcadd43d12ddfaea74b4e341ab9ba1ab88281249170	46	50	FC-v1-utf16-source	neon	cell-v1-c3567f92198f3a7cd07c6adcc85ae3c4f86840293011129c5220f7202d7a27a1	op-v1-9dd40313a0fd1522ac7e341f3e47da0e7df68fd14fd7ecab7030f2497b9685d4	14	eligible		611becc2a08c27a4edc77d9a45ff74c97130129b:include/simdutf/implementation.h:2034;611becc2a08c27a4edc77d9a45ff74c97130129b:src/arm64/arm_convert_utf16_to_utf8.cpp	convertUTF16BEToUTF8NEON	symbol-v1-ae4a3d61581737d93eb98cbd68b334bf1ba121a4d8ff04cd446e691c0c141fcb	shared-kernel-v1-8b58bbf47ebad7c0c351222f15d20af42da6dd21a24422506e15c4647f0d4395	cell-v1-c3567f92198f3a7cd07c6adcc85ae3c4f86840293011129c5220f7202d7a27a1		KB-v1-FC-v1-utf16-source-neon-01	batch-v1-b4d3e712f8dc898225dae4fa632a4c9d453ec6325eaba7443241e45c89b6efc7	EB-v1-KB-v1-FC-v1-utf16-source-neon-01-02	batch-v1-32db806ac4e31411241ece9c1e72b8ce0f36a478de342786a87b81b80e5ce7cc
v1	rk-v1-ac23abceb6f8f4f41ca9004c26156675a50f2c1bb8481fed0bb155d6f07540d2	47	82	FC-v1-utf16-source	westmere	cell-v1-8ab36d0300d36cb0e2fa4ae0da38ba02347adf145d2d770ccde6b1c3d01faded	op-v1-23e074688c6da1c3d0e4e2753a70d2f71051002554b52104e12d3ab4ad6edb82	13	not_applicable	native_wrapper_delegates_explicit_endian	611becc2a08c27a4edc77d9a45ff74c97130129b:include/simdutf/implementation.h:2074									
v1	rk-v1-ac23abceb6f8f4f41ca9004c26156675a50f2c1bb8481fed0bb155d6f07540d2	47	82	FC-v1-utf16-source	haswell	cell-v1-20fccd249f73ad8e321e54cb6202867a7e13d8cee8eb2b6e4f4b7b7b04b005d5	op-v1-23e074688c6da1c3d0e4e2753a70d2f71051002554b52104e12d3ab4ad6edb82	13	not_applicable	native_wrapper_delegates_explicit_endian	611becc2a08c27a4edc77d9a45ff74c97130129b:include/simdutf/implementation.h:2074									
v1	rk-v1-ac23abceb6f8f4f41ca9004c26156675a50f2c1bb8481fed0bb155d6f07540d2	47	82	FC-v1-utf16-source	archsimd	cell-v1-1de0b3442ad591eebe075dd523c55da2175e4073af98d13fb4de1f5afbbaf819	op-v1-23e074688c6da1c3d0e4e2753a70d2f71051002554b52104e12d3ab4ad6edb82	13	not_applicable	native_wrapper_delegates_explicit_endian	611becc2a08c27a4edc77d9a45ff74c97130129b:include/simdutf/implementation.h:2074									
v1	rk-v1-ac23abceb6f8f4f41ca9004c26156675a50f2c1bb8481fed0bb155d6f07540d2	47	82	FC-v1-utf16-source	neon	cell-v1-711ea4be144bc24f3722d9087505e24773b2748dc23753d865f72510fde1ced7	op-v1-23e074688c6da1c3d0e4e2753a70d2f71051002554b52104e12d3ab4ad6edb82	13	not_applicable	native_wrapper_delegates_explicit_endian	611becc2a08c27a4edc77d9a45ff74c97130129b:include/simdutf/implementation.h:2074									
v1	rk-v1-cf755350d3a290fb00fc37ff1b15b4f99cb3e7354990c33d8309bb32586cd1ec	48	37	FC-v1-utf16-source	westmere	cell-v1-009c63fed8eeb51049a7438242e24c5685520e4eb14de79c6bff8e1efcfa4e0e	op-v1-23e074688c6da1c3d0e4e2753a70d2f71051002554b52104e12d3ab4ad6edb82	13	eligible		611becc2a08c27a4edc77d9a45ff74c97130129b:include/simdutf/implementation.h:2110;611becc2a08c27a4edc77d9a45ff74c97130129b:src/westmere/sse_convert_utf16_to_latin1.cpp	convertUTF16LEToLatin1WithErrorsWestmere	symbol-v1-94de4e1e1992faed5e95bf09227120a27b9fa790d87f0a4b388fa5ff46127ca3	shared-kernel-v1-9923aede7fa50f02e44fc44da3f3871001066756beeffbf22aeafe4bfe02c8c7	cell-v1-009c63fed8eeb51049a7438242e24c5685520e4eb14de79c6bff8e1efcfa4e0e		KB-v1-FC-v1-utf16-source-westmere-01	batch-v1-8ac1e06fbe7b0d6d9acd7feef54aa06d45269dfbc52a2ce7402cc1fafe2c61a9	EB-v1-KB-v1-FC-v1-utf16-source-westmere-01-01	batch-v1-01d2c6cacb9a6848b205adb2157747e29aeabcfaedc074fdb8bd43a8eeeabc42
v1	rk-v1-cf755350d3a290fb00fc37ff1b15b4f99cb3e7354990c33d8309bb32586cd1ec	48	37	FC-v1-utf16-source	haswell	cell-v1-7986c5620226a3f3375ee10594edf4fe782035280e838880fadf91fcb9f6479d	op-v1-23e074688c6da1c3d0e4e2753a70d2f71051002554b52104e12d3ab4ad6edb82	13	eligible		611becc2a08c27a4edc77d9a45ff74c97130129b:include/simdutf/implementation.h:2110;611becc2a08c27a4edc77d9a45ff74c97130129b:src/haswell/avx2_convert_utf16_to_latin1.cpp	convertUTF16LEToLatin1WithErrorsHaswell	symbol-v1-f07a6f30faae725617201d99e1d67538d41175a65abb1b2e03c96d92a4c76cfb	shared-kernel-v1-4657476d034aca47c3b85a345e02620de1d16973228f5524a4e05c0336359029	cell-v1-7986c5620226a3f3375ee10594edf4fe782035280e838880fadf91fcb9f6479d		KB-v1-FC-v1-utf16-source-haswell-01	batch-v1-ec2f5d52cd3a97ee4c890ab940dfd992445655a453f7276d8bac3917ff81a9bd	EB-v1-KB-v1-FC-v1-utf16-source-haswell-01-01	batch-v1-f6258062a248942ee7051afc9e5c367a9c0991344649adff644a37023d14c002
v1	rk-v1-cf755350d3a290fb00fc37ff1b15b4f99cb3e7354990c33d8309bb32586cd1ec	48	37	FC-v1-utf16-source	archsimd	cell-v1-17ceb33f195e69e4af06f6ed089cbad22410dfe9d2e378548f3d4ba23716955b	op-v1-23e074688c6da1c3d0e4e2753a70d2f71051002554b52104e12d3ab4ad6edb82	13	eligible		simd/archsimd Go 1.26.5:FC-v1-utf16-source audit row; required primitives: endian u16 loads/swaps, surrogate carry, compare/narrow, UTF-8 table/shuffle/pack, pair combine/u32 widen, counts/first-error; available: archsimd/ops_amd64.go:Load,Store,Shuffle,And,Or,Xor; archsimd/compare_gen_amd64.go:Equal,LessThan; archsimd/maskmerge_gen_amd64.go:Mask	convertUTF16LEToLatin1WithErrorsArchsimd	symbol-v1-27b2bd35955e9ab804a00d44dca6b025c2efca5751c6521c7d7e702df23d43fc	shared-kernel-v1-9a41eab34d7a75e76c4077f00feb291d55919d8132f9b2cdf2a43d8097350943	cell-v1-17ceb33f195e69e4af06f6ed089cbad22410dfe9d2e378548f3d4ba23716955b		KB-v1-FC-v1-utf16-source-archsimd-01	batch-v1-24a2f41bf855af128ec8e1e690c8f977fe942bd66eedc73214cb5db9ecd946f6	EB-v1-KB-v1-FC-v1-utf16-source-archsimd-01-01	batch-v1-0d68e73cdddaabe90fbe7b199b018380cbac81a1df306534babecd5d486f8213
v1	rk-v1-cf755350d3a290fb00fc37ff1b15b4f99cb3e7354990c33d8309bb32586cd1ec	48	37	FC-v1-utf16-source	neon	cell-v1-cfeaf8b90660dd8375e8c7fd9e4f457f291d1f8ed123596bddd3a8a59f512098	op-v1-23e074688c6da1c3d0e4e2753a70d2f71051002554b52104e12d3ab4ad6edb82	13	eligible		611becc2a08c27a4edc77d9a45ff74c97130129b:include/simdutf/implementation.h:2110;611becc2a08c27a4edc77d9a45ff74c97130129b:src/arm64/arm_convert_utf16_to_latin1.cpp	convertUTF16LEToLatin1WithErrorsNEON	symbol-v1-4861b28fac487b5f557fe84fd3e7738dcb41a9c86012b52bae811d713f98b531	shared-kernel-v1-e4fb2fff0c495a421212b1012bec73e739b6347d53bbf717578f6d951b9154b9	cell-v1-cfeaf8b90660dd8375e8c7fd9e4f457f291d1f8ed123596bddd3a8a59f512098		KB-v1-FC-v1-utf16-source-neon-01	batch-v1-b4d3e712f8dc898225dae4fa632a4c9d453ec6325eaba7443241e45c89b6efc7	EB-v1-KB-v1-FC-v1-utf16-source-neon-01-01	batch-v1-6c2c6435df13438f01fbf3c960b35e559382201a7e4171907f7990967262162f
v1	rk-v1-f0dbe3e28b358dd52c48465bbab3c0f724ae39d7438cfef1e358781096f417f8	49	38	FC-v1-utf16-source	westmere	cell-v1-69984c985922eda96edc21b298368e28c533f292cf6076e22f6cdf3d52334016	op-v1-23e074688c6da1c3d0e4e2753a70d2f71051002554b52104e12d3ab4ad6edb82	13	eligible		611becc2a08c27a4edc77d9a45ff74c97130129b:include/simdutf/implementation.h:2148;611becc2a08c27a4edc77d9a45ff74c97130129b:src/westmere/sse_convert_utf16_to_latin1.cpp	convertUTF16BEToLatin1WithErrorsWestmere	symbol-v1-80c8b09b147cdae8d82278e4ccda77909e534c3a417144af5480a11f279278c7	shared-kernel-v1-f177eaf5d76815db6a0a68af54351cb092f80ded8c097b214f4a2e611eae89f7	cell-v1-69984c985922eda96edc21b298368e28c533f292cf6076e22f6cdf3d52334016		KB-v1-FC-v1-utf16-source-westmere-01	batch-v1-8ac1e06fbe7b0d6d9acd7feef54aa06d45269dfbc52a2ce7402cc1fafe2c61a9	EB-v1-KB-v1-FC-v1-utf16-source-westmere-01-01	batch-v1-01d2c6cacb9a6848b205adb2157747e29aeabcfaedc074fdb8bd43a8eeeabc42
v1	rk-v1-f0dbe3e28b358dd52c48465bbab3c0f724ae39d7438cfef1e358781096f417f8	49	38	FC-v1-utf16-source	haswell	cell-v1-51994ac4d2659114ca86b869f8825e3d7461064caf21e289102eb37912ab047e	op-v1-23e074688c6da1c3d0e4e2753a70d2f71051002554b52104e12d3ab4ad6edb82	13	eligible		611becc2a08c27a4edc77d9a45ff74c97130129b:include/simdutf/implementation.h:2148;611becc2a08c27a4edc77d9a45ff74c97130129b:src/haswell/avx2_convert_utf16_to_latin1.cpp	convertUTF16BEToLatin1WithErrorsHaswell	symbol-v1-56da714897270195e18449b421bd9435b2625463e0b7c6b31e6310b37c1a6fa0	shared-kernel-v1-c46c06f41853c3819c78444172975c6adff1cf6887059d2cca6415e658f82a14	cell-v1-51994ac4d2659114ca86b869f8825e3d7461064caf21e289102eb37912ab047e		KB-v1-FC-v1-utf16-source-haswell-01	batch-v1-ec2f5d52cd3a97ee4c890ab940dfd992445655a453f7276d8bac3917ff81a9bd	EB-v1-KB-v1-FC-v1-utf16-source-haswell-01-01	batch-v1-f6258062a248942ee7051afc9e5c367a9c0991344649adff644a37023d14c002
v1	rk-v1-f0dbe3e28b358dd52c48465bbab3c0f724ae39d7438cfef1e358781096f417f8	49	38	FC-v1-utf16-source	archsimd	cell-v1-799233dfdf4f9443c9194776f3fd79aef3f5c6fdd9ece29fecc793069f6a6a87	op-v1-23e074688c6da1c3d0e4e2753a70d2f71051002554b52104e12d3ab4ad6edb82	13	eligible		simd/archsimd Go 1.26.5:FC-v1-utf16-source audit row; required primitives: endian u16 loads/swaps, surrogate carry, compare/narrow, UTF-8 table/shuffle/pack, pair combine/u32 widen, counts/first-error; available: archsimd/ops_amd64.go:Load,Store,Shuffle,And,Or,Xor; archsimd/compare_gen_amd64.go:Equal,LessThan; archsimd/maskmerge_gen_amd64.go:Mask	convertUTF16BEToLatin1WithErrorsArchsimd	symbol-v1-7b184587615147c687f45bd845e222244c7162361b6f41f7b39d32b363bbb281	shared-kernel-v1-6606f10cef5ea82b9ad127bc8a8b9ed787e90a96c4b881971cb582ba9240fbba	cell-v1-799233dfdf4f9443c9194776f3fd79aef3f5c6fdd9ece29fecc793069f6a6a87		KB-v1-FC-v1-utf16-source-archsimd-01	batch-v1-24a2f41bf855af128ec8e1e690c8f977fe942bd66eedc73214cb5db9ecd946f6	EB-v1-KB-v1-FC-v1-utf16-source-archsimd-01-01	batch-v1-0d68e73cdddaabe90fbe7b199b018380cbac81a1df306534babecd5d486f8213
v1	rk-v1-f0dbe3e28b358dd52c48465bbab3c0f724ae39d7438cfef1e358781096f417f8	49	38	FC-v1-utf16-source	neon	cell-v1-64266328122e64df326b3266072e59ef39c6769a7a15bcae4f1a9071893d387e	op-v1-23e074688c6da1c3d0e4e2753a70d2f71051002554b52104e12d3ab4ad6edb82	13	eligible		611becc2a08c27a4edc77d9a45ff74c97130129b:include/simdutf/implementation.h:2148;611becc2a08c27a4edc77d9a45ff74c97130129b:src/arm64/arm_convert_utf16_to_latin1.cpp	convertUTF16BEToLatin1WithErrorsNEON	symbol-v1-9fee6860a8759b0166cba2554e2af3b03d7aa55a3c1b36b6b52df84ae395d363	shared-kernel-v1-2377b4552402852c07bdcd8a453d44d27d76d2933cad10e5f15e03904230bddd	cell-v1-64266328122e64df326b3266072e59ef39c6769a7a15bcae4f1a9071893d387e		KB-v1-FC-v1-utf16-source-neon-01	batch-v1-b4d3e712f8dc898225dae4fa632a4c9d453ec6325eaba7443241e45c89b6efc7	EB-v1-KB-v1-FC-v1-utf16-source-neon-01-01	batch-v1-6c2c6435df13438f01fbf3c960b35e559382201a7e4171907f7990967262162f
v1	rk-v1-da62207ef0cbf607758d0b6a5828686e7b9f2ad026306ce746232b6fa7e4baa7	50	72	FC-v1-utf16-source	westmere	cell-v1-6655a0297e8539b6d76bad429f3329018629b77b4befcc28738c6e821de0b498	op-v1-9dd40313a0fd1522ac7e341f3e47da0e7df68fd14fd7ecab7030f2497b9685d4	14	not_applicable	native_wrapper_delegates_explicit_endian	611becc2a08c27a4edc77d9a45ff74c97130129b:include/simdutf/implementation.h:2188									
v1	rk-v1-da62207ef0cbf607758d0b6a5828686e7b9f2ad026306ce746232b6fa7e4baa7	50	72	FC-v1-utf16-source	haswell	cell-v1-bfdf15bcedef1688684ce9fa913ec16c7c6121216352bcb38f765c793cd27ea6	op-v1-9dd40313a0fd1522ac7e341f3e47da0e7df68fd14fd7ecab7030f2497b9685d4	14	not_applicable	native_wrapper_delegates_explicit_endian	611becc2a08c27a4edc77d9a45ff74c97130129b:include/simdutf/implementation.h:2188									
v1	rk-v1-da62207ef0cbf607758d0b6a5828686e7b9f2ad026306ce746232b6fa7e4baa7	50	72	FC-v1-utf16-source	archsimd	cell-v1-e4e6f6a69e99e81666a7d6dc3e7a6b701699aa7051056028a9202c253e5cb380	op-v1-9dd40313a0fd1522ac7e341f3e47da0e7df68fd14fd7ecab7030f2497b9685d4	14	not_applicable	native_wrapper_delegates_explicit_endian	611becc2a08c27a4edc77d9a45ff74c97130129b:include/simdutf/implementation.h:2188									
v1	rk-v1-da62207ef0cbf607758d0b6a5828686e7b9f2ad026306ce746232b6fa7e4baa7	50	72	FC-v1-utf16-source	neon	cell-v1-3ec8517a686935c3c95f5d56cbaab2128ccf27985e9a813ca9139fbefe43342e	op-v1-9dd40313a0fd1522ac7e341f3e47da0e7df68fd14fd7ecab7030f2497b9685d4	14	not_applicable	native_wrapper_delegates_explicit_endian	611becc2a08c27a4edc77d9a45ff74c97130129b:include/simdutf/implementation.h:2188									
v1	rk-v1-3633f480ea565cbff44d0ef240597d81f280ecb25a00772de1db4059afc7e38e	51	51	FC-v1-utf16-source	westmere	cell-v1-28f8b001cc7425d27feb8ed48e4b2103a5ed2db1111f2e1fab3754f8c5cffd37	op-v1-9dd40313a0fd1522ac7e341f3e47da0e7df68fd14fd7ecab7030f2497b9685d4	14	eligible		611becc2a08c27a4edc77d9a45ff74c97130129b:include/simdutf/implementation.h:2225;611becc2a08c27a4edc77d9a45ff74c97130129b:src/westmere/sse_convert_utf16_to_utf8.cpp	convertUTF16LEToUTF8WithErrorsWestmere	symbol-v1-0f527fc814a43e95ea8a777f823e050d5a92d7d26e26584072588911551a3cca	shared-kernel-v1-fdc792d61d1a024f83b37870e357405a520c1f37c208ac45c6be82365b2c817f	cell-v1-28f8b001cc7425d27feb8ed48e4b2103a5ed2db1111f2e1fab3754f8c5cffd37		KB-v1-FC-v1-utf16-source-westmere-01	batch-v1-8ac1e06fbe7b0d6d9acd7feef54aa06d45269dfbc52a2ce7402cc1fafe2c61a9	EB-v1-KB-v1-FC-v1-utf16-source-westmere-01-02	batch-v1-f507acb68feacd62d95656066632ef952e03dd5219eea2a940dc00d4b9121fd5
v1	rk-v1-3633f480ea565cbff44d0ef240597d81f280ecb25a00772de1db4059afc7e38e	51	51	FC-v1-utf16-source	haswell	cell-v1-ab27334b08d5c12897571149904b7015d08945e868692715f0c915436ff6e7ef	op-v1-9dd40313a0fd1522ac7e341f3e47da0e7df68fd14fd7ecab7030f2497b9685d4	14	eligible		611becc2a08c27a4edc77d9a45ff74c97130129b:include/simdutf/implementation.h:2225;611becc2a08c27a4edc77d9a45ff74c97130129b:src/haswell/avx2_convert_utf16_to_utf8.cpp	convertUTF16LEToUTF8WithErrorsHaswell	symbol-v1-51a27ce16861641497d5a0deec192cb90591ba290bc76ff446d01d8d94d18d07	shared-kernel-v1-4399304f846bbdd05eb30df0cf802e4ff262354d8400187b8edf4581398b385b	cell-v1-ab27334b08d5c12897571149904b7015d08945e868692715f0c915436ff6e7ef		KB-v1-FC-v1-utf16-source-haswell-01	batch-v1-ec2f5d52cd3a97ee4c890ab940dfd992445655a453f7276d8bac3917ff81a9bd	EB-v1-KB-v1-FC-v1-utf16-source-haswell-01-02	batch-v1-98ce94838986347a0192dd207ffec4826ffe3995a50592d7a39a9d2d3dd0a69c
v1	rk-v1-3633f480ea565cbff44d0ef240597d81f280ecb25a00772de1db4059afc7e38e	51	51	FC-v1-utf16-source	archsimd	cell-v1-f1e8c7da9d3deeb094dc1b9b480635360d544d776e5022191435dbce540afd59	op-v1-9dd40313a0fd1522ac7e341f3e47da0e7df68fd14fd7ecab7030f2497b9685d4	14	eligible		simd/archsimd Go 1.26.5:FC-v1-utf16-source audit row; required primitives: endian u16 loads/swaps, surrogate carry, compare/narrow, UTF-8 table/shuffle/pack, pair combine/u32 widen, counts/first-error; available: archsimd/ops_amd64.go:Load,Store,Shuffle,And,Or,Xor; archsimd/compare_gen_amd64.go:Equal,LessThan; archsimd/maskmerge_gen_amd64.go:Mask	convertUTF16LEToUTF8WithErrorsArchsimd	symbol-v1-1ae0507cb729163ffc7b6585710d4d4b21961611d106ad873d3f093c9373cde6	shared-kernel-v1-61371b2e269e6da370649b68e07a4cab336510341a17c47d66bc125176316656	cell-v1-f1e8c7da9d3deeb094dc1b9b480635360d544d776e5022191435dbce540afd59		KB-v1-FC-v1-utf16-source-archsimd-01	batch-v1-24a2f41bf855af128ec8e1e690c8f977fe942bd66eedc73214cb5db9ecd946f6	EB-v1-KB-v1-FC-v1-utf16-source-archsimd-01-02	batch-v1-59ed42e04d5b82c09e6d48103e34a0c2570bffa356bef821923a7f1300fb87cb
v1	rk-v1-3633f480ea565cbff44d0ef240597d81f280ecb25a00772de1db4059afc7e38e	51	51	FC-v1-utf16-source	neon	cell-v1-2d6abe7e35d2bd0beaa137c47e0f10be0387d74e8382f2ec788c04f3c6f93f87	op-v1-9dd40313a0fd1522ac7e341f3e47da0e7df68fd14fd7ecab7030f2497b9685d4	14	eligible		611becc2a08c27a4edc77d9a45ff74c97130129b:include/simdutf/implementation.h:2225;611becc2a08c27a4edc77d9a45ff74c97130129b:src/arm64/arm_convert_utf16_to_utf8.cpp	convertUTF16LEToUTF8WithErrorsNEON	symbol-v1-fcbecab1c93cc7ef001cf6741c690ea017cd7566486aaea882aa28016abf45c3	shared-kernel-v1-3a3383ed01b9f4e976bfae1546124c56c4950463ceed52c5c87dacdd32ecf8ee	cell-v1-2d6abe7e35d2bd0beaa137c47e0f10be0387d74e8382f2ec788c04f3c6f93f87		KB-v1-FC-v1-utf16-source-neon-01	batch-v1-b4d3e712f8dc898225dae4fa632a4c9d453ec6325eaba7443241e45c89b6efc7	EB-v1-KB-v1-FC-v1-utf16-source-neon-01-02	batch-v1-32db806ac4e31411241ece9c1e72b8ce0f36a478de342786a87b81b80e5ce7cc
v1	rk-v1-4c03838d156b4e250f900dbff0a8a3fb28b4ee60eb2139e07307565b3bcfa6ce	52	52	FC-v1-utf16-source	westmere	cell-v1-ba7ad3e05002cfffbac3d99a35463d2d8789e53a0e13604ec8f5171cd3a828a7	op-v1-9dd40313a0fd1522ac7e341f3e47da0e7df68fd14fd7ecab7030f2497b9685d4	14	eligible		611becc2a08c27a4edc77d9a45ff74c97130129b:include/simdutf/implementation.h:2262;611becc2a08c27a4edc77d9a45ff74c97130129b:src/westmere/sse_convert_utf16_to_utf8.cpp	convertUTF16BEToUTF8WithErrorsWestmere	symbol-v1-0feddafd95461cba68436e4e78a569bc1be1311f1d8557111f77876a0469ea23	shared-kernel-v1-3b9840d264220d3e190a97e6961d2c36b066e88876a339a190362c49fb1fafd4	cell-v1-ba7ad3e05002cfffbac3d99a35463d2d8789e53a0e13604ec8f5171cd3a828a7		KB-v1-FC-v1-utf16-source-westmere-01	batch-v1-8ac1e06fbe7b0d6d9acd7feef54aa06d45269dfbc52a2ce7402cc1fafe2c61a9	EB-v1-KB-v1-FC-v1-utf16-source-westmere-01-02	batch-v1-f507acb68feacd62d95656066632ef952e03dd5219eea2a940dc00d4b9121fd5
v1	rk-v1-4c03838d156b4e250f900dbff0a8a3fb28b4ee60eb2139e07307565b3bcfa6ce	52	52	FC-v1-utf16-source	haswell	cell-v1-0d80df021182fffbdd7a1121f34a843877eeba4827da3e5dd6699df6279d675e	op-v1-9dd40313a0fd1522ac7e341f3e47da0e7df68fd14fd7ecab7030f2497b9685d4	14	eligible		611becc2a08c27a4edc77d9a45ff74c97130129b:include/simdutf/implementation.h:2262;611becc2a08c27a4edc77d9a45ff74c97130129b:src/haswell/avx2_convert_utf16_to_utf8.cpp	convertUTF16BEToUTF8WithErrorsHaswell	symbol-v1-978e267967d1c36c70513ca90f6518f1fd47262c664870c466a510077f693795	shared-kernel-v1-27c111af29907c26f4462d15c65e9826c22b0976243b282a81703d1242f48000	cell-v1-0d80df021182fffbdd7a1121f34a843877eeba4827da3e5dd6699df6279d675e		KB-v1-FC-v1-utf16-source-haswell-01	batch-v1-ec2f5d52cd3a97ee4c890ab940dfd992445655a453f7276d8bac3917ff81a9bd	EB-v1-KB-v1-FC-v1-utf16-source-haswell-01-02	batch-v1-98ce94838986347a0192dd207ffec4826ffe3995a50592d7a39a9d2d3dd0a69c
v1	rk-v1-4c03838d156b4e250f900dbff0a8a3fb28b4ee60eb2139e07307565b3bcfa6ce	52	52	FC-v1-utf16-source	archsimd	cell-v1-8d125119ea1d7fe5b8b85e6593cb813d77c66fc1dd90df58ea48034790f394d4	op-v1-9dd40313a0fd1522ac7e341f3e47da0e7df68fd14fd7ecab7030f2497b9685d4	14	eligible		simd/archsimd Go 1.26.5:FC-v1-utf16-source audit row; required primitives: endian u16 loads/swaps, surrogate carry, compare/narrow, UTF-8 table/shuffle/pack, pair combine/u32 widen, counts/first-error; available: archsimd/ops_amd64.go:Load,Store,Shuffle,And,Or,Xor; archsimd/compare_gen_amd64.go:Equal,LessThan; archsimd/maskmerge_gen_amd64.go:Mask	convertUTF16BEToUTF8WithErrorsArchsimd	symbol-v1-47b6501cbc853cc38f49c24e51548fd67abc0fb12f893a4436cfd53823f45551	shared-kernel-v1-e7b5d9455824014914cc6ea11247270df7156e6e61c04b3fa9f8a0494605efc4	cell-v1-8d125119ea1d7fe5b8b85e6593cb813d77c66fc1dd90df58ea48034790f394d4		KB-v1-FC-v1-utf16-source-archsimd-01	batch-v1-24a2f41bf855af128ec8e1e690c8f977fe942bd66eedc73214cb5db9ecd946f6	EB-v1-KB-v1-FC-v1-utf16-source-archsimd-01-02	batch-v1-59ed42e04d5b82c09e6d48103e34a0c2570bffa356bef821923a7f1300fb87cb
v1	rk-v1-4c03838d156b4e250f900dbff0a8a3fb28b4ee60eb2139e07307565b3bcfa6ce	52	52	FC-v1-utf16-source	neon	cell-v1-e389c55ecd6d9dbc2222d7fb434a611f90e1a04eb6d0cec2030bb1d5176741b7	op-v1-9dd40313a0fd1522ac7e341f3e47da0e7df68fd14fd7ecab7030f2497b9685d4	14	eligible		611becc2a08c27a4edc77d9a45ff74c97130129b:include/simdutf/implementation.h:2262;611becc2a08c27a4edc77d9a45ff74c97130129b:src/arm64/arm_convert_utf16_to_utf8.cpp	convertUTF16BEToUTF8WithErrorsNEON	symbol-v1-bfea2f64ed15568803710cbcf4fc7d658af8c0dd85b15f997c06d3a4691861f2	shared-kernel-v1-4e2d3d9baa9ee6698cbf8ecbf48d868ecefe4c728cdfc20bd88a16bea3fe19e2	cell-v1-e389c55ecd6d9dbc2222d7fb434a611f90e1a04eb6d0cec2030bb1d5176741b7		KB-v1-FC-v1-utf16-source-neon-01	batch-v1-b4d3e712f8dc898225dae4fa632a4c9d453ec6325eaba7443241e45c89b6efc7	EB-v1-KB-v1-FC-v1-utf16-source-neon-01-02	batch-v1-32db806ac4e31411241ece9c1e72b8ce0f36a478de342786a87b81b80e5ce7cc
v1	rk-v1-e65d80991f56e573c7b25788519e8fd01fb6b5f20e2356ac14864b920fe824f7	53	53	FC-v1-utf16-source	westmere	cell-v1-76685e268a0e46fb2a9bf7a1ac888e8128467e2c7e6daa2202187060057d4372	op-v1-9dd40313a0fd1522ac7e341f3e47da0e7df68fd14fd7ecab7030f2497b9685d4	14	eligible		611becc2a08c27a4edc77d9a45ff74c97130129b:include/simdutf/implementation.h:2297;611becc2a08c27a4edc77d9a45ff74c97130129b:src/westmere/sse_convert_utf16_to_utf8.cpp	convertUTF16LEToUTF8WithReplacementWestmere	symbol-v1-7db5217962e92389c038f5147d2123e5661ae111d321ede632c13a8f82f78985	shared-kernel-v1-016481a60114a586edaa02314d480535ddc655f8b2ff810fd9aa6448ed2d9fbc	cell-v1-76685e268a0e46fb2a9bf7a1ac888e8128467e2c7e6daa2202187060057d4372		KB-v1-FC-v1-utf16-source-westmere-01	batch-v1-8ac1e06fbe7b0d6d9acd7feef54aa06d45269dfbc52a2ce7402cc1fafe2c61a9	EB-v1-KB-v1-FC-v1-utf16-source-westmere-01-02	batch-v1-f507acb68feacd62d95656066632ef952e03dd5219eea2a940dc00d4b9121fd5
v1	rk-v1-e65d80991f56e573c7b25788519e8fd01fb6b5f20e2356ac14864b920fe824f7	53	53	FC-v1-utf16-source	haswell	cell-v1-ccb03660d9cbf79e6ac5d42ebf2fb9882d2f2527ae1b6eaa443bc4f979c2725e	op-v1-9dd40313a0fd1522ac7e341f3e47da0e7df68fd14fd7ecab7030f2497b9685d4	14	eligible		611becc2a08c27a4edc77d9a45ff74c97130129b:include/simdutf/implementation.h:2297;611becc2a08c27a4edc77d9a45ff74c97130129b:src/haswell/avx2_convert_utf16_to_utf8.cpp	convertUTF16LEToUTF8WithReplacementHaswell	symbol-v1-7b61b6847cdb7fdf991cd7538ec2bc43fb1b6820c559905a5e0a65b21a56c004	shared-kernel-v1-75acafee2b629746eecfa30b263297017cab7b24a6bd9727e78961454b25c7ae	cell-v1-ccb03660d9cbf79e6ac5d42ebf2fb9882d2f2527ae1b6eaa443bc4f979c2725e		KB-v1-FC-v1-utf16-source-haswell-01	batch-v1-ec2f5d52cd3a97ee4c890ab940dfd992445655a453f7276d8bac3917ff81a9bd	EB-v1-KB-v1-FC-v1-utf16-source-haswell-01-02	batch-v1-98ce94838986347a0192dd207ffec4826ffe3995a50592d7a39a9d2d3dd0a69c
v1	rk-v1-e65d80991f56e573c7b25788519e8fd01fb6b5f20e2356ac14864b920fe824f7	53	53	FC-v1-utf16-source	archsimd	cell-v1-a9ce601623fd6dfb087110e69436c94526177038c3abc833a264a7787cb2b2b1	op-v1-9dd40313a0fd1522ac7e341f3e47da0e7df68fd14fd7ecab7030f2497b9685d4	14	eligible		simd/archsimd Go 1.26.5:FC-v1-utf16-source audit row; required primitives: endian u16 loads/swaps, surrogate carry, compare/narrow, UTF-8 table/shuffle/pack, pair combine/u32 widen, counts/first-error; available: archsimd/ops_amd64.go:Load,Store,Shuffle,And,Or,Xor; archsimd/compare_gen_amd64.go:Equal,LessThan; archsimd/maskmerge_gen_amd64.go:Mask	convertUTF16LEToUTF8WithReplacementArchsimd	symbol-v1-c8465eb17b218c6d9145d168d74ed52a6212b750067dfc6aa292b4a213a6ec75	shared-kernel-v1-4293d7c5460aaf23bcf71af010c936813368dcececcd11c5d33ad6bd8124e254	cell-v1-a9ce601623fd6dfb087110e69436c94526177038c3abc833a264a7787cb2b2b1		KB-v1-FC-v1-utf16-source-archsimd-01	batch-v1-24a2f41bf855af128ec8e1e690c8f977fe942bd66eedc73214cb5db9ecd946f6	EB-v1-KB-v1-FC-v1-utf16-source-archsimd-01-02	batch-v1-59ed42e04d5b82c09e6d48103e34a0c2570bffa356bef821923a7f1300fb87cb
v1	rk-v1-e65d80991f56e573c7b25788519e8fd01fb6b5f20e2356ac14864b920fe824f7	53	53	FC-v1-utf16-source	neon	cell-v1-cd1946d0a5d7eab5d6970454d24ef9c4da266f6a0a855e388de77c4d1987f9a6	op-v1-9dd40313a0fd1522ac7e341f3e47da0e7df68fd14fd7ecab7030f2497b9685d4	14	eligible		611becc2a08c27a4edc77d9a45ff74c97130129b:include/simdutf/implementation.h:2297;611becc2a08c27a4edc77d9a45ff74c97130129b:src/arm64/arm_convert_utf16_to_utf8.cpp	convertUTF16LEToUTF8WithReplacementNEON	symbol-v1-4443e92209782ff590a38f9afa760ecc52d0e76f5cd0ef9589e279ea28feda2b	shared-kernel-v1-ced628af357e40a00223ef49ab9ad2825c5ef392c5d9be6648bf6ada453f3917	cell-v1-cd1946d0a5d7eab5d6970454d24ef9c4da266f6a0a855e388de77c4d1987f9a6		KB-v1-FC-v1-utf16-source-neon-01	batch-v1-b4d3e712f8dc898225dae4fa632a4c9d453ec6325eaba7443241e45c89b6efc7	EB-v1-KB-v1-FC-v1-utf16-source-neon-01-02	batch-v1-32db806ac4e31411241ece9c1e72b8ce0f36a478de342786a87b81b80e5ce7cc
v1	rk-v1-a7ed3f150f1eaad3b80a158978003f86a8e57c080fa44ab5168ac14edb93b929	54	54	FC-v1-utf16-source	westmere	cell-v1-a2c7512a55559eca1630f7945e39494e53e0f1fc9cda3f4f56303abafb0fa99c	op-v1-9dd40313a0fd1522ac7e341f3e47da0e7df68fd14fd7ecab7030f2497b9685d4	14	eligible		611becc2a08c27a4edc77d9a45ff74c97130129b:include/simdutf/implementation.h:2332;611becc2a08c27a4edc77d9a45ff74c97130129b:src/westmere/sse_convert_utf16_to_utf8.cpp	convertUTF16BEToUTF8WithReplacementWestmere	symbol-v1-8b250aebdec536ee8d7504e4cecd7a5654dd9f6f436387a428634f1c2f0499ce	shared-kernel-v1-ce630264a58dae14815cdca599d80afe2eef5b15a842a941d4f48f36b183adf6	cell-v1-a2c7512a55559eca1630f7945e39494e53e0f1fc9cda3f4f56303abafb0fa99c		KB-v1-FC-v1-utf16-source-westmere-01	batch-v1-8ac1e06fbe7b0d6d9acd7feef54aa06d45269dfbc52a2ce7402cc1fafe2c61a9	EB-v1-KB-v1-FC-v1-utf16-source-westmere-01-02	batch-v1-f507acb68feacd62d95656066632ef952e03dd5219eea2a940dc00d4b9121fd5
v1	rk-v1-a7ed3f150f1eaad3b80a158978003f86a8e57c080fa44ab5168ac14edb93b929	54	54	FC-v1-utf16-source	haswell	cell-v1-75a5b8278613add7dc5a66ae434e487e705b2814b1d19e9113499a41a19faf8d	op-v1-9dd40313a0fd1522ac7e341f3e47da0e7df68fd14fd7ecab7030f2497b9685d4	14	eligible		611becc2a08c27a4edc77d9a45ff74c97130129b:include/simdutf/implementation.h:2332;611becc2a08c27a4edc77d9a45ff74c97130129b:src/haswell/avx2_convert_utf16_to_utf8.cpp	convertUTF16BEToUTF8WithReplacementHaswell	symbol-v1-260b03a411134f3ec921100e7040e2174312e5245126f5ffb088c733b382960b	shared-kernel-v1-af753449c41cf365e877473b5f4eef8afca9e6a11fba3fd53968d4ac4479b192	cell-v1-75a5b8278613add7dc5a66ae434e487e705b2814b1d19e9113499a41a19faf8d		KB-v1-FC-v1-utf16-source-haswell-01	batch-v1-ec2f5d52cd3a97ee4c890ab940dfd992445655a453f7276d8bac3917ff81a9bd	EB-v1-KB-v1-FC-v1-utf16-source-haswell-01-02	batch-v1-98ce94838986347a0192dd207ffec4826ffe3995a50592d7a39a9d2d3dd0a69c
v1	rk-v1-a7ed3f150f1eaad3b80a158978003f86a8e57c080fa44ab5168ac14edb93b929	54	54	FC-v1-utf16-source	archsimd	cell-v1-406294af92245d5035457b58b357cb11703145a98c6db738b6378f08a066d883	op-v1-9dd40313a0fd1522ac7e341f3e47da0e7df68fd14fd7ecab7030f2497b9685d4	14	eligible		simd/archsimd Go 1.26.5:FC-v1-utf16-source audit row; required primitives: endian u16 loads/swaps, surrogate carry, compare/narrow, UTF-8 table/shuffle/pack, pair combine/u32 widen, counts/first-error; available: archsimd/ops_amd64.go:Load,Store,Shuffle,And,Or,Xor; archsimd/compare_gen_amd64.go:Equal,LessThan; archsimd/maskmerge_gen_amd64.go:Mask	convertUTF16BEToUTF8WithReplacementArchsimd	symbol-v1-23f6bdc7857d198b92a1cd891245cd3b08fe743e4a35b58e268c1d19d67a6487	shared-kernel-v1-d49aca521eb9ea2b91b99eeed822b7e8714098d7d2ad0ca5208c380459c14661	cell-v1-406294af92245d5035457b58b357cb11703145a98c6db738b6378f08a066d883		KB-v1-FC-v1-utf16-source-archsimd-01	batch-v1-24a2f41bf855af128ec8e1e690c8f977fe942bd66eedc73214cb5db9ecd946f6	EB-v1-KB-v1-FC-v1-utf16-source-archsimd-01-02	batch-v1-59ed42e04d5b82c09e6d48103e34a0c2570bffa356bef821923a7f1300fb87cb
v1	rk-v1-a7ed3f150f1eaad3b80a158978003f86a8e57c080fa44ab5168ac14edb93b929	54	54	FC-v1-utf16-source	neon	cell-v1-7f72be53b72806655563eb8383a518ba565353e3002e28863b80c7e077bff71a	op-v1-9dd40313a0fd1522ac7e341f3e47da0e7df68fd14fd7ecab7030f2497b9685d4	14	eligible		611becc2a08c27a4edc77d9a45ff74c97130129b:include/simdutf/implementation.h:2332;611becc2a08c27a4edc77d9a45ff74c97130129b:src/arm64/arm_convert_utf16_to_utf8.cpp	convertUTF16BEToUTF8WithReplacementNEON	symbol-v1-10eccc60ba268117408e9113a0df1a90b67cb9bd9f8c3e1ecdc67f74c63968a7	shared-kernel-v1-7aa223a4d2f3e014c4b0321d5e0fc3dc91cef9a37052250f8dbbbb991a9dc0a0	cell-v1-7f72be53b72806655563eb8383a518ba565353e3002e28863b80c7e077bff71a		KB-v1-FC-v1-utf16-source-neon-01	batch-v1-b4d3e712f8dc898225dae4fa632a4c9d453ec6325eaba7443241e45c89b6efc7	EB-v1-KB-v1-FC-v1-utf16-source-neon-01-02	batch-v1-32db806ac4e31411241ece9c1e72b8ce0f36a478de342786a87b81b80e5ce7cc
v1	rk-v1-772c23c8a7781b729b62c1e1bc03e3a19826232b5ba9a005d69f1c1377186520	55	80	FC-v1-utf16-source	westmere	cell-v1-15c341f955d38ae386bd484ec8cc736a2af5537b99a2f3bae21beb133e3c2329	op-v1-9dd40313a0fd1522ac7e341f3e47da0e7df68fd14fd7ecab7030f2497b9685d4	14	not_applicable	native_wrapper_delegates_explicit_endian	611becc2a08c27a4edc77d9a45ff74c97130129b:include/simdutf/implementation.h:2367									
v1	rk-v1-772c23c8a7781b729b62c1e1bc03e3a19826232b5ba9a005d69f1c1377186520	55	80	FC-v1-utf16-source	haswell	cell-v1-e40162bd65eff78ef52b570834bf78f4ea856b7dfe8e9070c4e59efe4d12dc86	op-v1-9dd40313a0fd1522ac7e341f3e47da0e7df68fd14fd7ecab7030f2497b9685d4	14	not_applicable	native_wrapper_delegates_explicit_endian	611becc2a08c27a4edc77d9a45ff74c97130129b:include/simdutf/implementation.h:2367									
v1	rk-v1-772c23c8a7781b729b62c1e1bc03e3a19826232b5ba9a005d69f1c1377186520	55	80	FC-v1-utf16-source	archsimd	cell-v1-2eb3c02ac086f34b7fcf803e7db1049221d5360c2c6313ca0d38c39e700401a9	op-v1-9dd40313a0fd1522ac7e341f3e47da0e7df68fd14fd7ecab7030f2497b9685d4	14	not_applicable	native_wrapper_delegates_explicit_endian	611becc2a08c27a4edc77d9a45ff74c97130129b:include/simdutf/implementation.h:2367									
v1	rk-v1-772c23c8a7781b729b62c1e1bc03e3a19826232b5ba9a005d69f1c1377186520	55	80	FC-v1-utf16-source	neon	cell-v1-7c4ee9c1c59ed92a2634b661b8b55db2fa99459b136a957e5d794fbb069520f0	op-v1-9dd40313a0fd1522ac7e341f3e47da0e7df68fd14fd7ecab7030f2497b9685d4	14	not_applicable	native_wrapper_delegates_explicit_endian	611becc2a08c27a4edc77d9a45ff74c97130129b:include/simdutf/implementation.h:2367									
v1	rk-v1-150e1e4c3840ced668160ee320b2d8e923ea9baf583215a8774f2ad8b7d7590e	56	68	FC-v1-utf16-source	westmere	cell-v1-dd16933268d69bd8fe5a5e26e329eacb51e44f6edbde361a03bec500a941b35b	op-v1-9dd40313a0fd1522ac7e341f3e47da0e7df68fd14fd7ecab7030f2497b9685d4	14	not_applicable	native_wrapper_delegates_explicit_endian	611becc2a08c27a4edc77d9a45ff74c97130129b:include/simdutf/implementation.h:2403									
v1	rk-v1-150e1e4c3840ced668160ee320b2d8e923ea9baf583215a8774f2ad8b7d7590e	56	68	FC-v1-utf16-source	haswell	cell-v1-1d893999c3039d9675bd4391118bbdfae5d7bf81e7e05489d527e47638ab2a37	op-v1-9dd40313a0fd1522ac7e341f3e47da0e7df68fd14fd7ecab7030f2497b9685d4	14	not_applicable	native_wrapper_delegates_explicit_endian	611becc2a08c27a4edc77d9a45ff74c97130129b:include/simdutf/implementation.h:2403									
v1	rk-v1-150e1e4c3840ced668160ee320b2d8e923ea9baf583215a8774f2ad8b7d7590e	56	68	FC-v1-utf16-source	archsimd	cell-v1-73d1972db6e572e01661fca9c9ba8856cef382ce34eaffa13e38a47798f0a57b	op-v1-9dd40313a0fd1522ac7e341f3e47da0e7df68fd14fd7ecab7030f2497b9685d4	14	not_applicable	native_wrapper_delegates_explicit_endian	611becc2a08c27a4edc77d9a45ff74c97130129b:include/simdutf/implementation.h:2403									
v1	rk-v1-150e1e4c3840ced668160ee320b2d8e923ea9baf583215a8774f2ad8b7d7590e	56	68	FC-v1-utf16-source	neon	cell-v1-a61f7e064aac2d13ce95041489c7b634d5842ee650e7c5f9980c4d8317dbc43d	op-v1-9dd40313a0fd1522ac7e341f3e47da0e7df68fd14fd7ecab7030f2497b9685d4	14	not_applicable	native_wrapper_delegates_explicit_endian	611becc2a08c27a4edc77d9a45ff74c97130129b:include/simdutf/implementation.h:2403									
v1	rk-v1-7569422580eddbeb8549bf7f5e716db159bd5c99094f15f49f9a2b829696b9a1	57	79	FC-v1-utf16-source	westmere	cell-v1-1b79b449dfb89987c2eb868eff19866fd7938b69594b9f1d57c38e59cc21eb15	op-v1-23e074688c6da1c3d0e4e2753a70d2f71051002554b52104e12d3ab4ad6edb82	13	not_applicable	native_wrapper_delegates_explicit_endian	611becc2a08c27a4edc77d9a45ff74c97130129b:include/simdutf/implementation.h:2445									
v1	rk-v1-7569422580eddbeb8549bf7f5e716db159bd5c99094f15f49f9a2b829696b9a1	57	79	FC-v1-utf16-source	haswell	cell-v1-81ab75d2bef94a9b77ce7b98f0f07529dfd66ae420d4a5ca78385ea188a83fe2	op-v1-23e074688c6da1c3d0e4e2753a70d2f71051002554b52104e12d3ab4ad6edb82	13	not_applicable	native_wrapper_delegates_explicit_endian	611becc2a08c27a4edc77d9a45ff74c97130129b:include/simdutf/implementation.h:2445									
v1	rk-v1-7569422580eddbeb8549bf7f5e716db159bd5c99094f15f49f9a2b829696b9a1	57	79	FC-v1-utf16-source	archsimd	cell-v1-d3f986b4eaa19b7885b3c784535ce936388ca78c63d7554193efebb199267599	op-v1-23e074688c6da1c3d0e4e2753a70d2f71051002554b52104e12d3ab4ad6edb82	13	not_applicable	native_wrapper_delegates_explicit_endian	611becc2a08c27a4edc77d9a45ff74c97130129b:include/simdutf/implementation.h:2445									
v1	rk-v1-7569422580eddbeb8549bf7f5e716db159bd5c99094f15f49f9a2b829696b9a1	57	79	FC-v1-utf16-source	neon	cell-v1-1bb577c241d278369c110157ab89f7b0f5b2034f3b91cf46633388679f0bcaf6	op-v1-23e074688c6da1c3d0e4e2753a70d2f71051002554b52104e12d3ab4ad6edb82	13	not_applicable	native_wrapper_delegates_explicit_endian	611becc2a08c27a4edc77d9a45ff74c97130129b:include/simdutf/implementation.h:2445									
v1	rk-v1-a13de744839582c7f284e5864c6f618984ab85a03e2455e8875d03cec8484a48	58	39	FC-v1-utf16-source	westmere	cell-v1-ae52075471e4ebe755305a18f61dcb1ebda9eda26e370d3224ffe7cba843b1f1	op-v1-23e074688c6da1c3d0e4e2753a70d2f71051002554b52104e12d3ab4ad6edb82	13	eligible		611becc2a08c27a4edc77d9a45ff74c97130129b:include/simdutf/implementation.h:2487;611becc2a08c27a4edc77d9a45ff74c97130129b:src/westmere/sse_convert_utf16_to_latin1.cpp:1-1	convertValidUTF16LEToLatin1Westmere	symbol-v1-bc82ab69a91911a97b33f691fc03ba1853442ce441e9745d3634a346f10ba62e	shared-kernel-v1-c3ab71095807f1888f358bfd79b79ce7eda7f5459e6115804d3c395acfde52b0	cell-v1-7675a1015ce4a597aa5aee745821c024068602dbcd70aa38c83eb046feb8ff08	cell-v1-7675a1015ce4a597aa5aee745821c024068602dbcd70aa38c83eb046feb8ff08	KB-v1-FC-v1-utf16-source-westmere-01	batch-v1-8ac1e06fbe7b0d6d9acd7feef54aa06d45269dfbc52a2ce7402cc1fafe2c61a9	EB-v1-KB-v1-FC-v1-utf16-source-westmere-01-01	batch-v1-01d2c6cacb9a6848b205adb2157747e29aeabcfaedc074fdb8bd43a8eeeabc42
v1	rk-v1-a13de744839582c7f284e5864c6f618984ab85a03e2455e8875d03cec8484a48	58	39	FC-v1-utf16-source	haswell	cell-v1-f137c0f30071183b20b3121d910ba49292a77a35dcc53e97d158832d740cbf07	op-v1-23e074688c6da1c3d0e4e2753a70d2f71051002554b52104e12d3ab4ad6edb82	13	eligible		611becc2a08c27a4edc77d9a45ff74c97130129b:include/simdutf/implementation.h:2487;611becc2a08c27a4edc77d9a45ff74c97130129b:src/haswell/avx2_convert_utf16_to_latin1.cpp:1-1	convertValidUTF16LEToLatin1Haswell	symbol-v1-ffafd75a14a7f3dc3f43f3009c030f56a89d27717d7c75c0a5f2010df053ae5b	shared-kernel-v1-43f20751aff4691528a8c6b554d9d24c073df2f4c4cff01c115db581a67d4aed	cell-v1-56f8c07d09156934d94b957df6e45a5a31bc93855fd2826fffa77a2fef24128a	cell-v1-56f8c07d09156934d94b957df6e45a5a31bc93855fd2826fffa77a2fef24128a	KB-v1-FC-v1-utf16-source-haswell-01	batch-v1-ec2f5d52cd3a97ee4c890ab940dfd992445655a453f7276d8bac3917ff81a9bd	EB-v1-KB-v1-FC-v1-utf16-source-haswell-01-01	batch-v1-f6258062a248942ee7051afc9e5c367a9c0991344649adff644a37023d14c002
v1	rk-v1-a13de744839582c7f284e5864c6f618984ab85a03e2455e8875d03cec8484a48	58	39	FC-v1-utf16-source	archsimd	cell-v1-3d2ad6f30bcb8ef2129680a173e6c457f427ef333a2b0c06ab919d986196bfe5	op-v1-23e074688c6da1c3d0e4e2753a70d2f71051002554b52104e12d3ab4ad6edb82	13	eligible		simd/archsimd Go 1.26.5:FC-v1-utf16-source audit row; required primitives: endian u16 loads/swaps, surrogate carry, compare/narrow, UTF-8 table/shuffle/pack, pair combine/u32 widen, counts/first-error; available: archsimd/ops_amd64.go:Load,Store,Shuffle,And,Or,Xor; archsimd/compare_gen_amd64.go:Equal,LessThan; archsimd/maskmerge_gen_amd64.go:Mask	convertValidUTF16LEToLatin1Archsimd	symbol-v1-215e6f5eaceba3d2b1cb8c26954e1ca358fa248ec35188decfc7d61ac1ea6b70	shared-kernel-v1-c537e86b91925cba65875b2a4f14bf3921173b4fe683d6a96323a45c5d25f68e	cell-v1-f40166c34e0d9e9232d7b72024e5a38cb047b5c875d89824e178540a46fce2bc	cell-v1-f40166c34e0d9e9232d7b72024e5a38cb047b5c875d89824e178540a46fce2bc	KB-v1-FC-v1-utf16-source-archsimd-01	batch-v1-24a2f41bf855af128ec8e1e690c8f977fe942bd66eedc73214cb5db9ecd946f6	EB-v1-KB-v1-FC-v1-utf16-source-archsimd-01-01	batch-v1-0d68e73cdddaabe90fbe7b199b018380cbac81a1df306534babecd5d486f8213
v1	rk-v1-a13de744839582c7f284e5864c6f618984ab85a03e2455e8875d03cec8484a48	58	39	FC-v1-utf16-source	neon	cell-v1-5e54df036941919ad263134cc43240d1a453074bcc7752c429075047c51d545b	op-v1-23e074688c6da1c3d0e4e2753a70d2f71051002554b52104e12d3ab4ad6edb82	13	eligible		611becc2a08c27a4edc77d9a45ff74c97130129b:include/simdutf/implementation.h:2487;611becc2a08c27a4edc77d9a45ff74c97130129b:src/arm64/arm_convert_utf16_to_latin1.cpp:1-1	convertValidUTF16LEToLatin1NEON	symbol-v1-c978232fa961a8f5acaa19a5d3121316f04d9fb120de72eb0775ded5b2e96313	shared-kernel-v1-8e3aa384f4a26beb2b050b6a6877262e5ce1785e26335f06ea7c3632928521a0	cell-v1-a3a2e2b087e7d3559640c927b7010dfe52ec9f32fe5971cf045106f3691cf11f	cell-v1-a3a2e2b087e7d3559640c927b7010dfe52ec9f32fe5971cf045106f3691cf11f	KB-v1-FC-v1-utf16-source-neon-01	batch-v1-b4d3e712f8dc898225dae4fa632a4c9d453ec6325eaba7443241e45c89b6efc7	EB-v1-KB-v1-FC-v1-utf16-source-neon-01-01	batch-v1-6c2c6435df13438f01fbf3c960b35e559382201a7e4171907f7990967262162f
v1	rk-v1-dbd9fd31ba0eb336979e8e9e2c8839825c5c1f0c6c00ea5190088330d5fc92a5	59	40	FC-v1-utf16-source	westmere	cell-v1-43e90a335c0d80b54acf50b64e32ab69cbc92bcf983e44c378982c5e18eface3	op-v1-23e074688c6da1c3d0e4e2753a70d2f71051002554b52104e12d3ab4ad6edb82	13	eligible		611becc2a08c27a4edc77d9a45ff74c97130129b:include/simdutf/implementation.h:2529;611becc2a08c27a4edc77d9a45ff74c97130129b:src/westmere/sse_convert_utf16_to_latin1.cpp:1-1	convertValidUTF16BEToLatin1Westmere	symbol-v1-21dcb0a6aab1792c20d0417df6f1cad6cca24c9225f704cc1da663cf6d84a14c	shared-kernel-v1-83d997ab1fbef67a366bbee1bc69c240afb7c6579a114b9413596cbd854aea75	cell-v1-d03a2b223e25d40e95bba2646ba5b9f62a7bd999d9c655da614f69719c9ebe87	cell-v1-d03a2b223e25d40e95bba2646ba5b9f62a7bd999d9c655da614f69719c9ebe87	KB-v1-FC-v1-utf16-source-westmere-01	batch-v1-8ac1e06fbe7b0d6d9acd7feef54aa06d45269dfbc52a2ce7402cc1fafe2c61a9	EB-v1-KB-v1-FC-v1-utf16-source-westmere-01-01	batch-v1-01d2c6cacb9a6848b205adb2157747e29aeabcfaedc074fdb8bd43a8eeeabc42
v1	rk-v1-dbd9fd31ba0eb336979e8e9e2c8839825c5c1f0c6c00ea5190088330d5fc92a5	59	40	FC-v1-utf16-source	haswell	cell-v1-27fb22c21d1e96080d102ebccca1cdec40f37443810944098fffa2312819710e	op-v1-23e074688c6da1c3d0e4e2753a70d2f71051002554b52104e12d3ab4ad6edb82	13	eligible		611becc2a08c27a4edc77d9a45ff74c97130129b:include/simdutf/implementation.h:2529;611becc2a08c27a4edc77d9a45ff74c97130129b:src/haswell/avx2_convert_utf16_to_latin1.cpp:1-1	convertValidUTF16BEToLatin1Haswell	symbol-v1-5bc5954d9002cd2cc7058847d30081fb23ee4948b8b9477ad4bae39fff3498ae	shared-kernel-v1-bda3d158c51dd6e30d2d67019d116dd1c7f3474d82b0e68d2458ddf300b94a85	cell-v1-892904a7909bf9aa7006f1a1b467581a24f7092054bdabc840fbd9e8bce5c92a	cell-v1-892904a7909bf9aa7006f1a1b467581a24f7092054bdabc840fbd9e8bce5c92a	KB-v1-FC-v1-utf16-source-haswell-01	batch-v1-ec2f5d52cd3a97ee4c890ab940dfd992445655a453f7276d8bac3917ff81a9bd	EB-v1-KB-v1-FC-v1-utf16-source-haswell-01-01	batch-v1-f6258062a248942ee7051afc9e5c367a9c0991344649adff644a37023d14c002
v1	rk-v1-dbd9fd31ba0eb336979e8e9e2c8839825c5c1f0c6c00ea5190088330d5fc92a5	59	40	FC-v1-utf16-source	archsimd	cell-v1-188076792a12ed58192ba4cbfa28acc70877a379c3a95733a545f379db0973c3	op-v1-23e074688c6da1c3d0e4e2753a70d2f71051002554b52104e12d3ab4ad6edb82	13	eligible		simd/archsimd Go 1.26.5:FC-v1-utf16-source audit row; required primitives: endian u16 loads/swaps, surrogate carry, compare/narrow, UTF-8 table/shuffle/pack, pair combine/u32 widen, counts/first-error; available: archsimd/ops_amd64.go:Load,Store,Shuffle,And,Or,Xor; archsimd/compare_gen_amd64.go:Equal,LessThan; archsimd/maskmerge_gen_amd64.go:Mask	convertValidUTF16BEToLatin1Archsimd	symbol-v1-2223c845443a64141ee6485962a2b60f0040fc70cb2bede82887bbcba26e88ad	shared-kernel-v1-462ffed3707a777492d21a85b66264ddc3e66bbea109faa40209006ca0783f5b	cell-v1-8500838ba90b4adabba6a51135ef9da02a7274bf035fa9f53308add082095747	cell-v1-8500838ba90b4adabba6a51135ef9da02a7274bf035fa9f53308add082095747	KB-v1-FC-v1-utf16-source-archsimd-01	batch-v1-24a2f41bf855af128ec8e1e690c8f977fe942bd66eedc73214cb5db9ecd946f6	EB-v1-KB-v1-FC-v1-utf16-source-archsimd-01-01	batch-v1-0d68e73cdddaabe90fbe7b199b018380cbac81a1df306534babecd5d486f8213
v1	rk-v1-dbd9fd31ba0eb336979e8e9e2c8839825c5c1f0c6c00ea5190088330d5fc92a5	59	40	FC-v1-utf16-source	neon	cell-v1-ed7d855593d81fb975c56c646a85742902ed4b296fe3bf486b409b5f28d75ddc	op-v1-23e074688c6da1c3d0e4e2753a70d2f71051002554b52104e12d3ab4ad6edb82	13	eligible		611becc2a08c27a4edc77d9a45ff74c97130129b:include/simdutf/implementation.h:2529;611becc2a08c27a4edc77d9a45ff74c97130129b:src/arm64/arm_convert_utf16_to_latin1.cpp:1-1	convertValidUTF16BEToLatin1NEON	symbol-v1-21074590fb95c8fca0f3215e534d1fd661c06a0e076eb31fafbb59c1ab8511df	shared-kernel-v1-b925c964903c2c7ff5546ada19d01a864ca1ebc7f92e0f5b568046f2361b2a56	cell-v1-143d7b4e7c9f2c6f635bbaa486c4d69ecb09dd8bd7924042893032e7891b8d12	cell-v1-143d7b4e7c9f2c6f635bbaa486c4d69ecb09dd8bd7924042893032e7891b8d12	KB-v1-FC-v1-utf16-source-neon-01	batch-v1-b4d3e712f8dc898225dae4fa632a4c9d453ec6325eaba7443241e45c89b6efc7	EB-v1-KB-v1-FC-v1-utf16-source-neon-01-01	batch-v1-6c2c6435df13438f01fbf3c960b35e559382201a7e4171907f7990967262162f
v1	rk-v1-1211805a257b93b00263fe359a9cdf055ad6097b0ef8a63b9f9e9a8060cb0179	60	55	FC-v1-utf16-source	westmere	cell-v1-35a5d977469f6506d8848abf26da9c0ef78d54c84adac357a4ce0dd6bebf8632	op-v1-9dd40313a0fd1522ac7e341f3e47da0e7df68fd14fd7ecab7030f2497b9685d4	14	eligible		611becc2a08c27a4edc77d9a45ff74c97130129b:include/simdutf/implementation.h:2567;611becc2a08c27a4edc77d9a45ff74c97130129b:src/westmere/sse_convert_utf16_to_utf8.cpp:1-1	convertValidUTF16LEToUTF8Westmere	symbol-v1-bfe4c64d477cd4f05bfa299ed9141277afa2fe7cc4a899b20078078c4b93df83	shared-kernel-v1-dab7c2a6aec0c61dde49aff6d294105b5c7c93ee39d717b8d2651acd719f72e4	cell-v1-2fdfe86498e6a32cd63be550fd6cfaff8b9c4ff930571a05dc2cc7be73257cb9	cell-v1-2fdfe86498e6a32cd63be550fd6cfaff8b9c4ff930571a05dc2cc7be73257cb9	KB-v1-FC-v1-utf16-source-westmere-01	batch-v1-8ac1e06fbe7b0d6d9acd7feef54aa06d45269dfbc52a2ce7402cc1fafe2c61a9	EB-v1-KB-v1-FC-v1-utf16-source-westmere-01-02	batch-v1-f507acb68feacd62d95656066632ef952e03dd5219eea2a940dc00d4b9121fd5
v1	rk-v1-1211805a257b93b00263fe359a9cdf055ad6097b0ef8a63b9f9e9a8060cb0179	60	55	FC-v1-utf16-source	haswell	cell-v1-cc87ac4b7a513797f724f8005c0e0eff6f1fd84e73c83d14fb8595d81d8a4d5a	op-v1-9dd40313a0fd1522ac7e341f3e47da0e7df68fd14fd7ecab7030f2497b9685d4	14	eligible		611becc2a08c27a4edc77d9a45ff74c97130129b:include/simdutf/implementation.h:2567;611becc2a08c27a4edc77d9a45ff74c97130129b:src/haswell/avx2_convert_utf16_to_utf8.cpp:1-1	convertValidUTF16LEToUTF8Haswell	symbol-v1-abafbe6e82862ca1f1e2f746450adb6a2d1db3b8ddcbef0540e4ad4e689faf5f	shared-kernel-v1-6b28a5c809208f575df9731ae6388ee3038bb4dfd4ec2e2498ac1a857d575ab2	cell-v1-2aa70d9f214ea94eab56603b116fbd2f38ffa76959b93d0b512ea24d104c3ac0	cell-v1-2aa70d9f214ea94eab56603b116fbd2f38ffa76959b93d0b512ea24d104c3ac0	KB-v1-FC-v1-utf16-source-haswell-01	batch-v1-ec2f5d52cd3a97ee4c890ab940dfd992445655a453f7276d8bac3917ff81a9bd	EB-v1-KB-v1-FC-v1-utf16-source-haswell-01-02	batch-v1-98ce94838986347a0192dd207ffec4826ffe3995a50592d7a39a9d2d3dd0a69c
v1	rk-v1-1211805a257b93b00263fe359a9cdf055ad6097b0ef8a63b9f9e9a8060cb0179	60	55	FC-v1-utf16-source	archsimd	cell-v1-1cfa0cb80aecb23d9805d182adb3448b33054faed84656f87c4a2d49c13ee5f1	op-v1-9dd40313a0fd1522ac7e341f3e47da0e7df68fd14fd7ecab7030f2497b9685d4	14	eligible		simd/archsimd Go 1.26.5:FC-v1-utf16-source audit row; required primitives: endian u16 loads/swaps, surrogate carry, compare/narrow, UTF-8 table/shuffle/pack, pair combine/u32 widen, counts/first-error; available: archsimd/ops_amd64.go:Load,Store,Shuffle,And,Or,Xor; archsimd/compare_gen_amd64.go:Equal,LessThan; archsimd/maskmerge_gen_amd64.go:Mask	convertValidUTF16LEToUTF8Archsimd	symbol-v1-ada9ad22dc72721bf947ca1d8d11f0ac24d9cd8179a5cc53a6816a9aa1749743	shared-kernel-v1-59028569d066aa38c6858f372b4949183c63915d83f5dd53af5a1bda54c80cf5	cell-v1-c6c082c43083abff01e21002804e1e551e92f7c52611e0697e4b1430375b2042	cell-v1-c6c082c43083abff01e21002804e1e551e92f7c52611e0697e4b1430375b2042	KB-v1-FC-v1-utf16-source-archsimd-01	batch-v1-24a2f41bf855af128ec8e1e690c8f977fe942bd66eedc73214cb5db9ecd946f6	EB-v1-KB-v1-FC-v1-utf16-source-archsimd-01-02	batch-v1-59ed42e04d5b82c09e6d48103e34a0c2570bffa356bef821923a7f1300fb87cb
v1	rk-v1-1211805a257b93b00263fe359a9cdf055ad6097b0ef8a63b9f9e9a8060cb0179	60	55	FC-v1-utf16-source	neon	cell-v1-2bcbbde1f8d4abac0c301955799de202b207599e9f02ad02bae30f0f19daff72	op-v1-9dd40313a0fd1522ac7e341f3e47da0e7df68fd14fd7ecab7030f2497b9685d4	14	eligible		611becc2a08c27a4edc77d9a45ff74c97130129b:include/simdutf/implementation.h:2567;611becc2a08c27a4edc77d9a45ff74c97130129b:src/arm64/arm_convert_utf16_to_utf8.cpp:1-1	convertValidUTF16LEToUTF8NEON	symbol-v1-2614030f16abc3aa95041ae69fcca230a4e80128d155d3f14c1960e304b78a6e	shared-kernel-v1-f09640aa8f7b48048e0554bad07dcc3c4112096f1288f003c26ef1f36289cfbc	cell-v1-bbbf2470b60a53f3252412f4d24c7f534b0e19fbfd4f9b3d3ebf6fe3832001b1	cell-v1-bbbf2470b60a53f3252412f4d24c7f534b0e19fbfd4f9b3d3ebf6fe3832001b1	KB-v1-FC-v1-utf16-source-neon-01	batch-v1-b4d3e712f8dc898225dae4fa632a4c9d453ec6325eaba7443241e45c89b6efc7	EB-v1-KB-v1-FC-v1-utf16-source-neon-01-02	batch-v1-32db806ac4e31411241ece9c1e72b8ce0f36a478de342786a87b81b80e5ce7cc
v1	rk-v1-01735559de15f2f81f7d1effc6851ba55aee8c06790b1df30575f5825c1601c4	61	56	FC-v1-utf16-source	westmere	cell-v1-6ed2f1bb80aea0e58dec7fb67fe089fc1a8d57f67beca18101a35c9030a62206	op-v1-9dd40313a0fd1522ac7e341f3e47da0e7df68fd14fd7ecab7030f2497b9685d4	14	eligible		611becc2a08c27a4edc77d9a45ff74c97130129b:include/simdutf/implementation.h:2601;611becc2a08c27a4edc77d9a45ff74c97130129b:src/westmere/sse_convert_utf16_to_utf8.cpp:1-1	convertValidUTF16BEToUTF8Westmere	symbol-v1-a9703dc52588b243c3c4f36d5994aaa7461fb7754f75e6ab8094777c136acbed	shared-kernel-v1-a730b45c12332835ed46735d10fa7ac6781fb547cfa65e924f6f43ce1f3b5328	cell-v1-4b0374059940dabd9f6a1b7dbe4a2f6dfaa9412d776a8c8b1eea331bb8e4037e	cell-v1-4b0374059940dabd9f6a1b7dbe4a2f6dfaa9412d776a8c8b1eea331bb8e4037e	KB-v1-FC-v1-utf16-source-westmere-01	batch-v1-8ac1e06fbe7b0d6d9acd7feef54aa06d45269dfbc52a2ce7402cc1fafe2c61a9	EB-v1-KB-v1-FC-v1-utf16-source-westmere-01-02	batch-v1-f507acb68feacd62d95656066632ef952e03dd5219eea2a940dc00d4b9121fd5
v1	rk-v1-01735559de15f2f81f7d1effc6851ba55aee8c06790b1df30575f5825c1601c4	61	56	FC-v1-utf16-source	haswell	cell-v1-6e81935840647485b49b4f66b21189d27abe894d62098e2de5736e9b2ef3d7d4	op-v1-9dd40313a0fd1522ac7e341f3e47da0e7df68fd14fd7ecab7030f2497b9685d4	14	eligible		611becc2a08c27a4edc77d9a45ff74c97130129b:include/simdutf/implementation.h:2601;611becc2a08c27a4edc77d9a45ff74c97130129b:src/haswell/avx2_convert_utf16_to_utf8.cpp:1-1	convertValidUTF16BEToUTF8Haswell	symbol-v1-67d0d8aa3208b68a9232e44d56ed6c3412427fb8ff8ef8d6cacb0aae78fb02d7	shared-kernel-v1-fd282ed21db6028887ca8b3a7d79b21f76bfcede641e4fcd196c0fe309ec92ec	cell-v1-7c877c7efb425bf5fc53b89de2fe42b7814e461da493058c437ec7af0ff2431d	cell-v1-7c877c7efb425bf5fc53b89de2fe42b7814e461da493058c437ec7af0ff2431d	KB-v1-FC-v1-utf16-source-haswell-01	batch-v1-ec2f5d52cd3a97ee4c890ab940dfd992445655a453f7276d8bac3917ff81a9bd	EB-v1-KB-v1-FC-v1-utf16-source-haswell-01-02	batch-v1-98ce94838986347a0192dd207ffec4826ffe3995a50592d7a39a9d2d3dd0a69c
v1	rk-v1-01735559de15f2f81f7d1effc6851ba55aee8c06790b1df30575f5825c1601c4	61	56	FC-v1-utf16-source	archsimd	cell-v1-38812bf20c548d7566baa13ad3f12f9ace215abb51561412e56981232f57df1c	op-v1-9dd40313a0fd1522ac7e341f3e47da0e7df68fd14fd7ecab7030f2497b9685d4	14	eligible		simd/archsimd Go 1.26.5:FC-v1-utf16-source audit row; required primitives: endian u16 loads/swaps, surrogate carry, compare/narrow, UTF-8 table/shuffle/pack, pair combine/u32 widen, counts/first-error; available: archsimd/ops_amd64.go:Load,Store,Shuffle,And,Or,Xor; archsimd/compare_gen_amd64.go:Equal,LessThan; archsimd/maskmerge_gen_amd64.go:Mask	convertValidUTF16BEToUTF8Archsimd	symbol-v1-282c2a68720c5d358f8c1ba3c64f45daa4fe5c1e046b0253a8863bbe89406e55	shared-kernel-v1-d2411ad923c614b4465ae262de5702f7afd9fe2d3b5dfb4ea33c646e924d6d91	cell-v1-a65f3dafb2fc0f4833ce955d079df161abe424dcc867350a51eb212355283a58	cell-v1-a65f3dafb2fc0f4833ce955d079df161abe424dcc867350a51eb212355283a58	KB-v1-FC-v1-utf16-source-archsimd-01	batch-v1-24a2f41bf855af128ec8e1e690c8f977fe942bd66eedc73214cb5db9ecd946f6	EB-v1-KB-v1-FC-v1-utf16-source-archsimd-01-02	batch-v1-59ed42e04d5b82c09e6d48103e34a0c2570bffa356bef821923a7f1300fb87cb
v1	rk-v1-01735559de15f2f81f7d1effc6851ba55aee8c06790b1df30575f5825c1601c4	61	56	FC-v1-utf16-source	neon	cell-v1-aa6abf6939145a0535417eacd2a0b374f1181f6ae0a5b757564d4839e67e3d6d	op-v1-9dd40313a0fd1522ac7e341f3e47da0e7df68fd14fd7ecab7030f2497b9685d4	14	eligible		611becc2a08c27a4edc77d9a45ff74c97130129b:include/simdutf/implementation.h:2601;611becc2a08c27a4edc77d9a45ff74c97130129b:src/arm64/arm_convert_utf16_to_utf8.cpp:1-1	convertValidUTF16BEToUTF8NEON	symbol-v1-07838ebcd7e9d6fb4ba30b1b7b941c553a2e395061634129da15f10ef74516b7	shared-kernel-v1-8b58bbf47ebad7c0c351222f15d20af42da6dd21a24422506e15c4647f0d4395	cell-v1-c3567f92198f3a7cd07c6adcc85ae3c4f86840293011129c5220f7202d7a27a1	cell-v1-c3567f92198f3a7cd07c6adcc85ae3c4f86840293011129c5220f7202d7a27a1	KB-v1-FC-v1-utf16-source-neon-01	batch-v1-b4d3e712f8dc898225dae4fa632a4c9d453ec6325eaba7443241e45c89b6efc7	EB-v1-KB-v1-FC-v1-utf16-source-neon-01-02	batch-v1-32db806ac4e31411241ece9c1e72b8ce0f36a478de342786a87b81b80e5ce7cc
v1	rk-v1-ec655bcfd08595a7a60bfd02af08afb112474b15a8098727095ee04e1ac42e10	62	73	FC-v1-utf16-source	westmere	cell-v1-678d933c1e155bcade04a2db7fb2016242c0bd05905bb2fa809408bf4410d929	op-v1-6eea92180fce34d88c932293380df3d76d366c3edd7e0ec5957e9ab46316c226	15	not_applicable	native_wrapper_delegates_explicit_endian	611becc2a08c27a4edc77d9a45ff74c97130129b:include/simdutf/implementation.h:2639									
v1	rk-v1-ec655bcfd08595a7a60bfd02af08afb112474b15a8098727095ee04e1ac42e10	62	73	FC-v1-utf16-source	haswell	cell-v1-bc4692bba6e06222d107637be6f4670cd6c173687458018eb83cd0112533a486	op-v1-6eea92180fce34d88c932293380df3d76d366c3edd7e0ec5957e9ab46316c226	15	not_applicable	native_wrapper_delegates_explicit_endian	611becc2a08c27a4edc77d9a45ff74c97130129b:include/simdutf/implementation.h:2639									
v1	rk-v1-ec655bcfd08595a7a60bfd02af08afb112474b15a8098727095ee04e1ac42e10	62	73	FC-v1-utf16-source	archsimd	cell-v1-8a57c2990982facc16ddfe35eed5937eabce203a35362c39732a080677fdf2a2	op-v1-6eea92180fce34d88c932293380df3d76d366c3edd7e0ec5957e9ab46316c226	15	not_applicable	native_wrapper_delegates_explicit_endian	611becc2a08c27a4edc77d9a45ff74c97130129b:include/simdutf/implementation.h:2639									
v1	rk-v1-ec655bcfd08595a7a60bfd02af08afb112474b15a8098727095ee04e1ac42e10	62	73	FC-v1-utf16-source	neon	cell-v1-1c12ea923c4b95ab80c94e0dbe01304ecaf7afdca65ee11f0bac1d525fa83146	op-v1-6eea92180fce34d88c932293380df3d76d366c3edd7e0ec5957e9ab46316c226	15	not_applicable	native_wrapper_delegates_explicit_endian	611becc2a08c27a4edc77d9a45ff74c97130129b:include/simdutf/implementation.h:2639									
v1	rk-v1-f2e6443ad52b9661747b23258c618d7ec64519039488f30ffbbbbba837330342	63	41	FC-v1-utf16-source	westmere	cell-v1-10e54865cd9bafa934e88bd924666caf563823defacf660c8e7719ceae906ee4	op-v1-6eea92180fce34d88c932293380df3d76d366c3edd7e0ec5957e9ab46316c226	15	eligible		611becc2a08c27a4edc77d9a45ff74c97130129b:include/simdutf/implementation.h:2673;611becc2a08c27a4edc77d9a45ff74c97130129b:src/westmere/sse_convert_utf16_to_utf32.cpp:1-1	convertUTF16LEToUTF32Westmere	symbol-v1-c1affee88e9ed049cbd067719651631334d777e44b41280a00e265efd165aed6	shared-kernel-v1-faadb3e611f0353796365ab0213ae6f5c15271ec3c771c43548b2cefd30045fd	cell-v1-10e54865cd9bafa934e88bd924666caf563823defacf660c8e7719ceae906ee4		KB-v1-FC-v1-utf16-source-westmere-01	batch-v1-8ac1e06fbe7b0d6d9acd7feef54aa06d45269dfbc52a2ce7402cc1fafe2c61a9	EB-v1-KB-v1-FC-v1-utf16-source-westmere-01-01	batch-v1-01d2c6cacb9a6848b205adb2157747e29aeabcfaedc074fdb8bd43a8eeeabc42
v1	rk-v1-f2e6443ad52b9661747b23258c618d7ec64519039488f30ffbbbbba837330342	63	41	FC-v1-utf16-source	haswell	cell-v1-7bdce3f8f0abeb1555ca577203e060f6eb914fbe54da8e471c3f34baff65d87e	op-v1-6eea92180fce34d88c932293380df3d76d366c3edd7e0ec5957e9ab46316c226	15	eligible		611becc2a08c27a4edc77d9a45ff74c97130129b:include/simdutf/implementation.h:2673;611becc2a08c27a4edc77d9a45ff74c97130129b:src/haswell/avx2_convert_utf16_to_utf32.cpp:1-1	convertUTF16LEToUTF32Haswell	symbol-v1-e74b79084ee6d6a399d1e9ec5daf7e4de7b567cc5f5a2c77a20ab3e54b899fa8	shared-kernel-v1-d05dd650405666f6eb5fe977a204968d50ee3c276ff8139101a3004ff15fe519	cell-v1-7bdce3f8f0abeb1555ca577203e060f6eb914fbe54da8e471c3f34baff65d87e		KB-v1-FC-v1-utf16-source-haswell-01	batch-v1-ec2f5d52cd3a97ee4c890ab940dfd992445655a453f7276d8bac3917ff81a9bd	EB-v1-KB-v1-FC-v1-utf16-source-haswell-01-01	batch-v1-f6258062a248942ee7051afc9e5c367a9c0991344649adff644a37023d14c002
v1	rk-v1-f2e6443ad52b9661747b23258c618d7ec64519039488f30ffbbbbba837330342	63	41	FC-v1-utf16-source	archsimd	cell-v1-11f0feffe0ac827a494b00cb40213f4c986d2de0ef34a2787a159d4e53dab773	op-v1-6eea92180fce34d88c932293380df3d76d366c3edd7e0ec5957e9ab46316c226	15	eligible		simd/archsimd Go 1.26.5:FC-v1-utf16-source audit row; required primitives: endian u16 loads/swaps, surrogate carry, compare/narrow, UTF-8 table/shuffle/pack, pair combine/u32 widen, counts/first-error; available: archsimd/ops_amd64.go:Load,Store,Shuffle,And,Or,Xor; archsimd/compare_gen_amd64.go:Equal,LessThan; archsimd/maskmerge_gen_amd64.go:Mask	convertUTF16LEToUTF32Archsimd	symbol-v1-de251325545ca7780cfc33e0bb5413d05fbb03d4c3b0cbd102dcd189473c31f1	shared-kernel-v1-5814e1a921fe82542a459c4216d4e8325999586c53b65144fe5da152d34a79de	cell-v1-11f0feffe0ac827a494b00cb40213f4c986d2de0ef34a2787a159d4e53dab773		KB-v1-FC-v1-utf16-source-archsimd-01	batch-v1-24a2f41bf855af128ec8e1e690c8f977fe942bd66eedc73214cb5db9ecd946f6	EB-v1-KB-v1-FC-v1-utf16-source-archsimd-01-01	batch-v1-0d68e73cdddaabe90fbe7b199b018380cbac81a1df306534babecd5d486f8213
v1	rk-v1-f2e6443ad52b9661747b23258c618d7ec64519039488f30ffbbbbba837330342	63	41	FC-v1-utf16-source	neon	cell-v1-5ee2eb7dfe98b9df9345142fb516a6849be408d517bb35007c3baf43c9e8417e	op-v1-6eea92180fce34d88c932293380df3d76d366c3edd7e0ec5957e9ab46316c226	15	eligible		611becc2a08c27a4edc77d9a45ff74c97130129b:include/simdutf/implementation.h:2673;611becc2a08c27a4edc77d9a45ff74c97130129b:src/arm64/arm_convert_utf16_to_utf32.cpp:1-1	convertUTF16LEToUTF32NEON	symbol-v1-849e0f9efcfe25ff0f94601f16afed191873f6be97bc15d86890851b1853e645	shared-kernel-v1-c9af7a82bd13a3e0c543332c6f15ac7b52558403a57d45051c4147db36e94af5	cell-v1-5ee2eb7dfe98b9df9345142fb516a6849be408d517bb35007c3baf43c9e8417e		KB-v1-FC-v1-utf16-source-neon-01	batch-v1-b4d3e712f8dc898225dae4fa632a4c9d453ec6325eaba7443241e45c89b6efc7	EB-v1-KB-v1-FC-v1-utf16-source-neon-01-01	batch-v1-6c2c6435df13438f01fbf3c960b35e559382201a7e4171907f7990967262162f
v1	rk-v1-369041d2cf922f9ef88a5c4a0bef41dabc2be2507ad63169986230e12f2e158f	64	42	FC-v1-utf16-source	westmere	cell-v1-85f55947001092311c47ebb6255fc994162ddaa2552887e4e086db8b49884cf2	op-v1-6eea92180fce34d88c932293380df3d76d366c3edd7e0ec5957e9ab46316c226	15	eligible		611becc2a08c27a4edc77d9a45ff74c97130129b:include/simdutf/implementation.h:2706;611becc2a08c27a4edc77d9a45ff74c97130129b:src/westmere/sse_convert_utf16_to_utf32.cpp:1-1	convertUTF16BEToUTF32Westmere	symbol-v1-81e7e77c36402cccc991f7150bce87915c485e49869491b7195b2861e4aebd7f	shared-kernel-v1-73cc11329bf088a29f48a03d8428afcd9ac9c477a4993cb67f983e09c9f33d86	cell-v1-85f55947001092311c47ebb6255fc994162ddaa2552887e4e086db8b49884cf2		KB-v1-FC-v1-utf16-source-westmere-01	batch-v1-8ac1e06fbe7b0d6d9acd7feef54aa06d45269dfbc52a2ce7402cc1fafe2c61a9	EB-v1-KB-v1-FC-v1-utf16-source-westmere-01-01	batch-v1-01d2c6cacb9a6848b205adb2157747e29aeabcfaedc074fdb8bd43a8eeeabc42
v1	rk-v1-369041d2cf922f9ef88a5c4a0bef41dabc2be2507ad63169986230e12f2e158f	64	42	FC-v1-utf16-source	haswell	cell-v1-51ee900cf229ae90e9dfef3656478ebca12ec317d925be9954d90c3d37fbd115	op-v1-6eea92180fce34d88c932293380df3d76d366c3edd7e0ec5957e9ab46316c226	15	eligible		611becc2a08c27a4edc77d9a45ff74c97130129b:include/simdutf/implementation.h:2706;611becc2a08c27a4edc77d9a45ff74c97130129b:src/haswell/avx2_convert_utf16_to_utf32.cpp:1-1	convertUTF16BEToUTF32Haswell	symbol-v1-d633f1e50f7a96d7933b6954e93368100a027ab05763f061273c9ab009e8cf6b	shared-kernel-v1-f426d5877b859dd2eaed838f731f0e55e7b54e270512a8ad85a216721b046e80	cell-v1-51ee900cf229ae90e9dfef3656478ebca12ec317d925be9954d90c3d37fbd115		KB-v1-FC-v1-utf16-source-haswell-01	batch-v1-ec2f5d52cd3a97ee4c890ab940dfd992445655a453f7276d8bac3917ff81a9bd	EB-v1-KB-v1-FC-v1-utf16-source-haswell-01-01	batch-v1-f6258062a248942ee7051afc9e5c367a9c0991344649adff644a37023d14c002
v1	rk-v1-369041d2cf922f9ef88a5c4a0bef41dabc2be2507ad63169986230e12f2e158f	64	42	FC-v1-utf16-source	archsimd	cell-v1-8aa6d0bf1bcc383d42309a564e679f2319f527ffe63b0922e32664b107bd2b95	op-v1-6eea92180fce34d88c932293380df3d76d366c3edd7e0ec5957e9ab46316c226	15	eligible		simd/archsimd Go 1.26.5:FC-v1-utf16-source audit row; required primitives: endian u16 loads/swaps, surrogate carry, compare/narrow, UTF-8 table/shuffle/pack, pair combine/u32 widen, counts/first-error; available: archsimd/ops_amd64.go:Load,Store,Shuffle,And,Or,Xor; archsimd/compare_gen_amd64.go:Equal,LessThan; archsimd/maskmerge_gen_amd64.go:Mask	convertUTF16BEToUTF32Archsimd	symbol-v1-ae05d0be748b3a79cb65e31c806c47968abbd03f0521856ac157e564e58c65fa	shared-kernel-v1-3a2f02069d957f711abeb3a77e1e3a8a6a28a5ee71d2ba9fdb382cbd1ebbdf3e	cell-v1-8aa6d0bf1bcc383d42309a564e679f2319f527ffe63b0922e32664b107bd2b95		KB-v1-FC-v1-utf16-source-archsimd-01	batch-v1-24a2f41bf855af128ec8e1e690c8f977fe942bd66eedc73214cb5db9ecd946f6	EB-v1-KB-v1-FC-v1-utf16-source-archsimd-01-01	batch-v1-0d68e73cdddaabe90fbe7b199b018380cbac81a1df306534babecd5d486f8213
v1	rk-v1-369041d2cf922f9ef88a5c4a0bef41dabc2be2507ad63169986230e12f2e158f	64	42	FC-v1-utf16-source	neon	cell-v1-5beb78c7953babfec492eb28a128dd44d361558d35058d1e9c3c351cfbafea23	op-v1-6eea92180fce34d88c932293380df3d76d366c3edd7e0ec5957e9ab46316c226	15	eligible		611becc2a08c27a4edc77d9a45ff74c97130129b:include/simdutf/implementation.h:2706;611becc2a08c27a4edc77d9a45ff74c97130129b:src/arm64/arm_convert_utf16_to_utf32.cpp:1-1	convertUTF16BEToUTF32NEON	symbol-v1-95c6cf01cbf2a584d861492b8cdbbb19da54ff41564b316539e52a60f02988b3	shared-kernel-v1-3d475596b7a42782a16827a530722856bd3e8a6749daf867617ab7ca5158b7c3	cell-v1-5beb78c7953babfec492eb28a128dd44d361558d35058d1e9c3c351cfbafea23		KB-v1-FC-v1-utf16-source-neon-01	batch-v1-b4d3e712f8dc898225dae4fa632a4c9d453ec6325eaba7443241e45c89b6efc7	EB-v1-KB-v1-FC-v1-utf16-source-neon-01-01	batch-v1-6c2c6435df13438f01fbf3c960b35e559382201a7e4171907f7990967262162f
v1	rk-v1-048e7d8109499ec70cd42f927cb40931c0f20e33358a385c3203b6705ff6e989	65	78	FC-v1-utf16-source	westmere	cell-v1-9eb8369edafadfea853c047a7f28d2a2a5e21897c42d6512553e51157eaba5a7	op-v1-6eea92180fce34d88c932293380df3d76d366c3edd7e0ec5957e9ab46316c226	15	not_applicable	native_wrapper_delegates_explicit_endian	611becc2a08c27a4edc77d9a45ff74c97130129b:include/simdutf/implementation.h:2742									
v1	rk-v1-048e7d8109499ec70cd42f927cb40931c0f20e33358a385c3203b6705ff6e989	65	78	FC-v1-utf16-source	haswell	cell-v1-68f26ff8aeae1f9968e692a92871d76796745e2a4f8971a71145fec9db390c7c	op-v1-6eea92180fce34d88c932293380df3d76d366c3edd7e0ec5957e9ab46316c226	15	not_applicable	native_wrapper_delegates_explicit_endian	611becc2a08c27a4edc77d9a45ff74c97130129b:include/simdutf/implementation.h:2742									
v1	rk-v1-048e7d8109499ec70cd42f927cb40931c0f20e33358a385c3203b6705ff6e989	65	78	FC-v1-utf16-source	archsimd	cell-v1-aedc8585fbc67da4b711361929f7914eba7be7840b14c6e3772bb5c871c962bf	op-v1-6eea92180fce34d88c932293380df3d76d366c3edd7e0ec5957e9ab46316c226	15	not_applicable	native_wrapper_delegates_explicit_endian	611becc2a08c27a4edc77d9a45ff74c97130129b:include/simdutf/implementation.h:2742									
v1	rk-v1-048e7d8109499ec70cd42f927cb40931c0f20e33358a385c3203b6705ff6e989	65	78	FC-v1-utf16-source	neon	cell-v1-e708197cb3d40e817bc7cac7eaf31a796b1c40653d42660906fe3584e0830889	op-v1-6eea92180fce34d88c932293380df3d76d366c3edd7e0ec5957e9ab46316c226	15	not_applicable	native_wrapper_delegates_explicit_endian	611becc2a08c27a4edc77d9a45ff74c97130129b:include/simdutf/implementation.h:2742									
v1	rk-v1-cf9a0dcde5bae92fccdc4f0d22f03784375c4b1e76b7c06dc1cf70539beebcaf	66	43	FC-v1-utf16-source	westmere	cell-v1-2ab3eee0b04af428813bdc01cff5738527f46b690690fa768ec94886e6666f60	op-v1-6eea92180fce34d88c932293380df3d76d366c3edd7e0ec5957e9ab46316c226	15	eligible		611becc2a08c27a4edc77d9a45ff74c97130129b:include/simdutf/implementation.h:2777;611becc2a08c27a4edc77d9a45ff74c97130129b:src/westmere/sse_convert_utf16_to_utf32.cpp:1-1	convertUTF16LEToUTF32WithErrorsWestmere	symbol-v1-0d0442a826ff46f49ad22de8874422c9917d7bbcd85fb020eb541a211b2c3540	shared-kernel-v1-0f7a44d6a6c961fb36c0aee7f89179b3dcfd034b73767e39031efff9613825c4	cell-v1-2ab3eee0b04af428813bdc01cff5738527f46b690690fa768ec94886e6666f60		KB-v1-FC-v1-utf16-source-westmere-01	batch-v1-8ac1e06fbe7b0d6d9acd7feef54aa06d45269dfbc52a2ce7402cc1fafe2c61a9	EB-v1-KB-v1-FC-v1-utf16-source-westmere-01-01	batch-v1-01d2c6cacb9a6848b205adb2157747e29aeabcfaedc074fdb8bd43a8eeeabc42
v1	rk-v1-cf9a0dcde5bae92fccdc4f0d22f03784375c4b1e76b7c06dc1cf70539beebcaf	66	43	FC-v1-utf16-source	haswell	cell-v1-039ce69a535dd272776471f091fd166475ac850b7f70c1f2da2a2f265d64dcff	op-v1-6eea92180fce34d88c932293380df3d76d366c3edd7e0ec5957e9ab46316c226	15	eligible		611becc2a08c27a4edc77d9a45ff74c97130129b:include/simdutf/implementation.h:2777;611becc2a08c27a4edc77d9a45ff74c97130129b:src/haswell/avx2_convert_utf16_to_utf32.cpp:1-1	convertUTF16LEToUTF32WithErrorsHaswell	symbol-v1-dbe601d03ecfa4964bf234ef9373fbabc0a771cdb188335fe364813549be6b79	shared-kernel-v1-5f066178895d0ae379e7ec83da5725c2c1bba39f5bd73124cd94df824885835d	cell-v1-039ce69a535dd272776471f091fd166475ac850b7f70c1f2da2a2f265d64dcff		KB-v1-FC-v1-utf16-source-haswell-01	batch-v1-ec2f5d52cd3a97ee4c890ab940dfd992445655a453f7276d8bac3917ff81a9bd	EB-v1-KB-v1-FC-v1-utf16-source-haswell-01-01	batch-v1-f6258062a248942ee7051afc9e5c367a9c0991344649adff644a37023d14c002
v1	rk-v1-cf9a0dcde5bae92fccdc4f0d22f03784375c4b1e76b7c06dc1cf70539beebcaf	66	43	FC-v1-utf16-source	archsimd	cell-v1-b835157193f186b7e89278b3b1fabfe0cda811f8a09e06ddb2fb7260299ec2f4	op-v1-6eea92180fce34d88c932293380df3d76d366c3edd7e0ec5957e9ab46316c226	15	eligible		simd/archsimd Go 1.26.5:FC-v1-utf16-source audit row; required primitives: endian u16 loads/swaps, surrogate carry, compare/narrow, UTF-8 table/shuffle/pack, pair combine/u32 widen, counts/first-error; available: archsimd/ops_amd64.go:Load,Store,Shuffle,And,Or,Xor; archsimd/compare_gen_amd64.go:Equal,LessThan; archsimd/maskmerge_gen_amd64.go:Mask	convertUTF16LEToUTF32WithErrorsArchsimd	symbol-v1-b16bc694ab3606e5746a4dd56d130887b3e766e744ddfadca9a0abe29fa604e2	shared-kernel-v1-cef44bb9f54e92c2a0b8b00b3cb101a8bd4a7e9b07df5771776523bbeadbf372	cell-v1-b835157193f186b7e89278b3b1fabfe0cda811f8a09e06ddb2fb7260299ec2f4		KB-v1-FC-v1-utf16-source-archsimd-01	batch-v1-24a2f41bf855af128ec8e1e690c8f977fe942bd66eedc73214cb5db9ecd946f6	EB-v1-KB-v1-FC-v1-utf16-source-archsimd-01-01	batch-v1-0d68e73cdddaabe90fbe7b199b018380cbac81a1df306534babecd5d486f8213
v1	rk-v1-cf9a0dcde5bae92fccdc4f0d22f03784375c4b1e76b7c06dc1cf70539beebcaf	66	43	FC-v1-utf16-source	neon	cell-v1-0bf0104b71e549c41bc7b05b017a6409d74c7b5b8d9197d89306cf70046953a6	op-v1-6eea92180fce34d88c932293380df3d76d366c3edd7e0ec5957e9ab46316c226	15	eligible		611becc2a08c27a4edc77d9a45ff74c97130129b:include/simdutf/implementation.h:2777;611becc2a08c27a4edc77d9a45ff74c97130129b:src/arm64/arm_convert_utf16_to_utf32.cpp:1-1	convertUTF16LEToUTF32WithErrorsNEON	symbol-v1-99d71827b9ed0128fdf4c8332558c18f85bd6994d152503f9e734c3dfb96e016	shared-kernel-v1-d0f608fa63b2905c4f04d7b8e2f9e9112fad896d6923560f53fc8b6dcff5b00e	cell-v1-0bf0104b71e549c41bc7b05b017a6409d74c7b5b8d9197d89306cf70046953a6		KB-v1-FC-v1-utf16-source-neon-01	batch-v1-b4d3e712f8dc898225dae4fa632a4c9d453ec6325eaba7443241e45c89b6efc7	EB-v1-KB-v1-FC-v1-utf16-source-neon-01-01	batch-v1-6c2c6435df13438f01fbf3c960b35e559382201a7e4171907f7990967262162f
v1	rk-v1-8a66f79068e809a3a1037f8934bfa37ddd8f855cd45f185ee7d9c929f26ca259	67	44	FC-v1-utf16-source	westmere	cell-v1-d88dab555e0a9c1dccf8db1ffa653592c33af7a33432ba129e411e85487752e5	op-v1-6eea92180fce34d88c932293380df3d76d366c3edd7e0ec5957e9ab46316c226	15	eligible		611becc2a08c27a4edc77d9a45ff74c97130129b:include/simdutf/implementation.h:2813;611becc2a08c27a4edc77d9a45ff74c97130129b:src/westmere/sse_convert_utf16_to_utf32.cpp:1-1	convertUTF16BEToUTF32WithErrorsWestmere	symbol-v1-af2fabfbff01fe176ae91288b54748622bd1ff340e2a4ec1c2e15391c883970d	shared-kernel-v1-4c35c3872885d4fcd9aa1d993bc8cc39e975119f3e6fb2031c68c8b9cfd8c637	cell-v1-d88dab555e0a9c1dccf8db1ffa653592c33af7a33432ba129e411e85487752e5		KB-v1-FC-v1-utf16-source-westmere-01	batch-v1-8ac1e06fbe7b0d6d9acd7feef54aa06d45269dfbc52a2ce7402cc1fafe2c61a9	EB-v1-KB-v1-FC-v1-utf16-source-westmere-01-01	batch-v1-01d2c6cacb9a6848b205adb2157747e29aeabcfaedc074fdb8bd43a8eeeabc42
v1	rk-v1-8a66f79068e809a3a1037f8934bfa37ddd8f855cd45f185ee7d9c929f26ca259	67	44	FC-v1-utf16-source	haswell	cell-v1-86a8f5abdc9e0df32f947fcb1b9d3f192ad47a442968f010c308e79365ca1de2	op-v1-6eea92180fce34d88c932293380df3d76d366c3edd7e0ec5957e9ab46316c226	15	eligible		611becc2a08c27a4edc77d9a45ff74c97130129b:include/simdutf/implementation.h:2813;611becc2a08c27a4edc77d9a45ff74c97130129b:src/haswell/avx2_convert_utf16_to_utf32.cpp:1-1	convertUTF16BEToUTF32WithErrorsHaswell	symbol-v1-148a14a698d1e4ec4b7038d20138506f0b8cdef0a9c9a6cd66d7eca15026dbbd	shared-kernel-v1-a64fd7a04fc650b147c83fef4142d509b92db018fc7d0343bb3eb48420c8f75a	cell-v1-86a8f5abdc9e0df32f947fcb1b9d3f192ad47a442968f010c308e79365ca1de2		KB-v1-FC-v1-utf16-source-haswell-01	batch-v1-ec2f5d52cd3a97ee4c890ab940dfd992445655a453f7276d8bac3917ff81a9bd	EB-v1-KB-v1-FC-v1-utf16-source-haswell-01-01	batch-v1-f6258062a248942ee7051afc9e5c367a9c0991344649adff644a37023d14c002
v1	rk-v1-8a66f79068e809a3a1037f8934bfa37ddd8f855cd45f185ee7d9c929f26ca259	67	44	FC-v1-utf16-source	archsimd	cell-v1-333878be40f7b7ade6da233be1b602476865cdb2dd68a8b2a12c59dcdfba2eb6	op-v1-6eea92180fce34d88c932293380df3d76d366c3edd7e0ec5957e9ab46316c226	15	eligible		simd/archsimd Go 1.26.5:FC-v1-utf16-source audit row; required primitives: endian u16 loads/swaps, surrogate carry, compare/narrow, UTF-8 table/shuffle/pack, pair combine/u32 widen, counts/first-error; available: archsimd/ops_amd64.go:Load,Store,Shuffle,And,Or,Xor; archsimd/compare_gen_amd64.go:Equal,LessThan; archsimd/maskmerge_gen_amd64.go:Mask	convertUTF16BEToUTF32WithErrorsArchsimd	symbol-v1-6e7aadc707c962ac1151ed7e7fe2214f450ef10933dd8548fe0ddc938c406686	shared-kernel-v1-8e2dce0842a814d5d6206dd90788f9ec55a193b6cd56a2267e7ca703d98aa20c	cell-v1-333878be40f7b7ade6da233be1b602476865cdb2dd68a8b2a12c59dcdfba2eb6		KB-v1-FC-v1-utf16-source-archsimd-01	batch-v1-24a2f41bf855af128ec8e1e690c8f977fe942bd66eedc73214cb5db9ecd946f6	EB-v1-KB-v1-FC-v1-utf16-source-archsimd-01-01	batch-v1-0d68e73cdddaabe90fbe7b199b018380cbac81a1df306534babecd5d486f8213
v1	rk-v1-8a66f79068e809a3a1037f8934bfa37ddd8f855cd45f185ee7d9c929f26ca259	67	44	FC-v1-utf16-source	neon	cell-v1-d7a65e82248aa6df9ed66b1a29d3ac55ae24f8ca302143f35a432b719d508556	op-v1-6eea92180fce34d88c932293380df3d76d366c3edd7e0ec5957e9ab46316c226	15	eligible		611becc2a08c27a4edc77d9a45ff74c97130129b:include/simdutf/implementation.h:2813;611becc2a08c27a4edc77d9a45ff74c97130129b:src/arm64/arm_convert_utf16_to_utf32.cpp:1-1	convertUTF16BEToUTF32WithErrorsNEON	symbol-v1-4f3e6d24c751d6e1d0471f702d7458441d84bd4b345bb73f76c8f85c46d90773	shared-kernel-v1-2896bcf4e1438328e864f340a9e5d9cf4a9ff7a8655b4f607d5db6b00d02e2b9	cell-v1-d7a65e82248aa6df9ed66b1a29d3ac55ae24f8ca302143f35a432b719d508556		KB-v1-FC-v1-utf16-source-neon-01	batch-v1-b4d3e712f8dc898225dae4fa632a4c9d453ec6325eaba7443241e45c89b6efc7	EB-v1-KB-v1-FC-v1-utf16-source-neon-01-01	batch-v1-6c2c6435df13438f01fbf3c960b35e559382201a7e4171907f7990967262162f
v1	rk-v1-6256cafae53900dfb04b86155b0a0c459f7ab335db48d7dacccad4863003a229	68	71	FC-v1-utf16-source	westmere	cell-v1-d138b5d817cee90011598532e90976eabecc9d52ae112943eff4ce2390a21785	op-v1-6eea92180fce34d88c932293380df3d76d366c3edd7e0ec5957e9ab46316c226	15	not_applicable	native_wrapper_delegates_explicit_endian	611becc2a08c27a4edc77d9a45ff74c97130129b:include/simdutf/implementation.h:2847									
v1	rk-v1-6256cafae53900dfb04b86155b0a0c459f7ab335db48d7dacccad4863003a229	68	71	FC-v1-utf16-source	haswell	cell-v1-a7c17fb72abb48904363f09157e6bffed3f717cfb234a47ed207cef62d9fc96b	op-v1-6eea92180fce34d88c932293380df3d76d366c3edd7e0ec5957e9ab46316c226	15	not_applicable	native_wrapper_delegates_explicit_endian	611becc2a08c27a4edc77d9a45ff74c97130129b:include/simdutf/implementation.h:2847									
v1	rk-v1-6256cafae53900dfb04b86155b0a0c459f7ab335db48d7dacccad4863003a229	68	71	FC-v1-utf16-source	archsimd	cell-v1-42027265ded6af741a3bf7c36d5060cdb7117faeeda23ca742e7179fd49a870b	op-v1-6eea92180fce34d88c932293380df3d76d366c3edd7e0ec5957e9ab46316c226	15	not_applicable	native_wrapper_delegates_explicit_endian	611becc2a08c27a4edc77d9a45ff74c97130129b:include/simdutf/implementation.h:2847									
v1	rk-v1-6256cafae53900dfb04b86155b0a0c459f7ab335db48d7dacccad4863003a229	68	71	FC-v1-utf16-source	neon	cell-v1-2a31476081f285b3a704a6df036d0da285ee2799bca6fd2f8cf76875b365a2c8	op-v1-6eea92180fce34d88c932293380df3d76d366c3edd7e0ec5957e9ab46316c226	15	not_applicable	native_wrapper_delegates_explicit_endian	611becc2a08c27a4edc77d9a45ff74c97130129b:include/simdutf/implementation.h:2847									
v1	rk-v1-fd9c4f4ecc93a66ed2037ed394e8f6185abf782ee61961da4a8439017613d3c3	69	45	FC-v1-utf16-source	westmere	cell-v1-d57b3088cc1b60e06ccb2bdd4273a68694bc1771a6840760e385ae8727b94f0d	op-v1-6eea92180fce34d88c932293380df3d76d366c3edd7e0ec5957e9ab46316c226	15	eligible		611becc2a08c27a4edc77d9a45ff74c97130129b:include/simdutf/implementation.h:2881;611becc2a08c27a4edc77d9a45ff74c97130129b:src/westmere/sse_convert_utf16_to_utf32.cpp:1-1	convertValidUTF16LEToUTF32Westmere	symbol-v1-9e78f59ae20e362770ebf06c6fd0dff47a951818fc5ab4edcf68a6030cac276b	shared-kernel-v1-faadb3e611f0353796365ab0213ae6f5c15271ec3c771c43548b2cefd30045fd	cell-v1-10e54865cd9bafa934e88bd924666caf563823defacf660c8e7719ceae906ee4	cell-v1-10e54865cd9bafa934e88bd924666caf563823defacf660c8e7719ceae906ee4	KB-v1-FC-v1-utf16-source-westmere-01	batch-v1-8ac1e06fbe7b0d6d9acd7feef54aa06d45269dfbc52a2ce7402cc1fafe2c61a9	EB-v1-KB-v1-FC-v1-utf16-source-westmere-01-01	batch-v1-01d2c6cacb9a6848b205adb2157747e29aeabcfaedc074fdb8bd43a8eeeabc42
v1	rk-v1-fd9c4f4ecc93a66ed2037ed394e8f6185abf782ee61961da4a8439017613d3c3	69	45	FC-v1-utf16-source	haswell	cell-v1-a2313a5a8044bf76c218c732a64c309aaba7277153bb09d008bc82ee8933cdf2	op-v1-6eea92180fce34d88c932293380df3d76d366c3edd7e0ec5957e9ab46316c226	15	eligible		611becc2a08c27a4edc77d9a45ff74c97130129b:include/simdutf/implementation.h:2881;611becc2a08c27a4edc77d9a45ff74c97130129b:src/haswell/avx2_convert_utf16_to_utf32.cpp:1-1	convertValidUTF16LEToUTF32Haswell	symbol-v1-98f12c7f071ebd388fd35b1dcf0cdf088fe0d9bf38a4389111ed8b67de4ed08c	shared-kernel-v1-d05dd650405666f6eb5fe977a204968d50ee3c276ff8139101a3004ff15fe519	cell-v1-7bdce3f8f0abeb1555ca577203e060f6eb914fbe54da8e471c3f34baff65d87e	cell-v1-7bdce3f8f0abeb1555ca577203e060f6eb914fbe54da8e471c3f34baff65d87e	KB-v1-FC-v1-utf16-source-haswell-01	batch-v1-ec2f5d52cd3a97ee4c890ab940dfd992445655a453f7276d8bac3917ff81a9bd	EB-v1-KB-v1-FC-v1-utf16-source-haswell-01-01	batch-v1-f6258062a248942ee7051afc9e5c367a9c0991344649adff644a37023d14c002
v1	rk-v1-fd9c4f4ecc93a66ed2037ed394e8f6185abf782ee61961da4a8439017613d3c3	69	45	FC-v1-utf16-source	archsimd	cell-v1-52c76427252321921643a2d20130c1e0a9e18006e6373e1fda6c541855333249	op-v1-6eea92180fce34d88c932293380df3d76d366c3edd7e0ec5957e9ab46316c226	15	eligible		simd/archsimd Go 1.26.5:FC-v1-utf16-source audit row; required primitives: endian u16 loads/swaps, surrogate carry, compare/narrow, UTF-8 table/shuffle/pack, pair combine/u32 widen, counts/first-error; available: archsimd/ops_amd64.go:Load,Store,Shuffle,And,Or,Xor; archsimd/compare_gen_amd64.go:Equal,LessThan; archsimd/maskmerge_gen_amd64.go:Mask	convertValidUTF16LEToUTF32Archsimd	symbol-v1-4b3ec16d2f65213f262f806cb6acb2e809605cbf8c33b58fe7e0c52900867279	shared-kernel-v1-5814e1a921fe82542a459c4216d4e8325999586c53b65144fe5da152d34a79de	cell-v1-11f0feffe0ac827a494b00cb40213f4c986d2de0ef34a2787a159d4e53dab773	cell-v1-11f0feffe0ac827a494b00cb40213f4c986d2de0ef34a2787a159d4e53dab773	KB-v1-FC-v1-utf16-source-archsimd-01	batch-v1-24a2f41bf855af128ec8e1e690c8f977fe942bd66eedc73214cb5db9ecd946f6	EB-v1-KB-v1-FC-v1-utf16-source-archsimd-01-01	batch-v1-0d68e73cdddaabe90fbe7b199b018380cbac81a1df306534babecd5d486f8213
v1	rk-v1-fd9c4f4ecc93a66ed2037ed394e8f6185abf782ee61961da4a8439017613d3c3	69	45	FC-v1-utf16-source	neon	cell-v1-c3f8a4628484718701077f207996e8b6a0df7fd13c500378a677a3d0f5f0db0e	op-v1-6eea92180fce34d88c932293380df3d76d366c3edd7e0ec5957e9ab46316c226	15	eligible		611becc2a08c27a4edc77d9a45ff74c97130129b:include/simdutf/implementation.h:2881;611becc2a08c27a4edc77d9a45ff74c97130129b:src/arm64/arm_convert_utf16_to_utf32.cpp:1-1	convertValidUTF16LEToUTF32NEON	symbol-v1-12a702997773b1ce7d9e076bc89f2e5a4c93d113b5dca562b1893176099a6eb3	shared-kernel-v1-c9af7a82bd13a3e0c543332c6f15ac7b52558403a57d45051c4147db36e94af5	cell-v1-5ee2eb7dfe98b9df9345142fb516a6849be408d517bb35007c3baf43c9e8417e	cell-v1-5ee2eb7dfe98b9df9345142fb516a6849be408d517bb35007c3baf43c9e8417e	KB-v1-FC-v1-utf16-source-neon-01	batch-v1-b4d3e712f8dc898225dae4fa632a4c9d453ec6325eaba7443241e45c89b6efc7	EB-v1-KB-v1-FC-v1-utf16-source-neon-01-01	batch-v1-6c2c6435df13438f01fbf3c960b35e559382201a7e4171907f7990967262162f
v1	rk-v1-2e157559f20c8ef2c8a5527d31057710628639d8b067f35f4b5faf10eb13d281	70	46	FC-v1-utf16-source	westmere	cell-v1-3a7f5c9b9801b4890a8ff5a90e215eafb8500895447e7540f3806e815e358a8d	op-v1-6eea92180fce34d88c932293380df3d76d366c3edd7e0ec5957e9ab46316c226	15	eligible		611becc2a08c27a4edc77d9a45ff74c97130129b:include/simdutf/implementation.h:2915;611becc2a08c27a4edc77d9a45ff74c97130129b:src/westmere/sse_convert_utf16_to_utf32.cpp:1-1	convertValidUTF16BEToUTF32Westmere	symbol-v1-b68aefe4801ffb7d2f56f3bca9a88c1f17f360fe65c43bb64923c1dc7d45eaab	shared-kernel-v1-73cc11329bf088a29f48a03d8428afcd9ac9c477a4993cb67f983e09c9f33d86	cell-v1-85f55947001092311c47ebb6255fc994162ddaa2552887e4e086db8b49884cf2	cell-v1-85f55947001092311c47ebb6255fc994162ddaa2552887e4e086db8b49884cf2	KB-v1-FC-v1-utf16-source-westmere-01	batch-v1-8ac1e06fbe7b0d6d9acd7feef54aa06d45269dfbc52a2ce7402cc1fafe2c61a9	EB-v1-KB-v1-FC-v1-utf16-source-westmere-01-01	batch-v1-01d2c6cacb9a6848b205adb2157747e29aeabcfaedc074fdb8bd43a8eeeabc42
v1	rk-v1-2e157559f20c8ef2c8a5527d31057710628639d8b067f35f4b5faf10eb13d281	70	46	FC-v1-utf16-source	haswell	cell-v1-92f7ae8db9d7870650ba37e9d67134bf2067d77d6d68d021c25075a4f1189d89	op-v1-6eea92180fce34d88c932293380df3d76d366c3edd7e0ec5957e9ab46316c226	15	eligible		611becc2a08c27a4edc77d9a45ff74c97130129b:include/simdutf/implementation.h:2915;611becc2a08c27a4edc77d9a45ff74c97130129b:src/haswell/avx2_convert_utf16_to_utf32.cpp:1-1	convertValidUTF16BEToUTF32Haswell	symbol-v1-431b09bc465919722230b8562c1c5e307f6f4192a2d09acfd4d1aafd3e793f1e	shared-kernel-v1-f426d5877b859dd2eaed838f731f0e55e7b54e270512a8ad85a216721b046e80	cell-v1-51ee900cf229ae90e9dfef3656478ebca12ec317d925be9954d90c3d37fbd115	cell-v1-51ee900cf229ae90e9dfef3656478ebca12ec317d925be9954d90c3d37fbd115	KB-v1-FC-v1-utf16-source-haswell-01	batch-v1-ec2f5d52cd3a97ee4c890ab940dfd992445655a453f7276d8bac3917ff81a9bd	EB-v1-KB-v1-FC-v1-utf16-source-haswell-01-01	batch-v1-f6258062a248942ee7051afc9e5c367a9c0991344649adff644a37023d14c002
v1	rk-v1-2e157559f20c8ef2c8a5527d31057710628639d8b067f35f4b5faf10eb13d281	70	46	FC-v1-utf16-source	archsimd	cell-v1-a190daa298cb22979f1b4abaf65306cc4bb2f9810e5f3cf9c20cfc7c0e332568	op-v1-6eea92180fce34d88c932293380df3d76d366c3edd7e0ec5957e9ab46316c226	15	eligible		simd/archsimd Go 1.26.5:FC-v1-utf16-source audit row; required primitives: endian u16 loads/swaps, surrogate carry, compare/narrow, UTF-8 table/shuffle/pack, pair combine/u32 widen, counts/first-error; available: archsimd/ops_amd64.go:Load,Store,Shuffle,And,Or,Xor; archsimd/compare_gen_amd64.go:Equal,LessThan; archsimd/maskmerge_gen_amd64.go:Mask	convertValidUTF16BEToUTF32Archsimd	symbol-v1-d8c03bd87512414e74fa4d866c4dc6405080d49910503e68ce820e4ef335d01a	shared-kernel-v1-3a2f02069d957f711abeb3a77e1e3a8a6a28a5ee71d2ba9fdb382cbd1ebbdf3e	cell-v1-8aa6d0bf1bcc383d42309a564e679f2319f527ffe63b0922e32664b107bd2b95	cell-v1-8aa6d0bf1bcc383d42309a564e679f2319f527ffe63b0922e32664b107bd2b95	KB-v1-FC-v1-utf16-source-archsimd-01	batch-v1-24a2f41bf855af128ec8e1e690c8f977fe942bd66eedc73214cb5db9ecd946f6	EB-v1-KB-v1-FC-v1-utf16-source-archsimd-01-01	batch-v1-0d68e73cdddaabe90fbe7b199b018380cbac81a1df306534babecd5d486f8213
v1	rk-v1-2e157559f20c8ef2c8a5527d31057710628639d8b067f35f4b5faf10eb13d281	70	46	FC-v1-utf16-source	neon	cell-v1-37b19fd2c963b1a66f4ea987011816b8457dbeec371df1533acecae68c35fefa	op-v1-6eea92180fce34d88c932293380df3d76d366c3edd7e0ec5957e9ab46316c226	15	eligible		611becc2a08c27a4edc77d9a45ff74c97130129b:include/simdutf/implementation.h:2915;611becc2a08c27a4edc77d9a45ff74c97130129b:src/arm64/arm_convert_utf16_to_utf32.cpp:1-1	convertValidUTF16BEToUTF32NEON	symbol-v1-8c948fba522e90e2dd18048eb9a53be56b3f3ed7730d27704ac71a089e4c4c87	shared-kernel-v1-3d475596b7a42782a16827a530722856bd3e8a6749daf867617ab7ca5158b7c3	cell-v1-5beb78c7953babfec492eb28a128dd44d361558d35058d1e9c3c351cfbafea23	cell-v1-5beb78c7953babfec492eb28a128dd44d361558d35058d1e9c3c351cfbafea23	KB-v1-FC-v1-utf16-source-neon-01	batch-v1-b4d3e712f8dc898225dae4fa632a4c9d453ec6325eaba7443241e45c89b6efc7	EB-v1-KB-v1-FC-v1-utf16-source-neon-01-01	batch-v1-6c2c6435df13438f01fbf3c960b35e559382201a7e4171907f7990967262162f
v1	rk-v1-73ccb63a4f4f5783f1769e4b2aacf54aeed5d855df9ac3a7e0d8c5debb4e8315	71	70	FC-v1-utf16-source	westmere	cell-v1-23542f12535962a24c86ba583ee8961cb89d25c3d0de99da72e748953e929378	op-v1-9dd40313a0fd1522ac7e341f3e47da0e7df68fd14fd7ecab7030f2497b9685d4	14	not_applicable	native_wrapper_delegates_explicit_endian	611becc2a08c27a4edc77d9a45ff74c97130129b:include/simdutf/implementation.h:2949									
v1	rk-v1-73ccb63a4f4f5783f1769e4b2aacf54aeed5d855df9ac3a7e0d8c5debb4e8315	71	70	FC-v1-utf16-source	haswell	cell-v1-ad948e98500abac36a96108bf93bc44b93c4bdbba38ead6f9c17773b864535b0	op-v1-9dd40313a0fd1522ac7e341f3e47da0e7df68fd14fd7ecab7030f2497b9685d4	14	not_applicable	native_wrapper_delegates_explicit_endian	611becc2a08c27a4edc77d9a45ff74c97130129b:include/simdutf/implementation.h:2949									
v1	rk-v1-73ccb63a4f4f5783f1769e4b2aacf54aeed5d855df9ac3a7e0d8c5debb4e8315	71	70	FC-v1-utf16-source	archsimd	cell-v1-1bfb57d64570f11c390f31b7ae4943941b4378d2ab74da4e681cd3dc429df7f9	op-v1-9dd40313a0fd1522ac7e341f3e47da0e7df68fd14fd7ecab7030f2497b9685d4	14	not_applicable	native_wrapper_delegates_explicit_endian	611becc2a08c27a4edc77d9a45ff74c97130129b:include/simdutf/implementation.h:2949									
v1	rk-v1-73ccb63a4f4f5783f1769e4b2aacf54aeed5d855df9ac3a7e0d8c5debb4e8315	71	70	FC-v1-utf16-source	neon	cell-v1-fa3e9d6f56adbafc40eaea27e905a8f00aa9a27621895324fcf6c3c623abbb53	op-v1-9dd40313a0fd1522ac7e341f3e47da0e7df68fd14fd7ecab7030f2497b9685d4	14	not_applicable	native_wrapper_delegates_explicit_endian	611becc2a08c27a4edc77d9a45ff74c97130129b:include/simdutf/implementation.h:2949									
v1	rk-v1-91619f77f479a3e153bc7d971c09311c6aa34c5d2078ee0bdae46b87ab6cd5f8	72	74	FC-v1-utf16-source	westmere	cell-v1-e2da79ca217945e53eeaec52be610e46be1eccae569769d5855a3e57a17a6c15	op-v1-9dd40313a0fd1522ac7e341f3e47da0e7df68fd14fd7ecab7030f2497b9685d4	14	not_applicable	native_wrapper_delegates_explicit_endian	611becc2a08c27a4edc77d9a45ff74c97130129b:include/simdutf/implementation.h:2985									
v1	rk-v1-91619f77f479a3e153bc7d971c09311c6aa34c5d2078ee0bdae46b87ab6cd5f8	72	74	FC-v1-utf16-source	haswell	cell-v1-771686dddc346d6e00d56766d9a9525c31aa9511503d03ccfb876a9cecaff669	op-v1-9dd40313a0fd1522ac7e341f3e47da0e7df68fd14fd7ecab7030f2497b9685d4	14	not_applicable	native_wrapper_delegates_explicit_endian	611becc2a08c27a4edc77d9a45ff74c97130129b:include/simdutf/implementation.h:2985									
v1	rk-v1-91619f77f479a3e153bc7d971c09311c6aa34c5d2078ee0bdae46b87ab6cd5f8	72	74	FC-v1-utf16-source	archsimd	cell-v1-926e87a246978e1b4d5397891bc2698d6dcae8b14a08ae9ab7b14cc43771d88d	op-v1-9dd40313a0fd1522ac7e341f3e47da0e7df68fd14fd7ecab7030f2497b9685d4	14	not_applicable	native_wrapper_delegates_explicit_endian	611becc2a08c27a4edc77d9a45ff74c97130129b:include/simdutf/implementation.h:2985									
v1	rk-v1-91619f77f479a3e153bc7d971c09311c6aa34c5d2078ee0bdae46b87ab6cd5f8	72	74	FC-v1-utf16-source	neon	cell-v1-63c2c260345cafe7e3bb65b1f86325397083e85429a9934c1d5fff46c4dcd7ca	op-v1-9dd40313a0fd1522ac7e341f3e47da0e7df68fd14fd7ecab7030f2497b9685d4	14	not_applicable	native_wrapper_delegates_explicit_endian	611becc2a08c27a4edc77d9a45ff74c97130129b:include/simdutf/implementation.h:2985									
v1	rk-v1-62d83846d5622363cd309865b197ed7c178dba19cb98f13c5f723dfe041ca07c	73	57	FC-v1-utf16-source	westmere	cell-v1-f980e41caab3c6a13122a494d4552b293c91f2df7c496c4f93483d760550d862	op-v1-9dd40313a0fd1522ac7e341f3e47da0e7df68fd14fd7ecab7030f2497b9685d4	14	eligible		611becc2a08c27a4edc77d9a45ff74c97130129b:include/simdutf/implementation.h:3015;611becc2a08c27a4edc77d9a45ff74c97130129b:src/westmere/sse_convert_utf16_to_utf8.cpp:1-1	utf8LengthFromUTF16LEWestmere	symbol-v1-c84b9860504d97e840afe5394ffe6232730d7fa49cdcb632c09a3bebd3c71f6b	shared-kernel-v1-b26e0458ad92706ccd6c05181aea58b32dd7b318f4682658de1c8b3ea876bf25	cell-v1-f980e41caab3c6a13122a494d4552b293c91f2df7c496c4f93483d760550d862		KB-v1-FC-v1-utf16-source-westmere-01	batch-v1-8ac1e06fbe7b0d6d9acd7feef54aa06d45269dfbc52a2ce7402cc1fafe2c61a9	EB-v1-KB-v1-FC-v1-utf16-source-westmere-01-02	batch-v1-f507acb68feacd62d95656066632ef952e03dd5219eea2a940dc00d4b9121fd5
v1	rk-v1-62d83846d5622363cd309865b197ed7c178dba19cb98f13c5f723dfe041ca07c	73	57	FC-v1-utf16-source	haswell	cell-v1-317a31bf118cb0bca022cdf09850810697063bdcc47314f639b52805134f4a34	op-v1-9dd40313a0fd1522ac7e341f3e47da0e7df68fd14fd7ecab7030f2497b9685d4	14	eligible		611becc2a08c27a4edc77d9a45ff74c97130129b:include/simdutf/implementation.h:3015;611becc2a08c27a4edc77d9a45ff74c97130129b:src/haswell/avx2_convert_utf16_to_utf8.cpp:1-1	utf8LengthFromUTF16LEHaswell	symbol-v1-7521c72947aa560969bda27e850733580eea06d688c10348b3ab8bd0cbf3c099	shared-kernel-v1-3af1d17fb2463e870dec3be3da33c4d150047f29fdb6e0ef3886e2e32b0e3afe	cell-v1-317a31bf118cb0bca022cdf09850810697063bdcc47314f639b52805134f4a34		KB-v1-FC-v1-utf16-source-haswell-01	batch-v1-ec2f5d52cd3a97ee4c890ab940dfd992445655a453f7276d8bac3917ff81a9bd	EB-v1-KB-v1-FC-v1-utf16-source-haswell-01-02	batch-v1-98ce94838986347a0192dd207ffec4826ffe3995a50592d7a39a9d2d3dd0a69c
v1	rk-v1-62d83846d5622363cd309865b197ed7c178dba19cb98f13c5f723dfe041ca07c	73	57	FC-v1-utf16-source	archsimd	cell-v1-7ebf996e1960f9d58a3c066aa2786451c61769d2b333dc31a60e69873be83c35	op-v1-9dd40313a0fd1522ac7e341f3e47da0e7df68fd14fd7ecab7030f2497b9685d4	14	eligible		simd/archsimd Go 1.26.5:FC-v1-utf16-source audit row; required primitives: endian u16 loads/swaps, surrogate carry, compare/narrow, UTF-8 table/shuffle/pack, pair combine/u32 widen, counts/first-error; available: archsimd/ops_amd64.go:Load,Store,Shuffle,And,Or,Xor; archsimd/compare_gen_amd64.go:Equal,LessThan; archsimd/maskmerge_gen_amd64.go:Mask	utf8LengthFromUTF16LEArchsimd	symbol-v1-ae2c0b9c4d4508c04f9a8ec196db97872663fd1d53b2453cdb60f8355524239c	shared-kernel-v1-32012b6e62418728c1ba117eba1415af0a0efd75f4076b04d9803e9ca8a4dc3f	cell-v1-7ebf996e1960f9d58a3c066aa2786451c61769d2b333dc31a60e69873be83c35		KB-v1-FC-v1-utf16-source-archsimd-01	batch-v1-24a2f41bf855af128ec8e1e690c8f977fe942bd66eedc73214cb5db9ecd946f6	EB-v1-KB-v1-FC-v1-utf16-source-archsimd-01-02	batch-v1-59ed42e04d5b82c09e6d48103e34a0c2570bffa356bef821923a7f1300fb87cb
v1	rk-v1-62d83846d5622363cd309865b197ed7c178dba19cb98f13c5f723dfe041ca07c	73	57	FC-v1-utf16-source	neon	cell-v1-50c860b8903ec90f5443adaf11dbc18635bfa704043fb33b562c79410b2ddc59	op-v1-9dd40313a0fd1522ac7e341f3e47da0e7df68fd14fd7ecab7030f2497b9685d4	14	eligible		611becc2a08c27a4edc77d9a45ff74c97130129b:include/simdutf/implementation.h:3015;611becc2a08c27a4edc77d9a45ff74c97130129b:src/arm64/arm_convert_utf16_to_utf8.cpp:1-1	utf8LengthFromUTF16LENEON	symbol-v1-aa6d7736df40134479d1efcf05b9febddbe5c332b8ed7e28c5ba322af22c242c	shared-kernel-v1-7fae18f5dd9ef7bebbc272d78f9da0bc27731643d81e46f5992c9ea0e4d0a2f3	cell-v1-50c860b8903ec90f5443adaf11dbc18635bfa704043fb33b562c79410b2ddc59		KB-v1-FC-v1-utf16-source-neon-01	batch-v1-b4d3e712f8dc898225dae4fa632a4c9d453ec6325eaba7443241e45c89b6efc7	EB-v1-KB-v1-FC-v1-utf16-source-neon-01-02	batch-v1-32db806ac4e31411241ece9c1e72b8ce0f36a478de342786a87b81b80e5ce7cc
v1	rk-v1-2471c15a00ba2a22c6879a4535bf7c1c7b8a780f4b72419f43b2a5312ed984f4	74	58	FC-v1-utf16-source	westmere	cell-v1-bc948bd6f31cb2a7651f27c8ebf5367f74a46eab4c968385d07c1746f79814a2	op-v1-9dd40313a0fd1522ac7e341f3e47da0e7df68fd14fd7ecab7030f2497b9685d4	14	eligible		611becc2a08c27a4edc77d9a45ff74c97130129b:include/simdutf/implementation.h:3044;611becc2a08c27a4edc77d9a45ff74c97130129b:src/westmere/sse_convert_utf16_to_utf8.cpp:1-1	utf8LengthFromUTF16BEWestmere	symbol-v1-9de8b9c7838baed73cfaf233535e04f7c85a14041fc77a79ffcc8acb27179dfa	shared-kernel-v1-fea278ee38692de51a6c774c242b7e24c255a44bc0a2c8a8d3546191f8eafd40	cell-v1-bc948bd6f31cb2a7651f27c8ebf5367f74a46eab4c968385d07c1746f79814a2		KB-v1-FC-v1-utf16-source-westmere-01	batch-v1-8ac1e06fbe7b0d6d9acd7feef54aa06d45269dfbc52a2ce7402cc1fafe2c61a9	EB-v1-KB-v1-FC-v1-utf16-source-westmere-01-02	batch-v1-f507acb68feacd62d95656066632ef952e03dd5219eea2a940dc00d4b9121fd5
v1	rk-v1-2471c15a00ba2a22c6879a4535bf7c1c7b8a780f4b72419f43b2a5312ed984f4	74	58	FC-v1-utf16-source	haswell	cell-v1-63d13eb08fc3f0a7aeaa5a93f4154bb5c5fb287feba95d1d7f6d9e99257bff61	op-v1-9dd40313a0fd1522ac7e341f3e47da0e7df68fd14fd7ecab7030f2497b9685d4	14	eligible		611becc2a08c27a4edc77d9a45ff74c97130129b:include/simdutf/implementation.h:3044;611becc2a08c27a4edc77d9a45ff74c97130129b:src/haswell/avx2_convert_utf16_to_utf8.cpp:1-1	utf8LengthFromUTF16BEHaswell	symbol-v1-1b88c0490ced0a71b7ecf40290ae7d48a0a2e3a146f9fbc4e6dbb505596b1d7b	shared-kernel-v1-af353e5d1dc29ea983492db5b68f6f9caa4d2db8fca6878aaa9db89178c89e25	cell-v1-63d13eb08fc3f0a7aeaa5a93f4154bb5c5fb287feba95d1d7f6d9e99257bff61		KB-v1-FC-v1-utf16-source-haswell-01	batch-v1-ec2f5d52cd3a97ee4c890ab940dfd992445655a453f7276d8bac3917ff81a9bd	EB-v1-KB-v1-FC-v1-utf16-source-haswell-01-02	batch-v1-98ce94838986347a0192dd207ffec4826ffe3995a50592d7a39a9d2d3dd0a69c
v1	rk-v1-2471c15a00ba2a22c6879a4535bf7c1c7b8a780f4b72419f43b2a5312ed984f4	74	58	FC-v1-utf16-source	archsimd	cell-v1-48ce9162cad4ae784cf6dc6a87308536fe4b1f751da65a19c011a1031b42250f	op-v1-9dd40313a0fd1522ac7e341f3e47da0e7df68fd14fd7ecab7030f2497b9685d4	14	eligible		simd/archsimd Go 1.26.5:FC-v1-utf16-source audit row; required primitives: endian u16 loads/swaps, surrogate carry, compare/narrow, UTF-8 table/shuffle/pack, pair combine/u32 widen, counts/first-error; available: archsimd/ops_amd64.go:Load,Store,Shuffle,And,Or,Xor; archsimd/compare_gen_amd64.go:Equal,LessThan; archsimd/maskmerge_gen_amd64.go:Mask	utf8LengthFromUTF16BEArchsimd	symbol-v1-4eef653121022db102a9ea305024dd189972dd6ee08a1c133cd844a8c1870532	shared-kernel-v1-9e2f1e149eb8962d2c6cf1fe23a930024e9fa0d2a6a64b93a0096e222faa89cc	cell-v1-48ce9162cad4ae784cf6dc6a87308536fe4b1f751da65a19c011a1031b42250f		KB-v1-FC-v1-utf16-source-archsimd-01	batch-v1-24a2f41bf855af128ec8e1e690c8f977fe942bd66eedc73214cb5db9ecd946f6	EB-v1-KB-v1-FC-v1-utf16-source-archsimd-01-02	batch-v1-59ed42e04d5b82c09e6d48103e34a0c2570bffa356bef821923a7f1300fb87cb
v1	rk-v1-2471c15a00ba2a22c6879a4535bf7c1c7b8a780f4b72419f43b2a5312ed984f4	74	58	FC-v1-utf16-source	neon	cell-v1-57669d7e2cc4309e7ec00a54a6688fb9e204330ca21619b01ab0af52ec7d51b1	op-v1-9dd40313a0fd1522ac7e341f3e47da0e7df68fd14fd7ecab7030f2497b9685d4	14	eligible		611becc2a08c27a4edc77d9a45ff74c97130129b:include/simdutf/implementation.h:3044;611becc2a08c27a4edc77d9a45ff74c97130129b:src/arm64/arm_convert_utf16_to_utf8.cpp:1-1	utf8LengthFromUTF16BENEON	symbol-v1-6c25ec4c5b5f3e3105438382d178847f7c00a2ced6ff8104ce8fc02ffe2d0d0c	shared-kernel-v1-35926b2eaea4ef59ccdfb6691d3a5c544a9d8e490af232ad1510eaccb7bd5819	cell-v1-57669d7e2cc4309e7ec00a54a6688fb9e204330ca21619b01ab0af52ec7d51b1		KB-v1-FC-v1-utf16-source-neon-01	batch-v1-b4d3e712f8dc898225dae4fa632a4c9d453ec6325eaba7443241e45c89b6efc7	EB-v1-KB-v1-FC-v1-utf16-source-neon-01-02	batch-v1-32db806ac4e31411241ece9c1e72b8ce0f36a478de342786a87b81b80e5ce7cc
v1	rk-v1-0681c1176fe552c46285f1de5d262fe48114044dee149c27999f1744cb87edb3	75	87	FC-v1-utf32-source	westmere	cell-v1-747ddd70ad90b8c320cbf24362fad6279b80e0fa6602b219d967c2c74f527adf	op-v1-ab0bc72785d23b8753a399b8c46dce11e242254d665fb6c0e7d355fc76f47d7a	17	eligible		611becc2a08c27a4edc77d9a45ff74c97130129b:include/simdutf/implementation.h:3077;611becc2a08c27a4edc77d9a45ff74c97130129b:src/westmere/sse_convert_utf32_to_utf8.cpp:1-1	convertUTF32ToUTF8Westmere	symbol-v1-317efd241a4ad3b5d38908c3be84e18ed2c265f07ebbab1ca9b09d2124a51d07	shared-kernel-v1-7747ce00fabb11a1610af3a6a4e7d7968076211bd59b9d58199dffa10b4eea4a	cell-v1-747ddd70ad90b8c320cbf24362fad6279b80e0fa6602b219d967c2c74f527adf		KB-v1-FC-v1-utf32-source-westmere-01	batch-v1-36f4510b189ab73862739ef8607580dfc0e8cc60cdfd5726d9d7323ea4ca7587	EB-v1-KB-v1-FC-v1-utf32-source-westmere-01-01	batch-v1-4706177e1f32d14d17b9aa206b6bc381f387ad97fc9d4430af90a5490947958d
v1	rk-v1-0681c1176fe552c46285f1de5d262fe48114044dee149c27999f1744cb87edb3	75	87	FC-v1-utf32-source	haswell	cell-v1-25076a767de3debdb28258403726e72c131d6b949c99b6fca397cbee01105361	op-v1-ab0bc72785d23b8753a399b8c46dce11e242254d665fb6c0e7d355fc76f47d7a	17	eligible		611becc2a08c27a4edc77d9a45ff74c97130129b:include/simdutf/implementation.h:3077;611becc2a08c27a4edc77d9a45ff74c97130129b:src/haswell/avx2_convert_utf32_to_utf8.cpp:1-1	convertUTF32ToUTF8Haswell	symbol-v1-bbcced9e4f9251bd20fdaa1f342c9cefd8e4e1be13f7398a7997b66a5c8e37eb	shared-kernel-v1-5276453b2d6abcc2992364b64177fefae83c5c38c96cc19a61b3a46df6755091	cell-v1-25076a767de3debdb28258403726e72c131d6b949c99b6fca397cbee01105361		KB-v1-FC-v1-utf32-source-haswell-01	batch-v1-92fc6c3c74d6f6206b355c461301cd0bf56c7379f1063eeaefe8afb19c4286a6	EB-v1-KB-v1-FC-v1-utf32-source-haswell-01-01	batch-v1-3c9b9356a595548272b17ed48644aa4ab228e06b97b7b365df272026bfcd08d0
v1	rk-v1-0681c1176fe552c46285f1de5d262fe48114044dee149c27999f1744cb87edb3	75	87	FC-v1-utf32-source	archsimd	cell-v1-d88650be1a0ea22403ccad4f88b404cf38bc0d99630591b012d491e00ee83a61	op-v1-ab0bc72785d23b8753a399b8c46dce11e242254d665fb6c0e7d355fc76f47d7a	17	eligible		simd/archsimd Go 1.26.5:FC-v1-utf32-source audit row; required primitives: u32 range/surrogate checks, narrow/pack, UTF-8 shuffle/table packing, UTF-16 surrogate expansion/endian stores; available: archsimd/ops_amd64.go:Load,Store,Shuffle,And,Or,Xor; archsimd/compare_gen_amd64.go:Equal,LessThan; archsimd/maskmerge_gen_amd64.go:Mask	convertUTF32ToUTF8Archsimd	symbol-v1-f3d76a839ceb33ca0bff95402d5d0a9d209e27d9f4fcf0ab8809f2be86b44532	shared-kernel-v1-658b8efd90e96f01c9e3ffe91e527e51ea60fbd17e034ce7bd8ac55bd586058f	cell-v1-d88650be1a0ea22403ccad4f88b404cf38bc0d99630591b012d491e00ee83a61		KB-v1-FC-v1-utf32-source-archsimd-01	batch-v1-2734a64ea62e333b94aa9805657a5b4043895f608ffe78a81628bf384afdeade	EB-v1-KB-v1-FC-v1-utf32-source-archsimd-01-01	batch-v1-e89a1cf39cfc92f74627eb6395cb90dcf945886e6ea597f3b4d13d071a140b3a
v1	rk-v1-0681c1176fe552c46285f1de5d262fe48114044dee149c27999f1744cb87edb3	75	87	FC-v1-utf32-source	neon	cell-v1-58cf5b91cdb9aff38b0808f218084ff4a19d60d66157d0fd7d042f47da418c9b	op-v1-ab0bc72785d23b8753a399b8c46dce11e242254d665fb6c0e7d355fc76f47d7a	17	eligible		611becc2a08c27a4edc77d9a45ff74c97130129b:include/simdutf/implementation.h:3077;611becc2a08c27a4edc77d9a45ff74c97130129b:src/arm64/arm_convert_utf32_to_utf8.cpp:1-1	convertUTF32ToUTF8NEON	symbol-v1-21e48c7b2a482c89e9d68d1be68499fedc31ab8fdabb018537e3899ab6461544	shared-kernel-v1-ac2593cdf14dd7e2ea3edf2b599523e2a6c0813770d35a77dde8f0ab52f0f0aa	cell-v1-58cf5b91cdb9aff38b0808f218084ff4a19d60d66157d0fd7d042f47da418c9b		KB-v1-FC-v1-utf32-source-neon-01	batch-v1-fe3986e46da83bcaa1616b993639b448b0e0e8131e003d09690b8f8f0a6910d1	EB-v1-KB-v1-FC-v1-utf32-source-neon-01-01	batch-v1-23dd0c142a034245fe7e103ec6c50c75c081176db707c5beb4e9b7bd9eb0cabf
v1	rk-v1-caddd22ebf7665dd09000fb5d83f0ac20f2bd0d16d85ff43614c62a2ab11f990	76	88	FC-v1-utf32-source	westmere	cell-v1-ddb2f44adc8c488c7085d536a685453bc9aa3804c23c8c8a749f3a3a50e3a01f	op-v1-ab0bc72785d23b8753a399b8c46dce11e242254d665fb6c0e7d355fc76f47d7a	17	eligible		611becc2a08c27a4edc77d9a45ff74c97130129b:include/simdutf/implementation.h:3114;611becc2a08c27a4edc77d9a45ff74c97130129b:src/westmere/sse_convert_utf32_to_utf8.cpp:1-1	convertUTF32ToUTF8WithErrorsWestmere	symbol-v1-8300fdf6b0bbf72795eedeb404efbca8c598a64f404c08681b2437fb5d6572fb	shared-kernel-v1-6f625ed616c74f926e5292a244b2b8a9af8eb3db6d21a0be253c1c96ba362f4f	cell-v1-ddb2f44adc8c488c7085d536a685453bc9aa3804c23c8c8a749f3a3a50e3a01f		KB-v1-FC-v1-utf32-source-westmere-01	batch-v1-36f4510b189ab73862739ef8607580dfc0e8cc60cdfd5726d9d7323ea4ca7587	EB-v1-KB-v1-FC-v1-utf32-source-westmere-01-01	batch-v1-4706177e1f32d14d17b9aa206b6bc381f387ad97fc9d4430af90a5490947958d
v1	rk-v1-caddd22ebf7665dd09000fb5d83f0ac20f2bd0d16d85ff43614c62a2ab11f990	76	88	FC-v1-utf32-source	haswell	cell-v1-560336e6de656fd69f9c26e7c180a3962b6833f7373d57ec9a1a0f42674b9f93	op-v1-ab0bc72785d23b8753a399b8c46dce11e242254d665fb6c0e7d355fc76f47d7a	17	eligible		611becc2a08c27a4edc77d9a45ff74c97130129b:include/simdutf/implementation.h:3114;611becc2a08c27a4edc77d9a45ff74c97130129b:src/haswell/avx2_convert_utf32_to_utf8.cpp:1-1	convertUTF32ToUTF8WithErrorsHaswell	symbol-v1-5caad396c8edc638c0df6805f13b682aedb7789099d0d62bab4df569258146e9	shared-kernel-v1-2bfb937cfbcd455db9de707082cb4d448a6455d9831f3bc3c0f70a79fa592432	cell-v1-560336e6de656fd69f9c26e7c180a3962b6833f7373d57ec9a1a0f42674b9f93		KB-v1-FC-v1-utf32-source-haswell-01	batch-v1-92fc6c3c74d6f6206b355c461301cd0bf56c7379f1063eeaefe8afb19c4286a6	EB-v1-KB-v1-FC-v1-utf32-source-haswell-01-01	batch-v1-3c9b9356a595548272b17ed48644aa4ab228e06b97b7b365df272026bfcd08d0
v1	rk-v1-caddd22ebf7665dd09000fb5d83f0ac20f2bd0d16d85ff43614c62a2ab11f990	76	88	FC-v1-utf32-source	archsimd	cell-v1-43f4a7b0894c4e7c55df1be722b27ece1ad817170a63c652161e6c76bb47c02c	op-v1-ab0bc72785d23b8753a399b8c46dce11e242254d665fb6c0e7d355fc76f47d7a	17	eligible		simd/archsimd Go 1.26.5:FC-v1-utf32-source audit row; required primitives: u32 range/surrogate checks, narrow/pack, UTF-8 shuffle/table packing, UTF-16 surrogate expansion/endian stores; available: archsimd/ops_amd64.go:Load,Store,Shuffle,And,Or,Xor; archsimd/compare_gen_amd64.go:Equal,LessThan; archsimd/maskmerge_gen_amd64.go:Mask	convertUTF32ToUTF8WithErrorsArchsimd	symbol-v1-8e467dbdc0a3ba8ad7611d7b68574645f28dac6a362331e96506f977fa7e0a47	shared-kernel-v1-0916426e610272f8df9beb7f930a0d47bf62798dc5066945b1a67f05725e3627	cell-v1-43f4a7b0894c4e7c55df1be722b27ece1ad817170a63c652161e6c76bb47c02c		KB-v1-FC-v1-utf32-source-archsimd-01	batch-v1-2734a64ea62e333b94aa9805657a5b4043895f608ffe78a81628bf384afdeade	EB-v1-KB-v1-FC-v1-utf32-source-archsimd-01-01	batch-v1-e89a1cf39cfc92f74627eb6395cb90dcf945886e6ea597f3b4d13d071a140b3a
v1	rk-v1-caddd22ebf7665dd09000fb5d83f0ac20f2bd0d16d85ff43614c62a2ab11f990	76	88	FC-v1-utf32-source	neon	cell-v1-b3e256f48f302c0d1dfbcbbebe756c214158cd3d6d21f693e11b897293567ba1	op-v1-ab0bc72785d23b8753a399b8c46dce11e242254d665fb6c0e7d355fc76f47d7a	17	eligible		611becc2a08c27a4edc77d9a45ff74c97130129b:include/simdutf/implementation.h:3114;611becc2a08c27a4edc77d9a45ff74c97130129b:src/arm64/arm_convert_utf32_to_utf8.cpp:1-1	convertUTF32ToUTF8WithErrorsNEON	symbol-v1-4a33f2205596a1f9e6fdcbd6b46a9afa70272347e22510df1eb8ad6322d47048	shared-kernel-v1-32f3dbd6a6680c29d0d81b909e783fae16ddc287304c7f1f178b4779906e2476	cell-v1-b3e256f48f302c0d1dfbcbbebe756c214158cd3d6d21f693e11b897293567ba1		KB-v1-FC-v1-utf32-source-neon-01	batch-v1-fe3986e46da83bcaa1616b993639b448b0e0e8131e003d09690b8f8f0a6910d1	EB-v1-KB-v1-FC-v1-utf32-source-neon-01-01	batch-v1-23dd0c142a034245fe7e103ec6c50c75c081176db707c5beb4e9b7bd9eb0cabf
v1	rk-v1-7c198e382676fdbded53185570c22bb2f4b866d68c085fd80bf22d7ceede13cc	77	89	FC-v1-utf32-source	westmere	cell-v1-d2b410712d4a2698025fbe93eb19138dfdf1fb8c353a315c4c996c155d99ef19	op-v1-ab0bc72785d23b8753a399b8c46dce11e242254d665fb6c0e7d355fc76f47d7a	17	eligible		611becc2a08c27a4edc77d9a45ff74c97130129b:include/simdutf/implementation.h:3148;611becc2a08c27a4edc77d9a45ff74c97130129b:src/westmere/sse_convert_utf32_to_utf8.cpp:1-1	convertValidUTF32ToUTF8Westmere	symbol-v1-ea3a6e338b0439519fbed82aa1b28e12882752d0eaff9ce612b70f6c9e511c94	shared-kernel-v1-7747ce00fabb11a1610af3a6a4e7d7968076211bd59b9d58199dffa10b4eea4a	cell-v1-747ddd70ad90b8c320cbf24362fad6279b80e0fa6602b219d967c2c74f527adf	cell-v1-747ddd70ad90b8c320cbf24362fad6279b80e0fa6602b219d967c2c74f527adf	KB-v1-FC-v1-utf32-source-westmere-01	batch-v1-36f4510b189ab73862739ef8607580dfc0e8cc60cdfd5726d9d7323ea4ca7587	EB-v1-KB-v1-FC-v1-utf32-source-westmere-01-01	batch-v1-4706177e1f32d14d17b9aa206b6bc381f387ad97fc9d4430af90a5490947958d
v1	rk-v1-7c198e382676fdbded53185570c22bb2f4b866d68c085fd80bf22d7ceede13cc	77	89	FC-v1-utf32-source	haswell	cell-v1-31b10b1d5b68a040bc7dc0a39b0b277e09b72316d46a4600b1b587722517fcc3	op-v1-ab0bc72785d23b8753a399b8c46dce11e242254d665fb6c0e7d355fc76f47d7a	17	eligible		611becc2a08c27a4edc77d9a45ff74c97130129b:include/simdutf/implementation.h:3148;611becc2a08c27a4edc77d9a45ff74c97130129b:src/haswell/avx2_convert_utf32_to_utf8.cpp:1-1	convertValidUTF32ToUTF8Haswell	symbol-v1-b0e4b29a82cb58aac1889cdc7fb48c382664aeaea0df52693fe154af6d563332	shared-kernel-v1-5276453b2d6abcc2992364b64177fefae83c5c38c96cc19a61b3a46df6755091	cell-v1-25076a767de3debdb28258403726e72c131d6b949c99b6fca397cbee01105361	cell-v1-25076a767de3debdb28258403726e72c131d6b949c99b6fca397cbee01105361	KB-v1-FC-v1-utf32-source-haswell-01	batch-v1-92fc6c3c74d6f6206b355c461301cd0bf56c7379f1063eeaefe8afb19c4286a6	EB-v1-KB-v1-FC-v1-utf32-source-haswell-01-01	batch-v1-3c9b9356a595548272b17ed48644aa4ab228e06b97b7b365df272026bfcd08d0
v1	rk-v1-7c198e382676fdbded53185570c22bb2f4b866d68c085fd80bf22d7ceede13cc	77	89	FC-v1-utf32-source	archsimd	cell-v1-f6a88837f5ba35b1b3a18a82b7bad907601b85410f6900514cf6a025b2949ce9	op-v1-ab0bc72785d23b8753a399b8c46dce11e242254d665fb6c0e7d355fc76f47d7a	17	eligible		simd/archsimd Go 1.26.5:FC-v1-utf32-source audit row; required primitives: u32 range/surrogate checks, narrow/pack, UTF-8 shuffle/table packing, UTF-16 surrogate expansion/endian stores; available: archsimd/ops_amd64.go:Load,Store,Shuffle,And,Or,Xor; archsimd/compare_gen_amd64.go:Equal,LessThan; archsimd/maskmerge_gen_amd64.go:Mask	convertValidUTF32ToUTF8Archsimd	symbol-v1-3d1ab3e95008eddfc24a39a58eca8b688b83a55f3e7bf8860391a24433d28ae3	shared-kernel-v1-658b8efd90e96f01c9e3ffe91e527e51ea60fbd17e034ce7bd8ac55bd586058f	cell-v1-d88650be1a0ea22403ccad4f88b404cf38bc0d99630591b012d491e00ee83a61	cell-v1-d88650be1a0ea22403ccad4f88b404cf38bc0d99630591b012d491e00ee83a61	KB-v1-FC-v1-utf32-source-archsimd-01	batch-v1-2734a64ea62e333b94aa9805657a5b4043895f608ffe78a81628bf384afdeade	EB-v1-KB-v1-FC-v1-utf32-source-archsimd-01-01	batch-v1-e89a1cf39cfc92f74627eb6395cb90dcf945886e6ea597f3b4d13d071a140b3a
v1	rk-v1-7c198e382676fdbded53185570c22bb2f4b866d68c085fd80bf22d7ceede13cc	77	89	FC-v1-utf32-source	neon	cell-v1-e93793f5f6b3682dde9f019894252c62f9e6d80ac0e625486f62a7be7358f7ff	op-v1-ab0bc72785d23b8753a399b8c46dce11e242254d665fb6c0e7d355fc76f47d7a	17	eligible		611becc2a08c27a4edc77d9a45ff74c97130129b:include/simdutf/implementation.h:3148;611becc2a08c27a4edc77d9a45ff74c97130129b:src/arm64/arm_convert_utf32_to_utf8.cpp:1-1	convertValidUTF32ToUTF8NEON	symbol-v1-ec58ce9cf910e483fde36fc315dc982b1f6d04b1153be641e7167766f0c6bdf6	shared-kernel-v1-ac2593cdf14dd7e2ea3edf2b599523e2a6c0813770d35a77dde8f0ab52f0f0aa	cell-v1-58cf5b91cdb9aff38b0808f218084ff4a19d60d66157d0fd7d042f47da418c9b	cell-v1-58cf5b91cdb9aff38b0808f218084ff4a19d60d66157d0fd7d042f47da418c9b	KB-v1-FC-v1-utf32-source-neon-01	batch-v1-fe3986e46da83bcaa1616b993639b448b0e0e8131e003d09690b8f8f0a6910d1	EB-v1-KB-v1-FC-v1-utf32-source-neon-01-01	batch-v1-23dd0c142a034245fe7e103ec6c50c75c081176db707c5beb4e9b7bd9eb0cabf
v1	rk-v1-fb072b6418872e6605a951ce5cd05285a83eee3f43d69c726173e546dab6c52b	78	98	FC-v1-utf32-source	westmere	cell-v1-f9f1f270545b83da8c807b3f45155e8ddba5982f7075eceee7d6681d1b9bf82a	op-v1-ea2475b4ee7714eee51951faef2b0c9e3bd230f1ed9c34abab54f52ccdedd4d7	18	not_applicable	native_wrapper_delegates_explicit_endian	611becc2a08c27a4edc77d9a45ff74c97130129b:include/simdutf/implementation.h:3185									
v1	rk-v1-fb072b6418872e6605a951ce5cd05285a83eee3f43d69c726173e546dab6c52b	78	98	FC-v1-utf32-source	haswell	cell-v1-a48f862736e8a48fc65997010bef7ec921e33c1ee8cae5f745b92856e5ebbf48	op-v1-ea2475b4ee7714eee51951faef2b0c9e3bd230f1ed9c34abab54f52ccdedd4d7	18	not_applicable	native_wrapper_delegates_explicit_endian	611becc2a08c27a4edc77d9a45ff74c97130129b:include/simdutf/implementation.h:3185									
v1	rk-v1-fb072b6418872e6605a951ce5cd05285a83eee3f43d69c726173e546dab6c52b	78	98	FC-v1-utf32-source	archsimd	cell-v1-7319c086362bf009fef2557cf886297bdd7499965afd5987da5b4daa02dd6d74	op-v1-ea2475b4ee7714eee51951faef2b0c9e3bd230f1ed9c34abab54f52ccdedd4d7	18	not_applicable	native_wrapper_delegates_explicit_endian	611becc2a08c27a4edc77d9a45ff74c97130129b:include/simdutf/implementation.h:3185									
v1	rk-v1-fb072b6418872e6605a951ce5cd05285a83eee3f43d69c726173e546dab6c52b	78	98	FC-v1-utf32-source	neon	cell-v1-d5b049d04c4ca4fc8fa44c26492fa389939388649cb81471b85b959cb5e6c062	op-v1-ea2475b4ee7714eee51951faef2b0c9e3bd230f1ed9c34abab54f52ccdedd4d7	18	not_applicable	native_wrapper_delegates_explicit_endian	611becc2a08c27a4edc77d9a45ff74c97130129b:include/simdutf/implementation.h:3185									
v1	rk-v1-000c2aea1ba680a0cfb3c91a095e7e32e7b1368723c829cec078a9543b6e1361	79	90	FC-v1-utf32-source	westmere	cell-v1-6d6e25b066181332a31323a861bf11e45a2ad607491b538d212c2471668012c6	op-v1-ea2475b4ee7714eee51951faef2b0c9e3bd230f1ed9c34abab54f52ccdedd4d7	18	eligible		611becc2a08c27a4edc77d9a45ff74c97130129b:include/simdutf/implementation.h:3217;611becc2a08c27a4edc77d9a45ff74c97130129b:src/westmere/sse_convert_utf32_to_utf16.cpp:1-1	convertUTF32ToUTF16LEWestmere	symbol-v1-163d9679654f2c70398a798a2eb25737884e7d0a25e4880c91b2ad4e2bb0adc7	shared-kernel-v1-993e3535b814262e50de1792dbb7740bd6a1c33088c245743bf3236707d79360	cell-v1-6d6e25b066181332a31323a861bf11e45a2ad607491b538d212c2471668012c6		KB-v1-FC-v1-utf32-source-westmere-01	batch-v1-36f4510b189ab73862739ef8607580dfc0e8cc60cdfd5726d9d7323ea4ca7587	EB-v1-KB-v1-FC-v1-utf32-source-westmere-01-01	batch-v1-4706177e1f32d14d17b9aa206b6bc381f387ad97fc9d4430af90a5490947958d
v1	rk-v1-000c2aea1ba680a0cfb3c91a095e7e32e7b1368723c829cec078a9543b6e1361	79	90	FC-v1-utf32-source	haswell	cell-v1-55ee78d0a650620d71aa1f11e290f00b39120ce6ba802bb89063be86d0a232b2	op-v1-ea2475b4ee7714eee51951faef2b0c9e3bd230f1ed9c34abab54f52ccdedd4d7	18	eligible		611becc2a08c27a4edc77d9a45ff74c97130129b:include/simdutf/implementation.h:3217;611becc2a08c27a4edc77d9a45ff74c97130129b:src/haswell/avx2_convert_utf32_to_utf16.cpp:1-1	convertUTF32ToUTF16LEHaswell	symbol-v1-b792d830eaf4c1f87d7a1f0c21267b72a581559fbebbbe3a32b5e5616db04fa3	shared-kernel-v1-3738004ac189f0f6c3e32570e6ad97621fb81cbc3e26075008646998a3faef84	cell-v1-55ee78d0a650620d71aa1f11e290f00b39120ce6ba802bb89063be86d0a232b2		KB-v1-FC-v1-utf32-source-haswell-01	batch-v1-92fc6c3c74d6f6206b355c461301cd0bf56c7379f1063eeaefe8afb19c4286a6	EB-v1-KB-v1-FC-v1-utf32-source-haswell-01-01	batch-v1-3c9b9356a595548272b17ed48644aa4ab228e06b97b7b365df272026bfcd08d0
v1	rk-v1-000c2aea1ba680a0cfb3c91a095e7e32e7b1368723c829cec078a9543b6e1361	79	90	FC-v1-utf32-source	archsimd	cell-v1-91a184979e78920f7959db8ba2a4c17a1efd83abfe3a0e8b29c91b76bb940d80	op-v1-ea2475b4ee7714eee51951faef2b0c9e3bd230f1ed9c34abab54f52ccdedd4d7	18	eligible		simd/archsimd Go 1.26.5:FC-v1-utf32-source audit row; required primitives: u32 range/surrogate checks, narrow/pack, UTF-8 shuffle/table packing, UTF-16 surrogate expansion/endian stores; available: archsimd/ops_amd64.go:Load,Store,Shuffle,And,Or,Xor; archsimd/compare_gen_amd64.go:Equal,LessThan; archsimd/maskmerge_gen_amd64.go:Mask	convertUTF32ToUTF16LEArchsimd	symbol-v1-8fae6feeaa51e157863027414d08aee467202eac6861e8ade08545342792cb78	shared-kernel-v1-41a4d5ff2fc3a15e79b5bd892429dc616a4d9ebb6e0389affb25bc6021d61536	cell-v1-91a184979e78920f7959db8ba2a4c17a1efd83abfe3a0e8b29c91b76bb940d80		KB-v1-FC-v1-utf32-source-archsimd-01	batch-v1-2734a64ea62e333b94aa9805657a5b4043895f608ffe78a81628bf384afdeade	EB-v1-KB-v1-FC-v1-utf32-source-archsimd-01-01	batch-v1-e89a1cf39cfc92f74627eb6395cb90dcf945886e6ea597f3b4d13d071a140b3a
v1	rk-v1-000c2aea1ba680a0cfb3c91a095e7e32e7b1368723c829cec078a9543b6e1361	79	90	FC-v1-utf32-source	neon	cell-v1-32b6ca97f5738848b14b1f79500183643a6f45e4dac742dc318df91f07db0a7f	op-v1-ea2475b4ee7714eee51951faef2b0c9e3bd230f1ed9c34abab54f52ccdedd4d7	18	eligible		611becc2a08c27a4edc77d9a45ff74c97130129b:include/simdutf/implementation.h:3217;611becc2a08c27a4edc77d9a45ff74c97130129b:src/arm64/arm_convert_utf32_to_utf16.cpp:1-1	convertUTF32ToUTF16LENEON	symbol-v1-75cceab782f9845787f83f6caae29b3f8fe3470016860ea5c80f69798b5f2583	shared-kernel-v1-79969e63af2805f55e4f1e8d1d52cc292bc18117eb370f21d09d9887d3cc0cf6	cell-v1-32b6ca97f5738848b14b1f79500183643a6f45e4dac742dc318df91f07db0a7f		KB-v1-FC-v1-utf32-source-neon-01	batch-v1-fe3986e46da83bcaa1616b993639b448b0e0e8131e003d09690b8f8f0a6910d1	EB-v1-KB-v1-FC-v1-utf32-source-neon-01-01	batch-v1-23dd0c142a034245fe7e103ec6c50c75c081176db707c5beb4e9b7bd9eb0cabf
v1	rk-v1-0cae80a4d57b946ee1b2c440ed3086efb6c878c3376d693ddb4ba1c79d1ec92d	80	84	FC-v1-utf32-source	westmere	cell-v1-19588ff085a81ebdf41295b0d5a124539fb0f4505a99a82b49d1b0c43735d86f	op-v1-1e18b5d883af6824d11bf9595275b60b5dadfa3aceb16261ccf26a7f62f04ed9	16	eligible		611becc2a08c27a4edc77d9a45ff74c97130129b:include/simdutf/implementation.h:3252;611becc2a08c27a4edc77d9a45ff74c97130129b:src/westmere/sse_convert_utf32_to_latin1.cpp:1-1	convertUTF32ToLatin1Westmere	symbol-v1-79be2511ad9713264dbb01f71e1db6c677cb060bfe9c6c5fa067753094a2bb46	shared-kernel-v1-1a7f448b04c90c2634324148d692f583799fdf6cd455538e1c90b5bf4258cfcb	cell-v1-19588ff085a81ebdf41295b0d5a124539fb0f4505a99a82b49d1b0c43735d86f		KB-v1-FC-v1-utf32-source-westmere-01	batch-v1-36f4510b189ab73862739ef8607580dfc0e8cc60cdfd5726d9d7323ea4ca7587	EB-v1-KB-v1-FC-v1-utf32-source-westmere-01-01	batch-v1-4706177e1f32d14d17b9aa206b6bc381f387ad97fc9d4430af90a5490947958d
v1	rk-v1-0cae80a4d57b946ee1b2c440ed3086efb6c878c3376d693ddb4ba1c79d1ec92d	80	84	FC-v1-utf32-source	haswell	cell-v1-830eb9fe5729985abcdbaef54d2c29cb58e5fb93ee6d6593fd31a13bb2cb800f	op-v1-1e18b5d883af6824d11bf9595275b60b5dadfa3aceb16261ccf26a7f62f04ed9	16	eligible		611becc2a08c27a4edc77d9a45ff74c97130129b:include/simdutf/implementation.h:3252;611becc2a08c27a4edc77d9a45ff74c97130129b:src/haswell/avx2_convert_utf32_to_latin1.cpp:1-1	convertUTF32ToLatin1Haswell	symbol-v1-b9540f105d521a907ddbd2f1a47ae2b4b7b58297f9a8481f11d0951a3233a0f1	shared-kernel-v1-664c66bfd22454ad72f4ebeb9ca70ac3fa4e32e0a5f73f5f0e06f63e59c21f39	cell-v1-830eb9fe5729985abcdbaef54d2c29cb58e5fb93ee6d6593fd31a13bb2cb800f		KB-v1-FC-v1-utf32-source-haswell-01	batch-v1-92fc6c3c74d6f6206b355c461301cd0bf56c7379f1063eeaefe8afb19c4286a6	EB-v1-KB-v1-FC-v1-utf32-source-haswell-01-01	batch-v1-3c9b9356a595548272b17ed48644aa4ab228e06b97b7b365df272026bfcd08d0
v1	rk-v1-0cae80a4d57b946ee1b2c440ed3086efb6c878c3376d693ddb4ba1c79d1ec92d	80	84	FC-v1-utf32-source	archsimd	cell-v1-8fea805f4007e03c1fb5a87e468f0ecfd96c86ad6e8e05d174b52528082dbb50	op-v1-1e18b5d883af6824d11bf9595275b60b5dadfa3aceb16261ccf26a7f62f04ed9	16	eligible		simd/archsimd Go 1.26.5:FC-v1-utf32-source audit row; required primitives: u32 range/surrogate checks, narrow/pack, UTF-8 shuffle/table packing, UTF-16 surrogate expansion/endian stores; available: archsimd/ops_amd64.go:Load,Store,Shuffle,And,Or,Xor; archsimd/compare_gen_amd64.go:Equal,LessThan; archsimd/maskmerge_gen_amd64.go:Mask	convertUTF32ToLatin1Archsimd	symbol-v1-222f710b549128af6cbd3562b1f37d7419d23a1591650f2a7761112039b5212c	shared-kernel-v1-54d637f37d64ff5235921eea32204e18028ea8c8d4c09c2e7cc1f902f4920c06	cell-v1-8fea805f4007e03c1fb5a87e468f0ecfd96c86ad6e8e05d174b52528082dbb50		KB-v1-FC-v1-utf32-source-archsimd-01	batch-v1-2734a64ea62e333b94aa9805657a5b4043895f608ffe78a81628bf384afdeade	EB-v1-KB-v1-FC-v1-utf32-source-archsimd-01-01	batch-v1-e89a1cf39cfc92f74627eb6395cb90dcf945886e6ea597f3b4d13d071a140b3a
v1	rk-v1-0cae80a4d57b946ee1b2c440ed3086efb6c878c3376d693ddb4ba1c79d1ec92d	80	84	FC-v1-utf32-source	neon	cell-v1-689aed6a39bdd36fc3699ed07ce5dabe80c2138b11c577b2e17d72b764c2c644	op-v1-1e18b5d883af6824d11bf9595275b60b5dadfa3aceb16261ccf26a7f62f04ed9	16	eligible		611becc2a08c27a4edc77d9a45ff74c97130129b:include/simdutf/implementation.h:3252;611becc2a08c27a4edc77d9a45ff74c97130129b:src/arm64/arm_convert_utf32_to_latin1.cpp:1-1	convertUTF32ToLatin1NEON	symbol-v1-6ea7e0315a347e221f0e4fca1023003f9d93da3dc1acbf2bcbd3395a3b6e766f	shared-kernel-v1-278ec82296fbccb5999378d1a21fdf33a65a84ac144c2307d87924b9010cf356	cell-v1-689aed6a39bdd36fc3699ed07ce5dabe80c2138b11c577b2e17d72b764c2c644		KB-v1-FC-v1-utf32-source-neon-01	batch-v1-fe3986e46da83bcaa1616b993639b448b0e0e8131e003d09690b8f8f0a6910d1	EB-v1-KB-v1-FC-v1-utf32-source-neon-01-01	batch-v1-23dd0c142a034245fe7e103ec6c50c75c081176db707c5beb4e9b7bd9eb0cabf
v1	rk-v1-8d0c2a18d4cfe264820c184ed7a7ae7549a0e34da315f7f523603494ab092686	81	85	FC-v1-utf32-source	westmere	cell-v1-515b699d77267fd7f059c51c2dfad67c4479f9cd198348fc6d2ff95ab9daab3a	op-v1-1e18b5d883af6824d11bf9595275b60b5dadfa3aceb16261ccf26a7f62f04ed9	16	eligible		611becc2a08c27a4edc77d9a45ff74c97130129b:include/simdutf/implementation.h:3290;611becc2a08c27a4edc77d9a45ff74c97130129b:src/westmere/sse_convert_utf32_to_latin1.cpp:1-1	convertUTF32ToLatin1WithErrorsWestmere	symbol-v1-2cbd8b0ca81d2114132d7281e5025fc90f0cf3d91567c6b84bb09070eeaac9ed	shared-kernel-v1-841edb7f3732e57703cdd3025d0e94ea2293179130d6a1356a5395c7acf6fae4	cell-v1-515b699d77267fd7f059c51c2dfad67c4479f9cd198348fc6d2ff95ab9daab3a		KB-v1-FC-v1-utf32-source-westmere-01	batch-v1-36f4510b189ab73862739ef8607580dfc0e8cc60cdfd5726d9d7323ea4ca7587	EB-v1-KB-v1-FC-v1-utf32-source-westmere-01-01	batch-v1-4706177e1f32d14d17b9aa206b6bc381f387ad97fc9d4430af90a5490947958d
v1	rk-v1-8d0c2a18d4cfe264820c184ed7a7ae7549a0e34da315f7f523603494ab092686	81	85	FC-v1-utf32-source	haswell	cell-v1-c4fbf878d36be0f16fd3f71075f7e86a19304534ef9c97ba48f3fffbee644162	op-v1-1e18b5d883af6824d11bf9595275b60b5dadfa3aceb16261ccf26a7f62f04ed9	16	eligible		611becc2a08c27a4edc77d9a45ff74c97130129b:include/simdutf/implementation.h:3290;611becc2a08c27a4edc77d9a45ff74c97130129b:src/haswell/avx2_convert_utf32_to_latin1.cpp:1-1	convertUTF32ToLatin1WithErrorsHaswell	symbol-v1-e364f4a86d0bbab511dd085af241143bf49e3a2f537bab90178a63de821f205c	shared-kernel-v1-f168493b6cc0343b3ba78e470794acf312f3728c494503219e3863118911f465	cell-v1-c4fbf878d36be0f16fd3f71075f7e86a19304534ef9c97ba48f3fffbee644162		KB-v1-FC-v1-utf32-source-haswell-01	batch-v1-92fc6c3c74d6f6206b355c461301cd0bf56c7379f1063eeaefe8afb19c4286a6	EB-v1-KB-v1-FC-v1-utf32-source-haswell-01-01	batch-v1-3c9b9356a595548272b17ed48644aa4ab228e06b97b7b365df272026bfcd08d0
v1	rk-v1-8d0c2a18d4cfe264820c184ed7a7ae7549a0e34da315f7f523603494ab092686	81	85	FC-v1-utf32-source	archsimd	cell-v1-e530cf10d45f4c59618da8dfaab19c3de9943b1288ef78f7ae3286b174cea42e	op-v1-1e18b5d883af6824d11bf9595275b60b5dadfa3aceb16261ccf26a7f62f04ed9	16	eligible		simd/archsimd Go 1.26.5:FC-v1-utf32-source audit row; required primitives: u32 range/surrogate checks, narrow/pack, UTF-8 shuffle/table packing, UTF-16 surrogate expansion/endian stores; available: archsimd/ops_amd64.go:Load,Store,Shuffle,And,Or,Xor; archsimd/compare_gen_amd64.go:Equal,LessThan; archsimd/maskmerge_gen_amd64.go:Mask	convertUTF32ToLatin1WithErrorsArchsimd	symbol-v1-02f403c9edfed553f5ff7db9c22bbc64e5bbe3d988d445ddaec9eb78dedf519c	shared-kernel-v1-b171faa9c3e27efcc6683eb29ae62c82617994b8642984293f81bbc9c485fd16	cell-v1-e530cf10d45f4c59618da8dfaab19c3de9943b1288ef78f7ae3286b174cea42e		KB-v1-FC-v1-utf32-source-archsimd-01	batch-v1-2734a64ea62e333b94aa9805657a5b4043895f608ffe78a81628bf384afdeade	EB-v1-KB-v1-FC-v1-utf32-source-archsimd-01-01	batch-v1-e89a1cf39cfc92f74627eb6395cb90dcf945886e6ea597f3b4d13d071a140b3a
v1	rk-v1-8d0c2a18d4cfe264820c184ed7a7ae7549a0e34da315f7f523603494ab092686	81	85	FC-v1-utf32-source	neon	cell-v1-c31b6d05ef37e42f560fa166eef33a45466d326166bdfe654ca9ce6e976a39c5	op-v1-1e18b5d883af6824d11bf9595275b60b5dadfa3aceb16261ccf26a7f62f04ed9	16	eligible		611becc2a08c27a4edc77d9a45ff74c97130129b:include/simdutf/implementation.h:3290;611becc2a08c27a4edc77d9a45ff74c97130129b:src/arm64/arm_convert_utf32_to_latin1.cpp:1-1	convertUTF32ToLatin1WithErrorsNEON	symbol-v1-1e6b68d94a065f893145ce27961239ee32aee0466eb2aebe372bf50b66199b54	shared-kernel-v1-75aa41c1752453e6ddc8ed224d90191864fb7548e1989c4303611d8e364b5f51	cell-v1-c31b6d05ef37e42f560fa166eef33a45466d326166bdfe654ca9ce6e976a39c5		KB-v1-FC-v1-utf32-source-neon-01	batch-v1-fe3986e46da83bcaa1616b993639b448b0e0e8131e003d09690b8f8f0a6910d1	EB-v1-KB-v1-FC-v1-utf32-source-neon-01-01	batch-v1-23dd0c142a034245fe7e103ec6c50c75c081176db707c5beb4e9b7bd9eb0cabf
v1	rk-v1-9ee37182125db139b8a0854ce2c8bb674ef2ac0a18d27352b1cca4f34a17c1a3	82	86	FC-v1-utf32-source	westmere	cell-v1-21326a6a3419a1a40e3a46d35ed3b27c3f0b9c738c37290dc6d3b11ef6fefd74	op-v1-1e18b5d883af6824d11bf9595275b60b5dadfa3aceb16261ccf26a7f62f04ed9	16	eligible		611becc2a08c27a4edc77d9a45ff74c97130129b:include/simdutf/implementation.h:3331;611becc2a08c27a4edc77d9a45ff74c97130129b:src/westmere/sse_convert_utf32_to_latin1.cpp:1-1	convertValidUTF32ToLatin1Westmere	symbol-v1-1af213db9248e525ed4ca0cb74e01507a2894f637ee3f6c6e27a965690d42fdd	shared-kernel-v1-1a7f448b04c90c2634324148d692f583799fdf6cd455538e1c90b5bf4258cfcb	cell-v1-19588ff085a81ebdf41295b0d5a124539fb0f4505a99a82b49d1b0c43735d86f	cell-v1-19588ff085a81ebdf41295b0d5a124539fb0f4505a99a82b49d1b0c43735d86f	KB-v1-FC-v1-utf32-source-westmere-01	batch-v1-36f4510b189ab73862739ef8607580dfc0e8cc60cdfd5726d9d7323ea4ca7587	EB-v1-KB-v1-FC-v1-utf32-source-westmere-01-01	batch-v1-4706177e1f32d14d17b9aa206b6bc381f387ad97fc9d4430af90a5490947958d
v1	rk-v1-9ee37182125db139b8a0854ce2c8bb674ef2ac0a18d27352b1cca4f34a17c1a3	82	86	FC-v1-utf32-source	haswell	cell-v1-4472e4d0da3ad8726843637bd40decb877a929e00d38ebc2e007bc42acabf1f7	op-v1-1e18b5d883af6824d11bf9595275b60b5dadfa3aceb16261ccf26a7f62f04ed9	16	eligible		611becc2a08c27a4edc77d9a45ff74c97130129b:include/simdutf/implementation.h:3331;611becc2a08c27a4edc77d9a45ff74c97130129b:src/haswell/avx2_convert_utf32_to_latin1.cpp:1-1	convertValidUTF32ToLatin1Haswell	symbol-v1-cdd65629f3942c410986fcfd0d8c492f1185f1f8032d49d6cd98c9e1e297ee80	shared-kernel-v1-664c66bfd22454ad72f4ebeb9ca70ac3fa4e32e0a5f73f5f0e06f63e59c21f39	cell-v1-830eb9fe5729985abcdbaef54d2c29cb58e5fb93ee6d6593fd31a13bb2cb800f	cell-v1-830eb9fe5729985abcdbaef54d2c29cb58e5fb93ee6d6593fd31a13bb2cb800f	KB-v1-FC-v1-utf32-source-haswell-01	batch-v1-92fc6c3c74d6f6206b355c461301cd0bf56c7379f1063eeaefe8afb19c4286a6	EB-v1-KB-v1-FC-v1-utf32-source-haswell-01-01	batch-v1-3c9b9356a595548272b17ed48644aa4ab228e06b97b7b365df272026bfcd08d0
v1	rk-v1-9ee37182125db139b8a0854ce2c8bb674ef2ac0a18d27352b1cca4f34a17c1a3	82	86	FC-v1-utf32-source	archsimd	cell-v1-95e9ffbce588688f9552a3ea6335ee35bac32e39614cba26110d15566cbeba33	op-v1-1e18b5d883af6824d11bf9595275b60b5dadfa3aceb16261ccf26a7f62f04ed9	16	eligible		simd/archsimd Go 1.26.5:FC-v1-utf32-source audit row; required primitives: u32 range/surrogate checks, narrow/pack, UTF-8 shuffle/table packing, UTF-16 surrogate expansion/endian stores; available: archsimd/ops_amd64.go:Load,Store,Shuffle,And,Or,Xor; archsimd/compare_gen_amd64.go:Equal,LessThan; archsimd/maskmerge_gen_amd64.go:Mask	convertValidUTF32ToLatin1Archsimd	symbol-v1-088886197513a549dfc0728ad4a289de69f117570d9dadfb4c871bd0a1440b1e	shared-kernel-v1-54d637f37d64ff5235921eea32204e18028ea8c8d4c09c2e7cc1f902f4920c06	cell-v1-8fea805f4007e03c1fb5a87e468f0ecfd96c86ad6e8e05d174b52528082dbb50	cell-v1-8fea805f4007e03c1fb5a87e468f0ecfd96c86ad6e8e05d174b52528082dbb50	KB-v1-FC-v1-utf32-source-archsimd-01	batch-v1-2734a64ea62e333b94aa9805657a5b4043895f608ffe78a81628bf384afdeade	EB-v1-KB-v1-FC-v1-utf32-source-archsimd-01-01	batch-v1-e89a1cf39cfc92f74627eb6395cb90dcf945886e6ea597f3b4d13d071a140b3a
v1	rk-v1-9ee37182125db139b8a0854ce2c8bb674ef2ac0a18d27352b1cca4f34a17c1a3	82	86	FC-v1-utf32-source	neon	cell-v1-07e13c2d607826cb0ca65b7daa8f9a70a0d63c4f5a665d82310d4d5667ca0110	op-v1-1e18b5d883af6824d11bf9595275b60b5dadfa3aceb16261ccf26a7f62f04ed9	16	eligible		611becc2a08c27a4edc77d9a45ff74c97130129b:include/simdutf/implementation.h:3331;611becc2a08c27a4edc77d9a45ff74c97130129b:src/arm64/arm_convert_utf32_to_latin1.cpp:1-1	convertValidUTF32ToLatin1NEON	symbol-v1-423810381ff3088b0b89a927cfed44b04bae1f50f0f200bcc82350916d512081	shared-kernel-v1-278ec82296fbccb5999378d1a21fdf33a65a84ac144c2307d87924b9010cf356	cell-v1-689aed6a39bdd36fc3699ed07ce5dabe80c2138b11c577b2e17d72b764c2c644	cell-v1-689aed6a39bdd36fc3699ed07ce5dabe80c2138b11c577b2e17d72b764c2c644	KB-v1-FC-v1-utf32-source-neon-01	batch-v1-fe3986e46da83bcaa1616b993639b448b0e0e8131e003d09690b8f8f0a6910d1	EB-v1-KB-v1-FC-v1-utf32-source-neon-01-01	batch-v1-23dd0c142a034245fe7e103ec6c50c75c081176db707c5beb4e9b7bd9eb0cabf
v1	rk-v1-aa89e4df7b4cbea2e370887908bb0636c21f5e7a6e391b96bea23e86a23facae	83	83	FC-v1-utf32-source	westmere	cell-v1-f4ea9183dfb245cc39c5a528748e18b884d7dcf781cd50667642a9df4932aac6	op-v1-08ef1c74fc3cdcc45b638098fee27cb68ff090461b18749bb26e5be75bdaa83b	scalar	not_applicable	primitive_gap	611becc2a08c27a4edc77d9a45ff74c97130129b:include/simdutf/implementation.h:3367									
v1	rk-v1-aa89e4df7b4cbea2e370887908bb0636c21f5e7a6e391b96bea23e86a23facae	83	83	FC-v1-utf32-source	haswell	cell-v1-74de4e14deb7a228ad01dff7b0794e98059a124ccbb84aa65aa9c509f28025c4	op-v1-08ef1c74fc3cdcc45b638098fee27cb68ff090461b18749bb26e5be75bdaa83b	scalar	not_applicable	primitive_gap	611becc2a08c27a4edc77d9a45ff74c97130129b:include/simdutf/implementation.h:3367									
v1	rk-v1-aa89e4df7b4cbea2e370887908bb0636c21f5e7a6e391b96bea23e86a23facae	83	83	FC-v1-utf32-source	archsimd	cell-v1-894cd2238906a687763cf60d1b452ba61da42aea4fffbaf66fab6f1ff8e1929a	op-v1-08ef1c74fc3cdcc45b638098fee27cb68ff090461b18749bb26e5be75bdaa83b	scalar	not_applicable	primitive_gap	611becc2a08c27a4edc77d9a45ff74c97130129b:include/simdutf/implementation.h:3367									
v1	rk-v1-aa89e4df7b4cbea2e370887908bb0636c21f5e7a6e391b96bea23e86a23facae	83	83	FC-v1-utf32-source	neon	cell-v1-0ea99649dcdba9df310226db1daa0a2dd53303025bcdd3187e2d02f3c60dd413	op-v1-08ef1c74fc3cdcc45b638098fee27cb68ff090461b18749bb26e5be75bdaa83b	scalar	not_applicable	primitive_gap	611becc2a08c27a4edc77d9a45ff74c97130129b:include/simdutf/implementation.h:3367									
v1	rk-v1-9e3ee2cc9f1b1dd05444e4ac32c02eff75157433df192591930274f774c1cbb5	84	11	FC-v1-latin1-source	westmere	cell-v1-150745968c9659c0473aab1293a540d784e637c3c59b5fd8d518c0a7f9813528	op-v1-0c06fb8fbfa60736199b5c4e6264d80a128e7debb3b7b103b5adc778e3858fed	scalar	not_applicable	primitive_gap	611becc2a08c27a4edc77d9a45ff74c97130129b:include/simdutf/implementation.h:3380									
v1	rk-v1-9e3ee2cc9f1b1dd05444e4ac32c02eff75157433df192591930274f774c1cbb5	84	11	FC-v1-latin1-source	haswell	cell-v1-b97b1b05c46864a0b600eb9491dfdbaa548353998fef5b2dcaf3acca311825e0	op-v1-0c06fb8fbfa60736199b5c4e6264d80a128e7debb3b7b103b5adc778e3858fed	scalar	not_applicable	primitive_gap	611becc2a08c27a4edc77d9a45ff74c97130129b:include/simdutf/implementation.h:3380									
v1	rk-v1-9e3ee2cc9f1b1dd05444e4ac32c02eff75157433df192591930274f774c1cbb5	84	11	FC-v1-latin1-source	archsimd	cell-v1-0d7b273bb773a95e0200af20676d68e7c532b98500b1b9aeec5bcdf321ccc90b	op-v1-0c06fb8fbfa60736199b5c4e6264d80a128e7debb3b7b103b5adc778e3858fed	scalar	not_applicable	primitive_gap	611becc2a08c27a4edc77d9a45ff74c97130129b:include/simdutf/implementation.h:3380									
v1	rk-v1-9e3ee2cc9f1b1dd05444e4ac32c02eff75157433df192591930274f774c1cbb5	84	11	FC-v1-latin1-source	neon	cell-v1-351eb993a840e2b80579e393342e5d10ee4d059cd202c572a9e6bab58fa17d47	op-v1-0c06fb8fbfa60736199b5c4e6264d80a128e7debb3b7b103b5adc778e3858fed	scalar	not_applicable	primitive_gap	611becc2a08c27a4edc77d9a45ff74c97130129b:include/simdutf/implementation.h:3380									
v1	rk-v1-19280a90cf388865b846f77ea465f252c5432bb1d44fe259f594cf0bd7c96bc7	85	91	FC-v1-utf32-source	westmere	cell-v1-65e0b6bd1b4fb60725a5243106c427143f139e50c56c528032a5dfe00ffd63be	op-v1-ea2475b4ee7714eee51951faef2b0c9e3bd230f1ed9c34abab54f52ccdedd4d7	18	eligible		611becc2a08c27a4edc77d9a45ff74c97130129b:include/simdutf/implementation.h:3399;611becc2a08c27a4edc77d9a45ff74c97130129b:src/westmere/sse_convert_utf32_to_utf16.cpp:1-1	convertUTF32ToUTF16BEWestmere	symbol-v1-0d35feaebbd6e019eb53c35571065c347d9baf24ee7583e9617455cb5ce8120b	shared-kernel-v1-3f665ec1e5dc222e8f006ba60eacc848011d595d63e9eb9e0f0ebcc00921f141	cell-v1-65e0b6bd1b4fb60725a5243106c427143f139e50c56c528032a5dfe00ffd63be		KB-v1-FC-v1-utf32-source-westmere-01	batch-v1-36f4510b189ab73862739ef8607580dfc0e8cc60cdfd5726d9d7323ea4ca7587	EB-v1-KB-v1-FC-v1-utf32-source-westmere-01-01	batch-v1-4706177e1f32d14d17b9aa206b6bc381f387ad97fc9d4430af90a5490947958d
v1	rk-v1-19280a90cf388865b846f77ea465f252c5432bb1d44fe259f594cf0bd7c96bc7	85	91	FC-v1-utf32-source	haswell	cell-v1-8003e7b5d95b64da869949363a016385cb1b4d1d10ec297b9737ef2ccfb05351	op-v1-ea2475b4ee7714eee51951faef2b0c9e3bd230f1ed9c34abab54f52ccdedd4d7	18	eligible		611becc2a08c27a4edc77d9a45ff74c97130129b:include/simdutf/implementation.h:3399;611becc2a08c27a4edc77d9a45ff74c97130129b:src/haswell/avx2_convert_utf32_to_utf16.cpp:1-1	convertUTF32ToUTF16BEHaswell	symbol-v1-111b7eb40977d251e9aabbaa32ca3917ec66a28ef7b0fe6ed1b0a2264e6eae31	shared-kernel-v1-5c910404518d7143f0efa0d117ca8620abc94aa246c76de9806475164b1a6470	cell-v1-8003e7b5d95b64da869949363a016385cb1b4d1d10ec297b9737ef2ccfb05351		KB-v1-FC-v1-utf32-source-haswell-01	batch-v1-92fc6c3c74d6f6206b355c461301cd0bf56c7379f1063eeaefe8afb19c4286a6	EB-v1-KB-v1-FC-v1-utf32-source-haswell-01-01	batch-v1-3c9b9356a595548272b17ed48644aa4ab228e06b97b7b365df272026bfcd08d0
v1	rk-v1-19280a90cf388865b846f77ea465f252c5432bb1d44fe259f594cf0bd7c96bc7	85	91	FC-v1-utf32-source	archsimd	cell-v1-28d16597cba25ffe8d4e0c9c211ddb0eca9c56aa18fc3fe041ac13df969ec350	op-v1-ea2475b4ee7714eee51951faef2b0c9e3bd230f1ed9c34abab54f52ccdedd4d7	18	eligible		simd/archsimd Go 1.26.5:FC-v1-utf32-source audit row; required primitives: u32 range/surrogate checks, narrow/pack, UTF-8 shuffle/table packing, UTF-16 surrogate expansion/endian stores; available: archsimd/ops_amd64.go:Load,Store,Shuffle,And,Or,Xor; archsimd/compare_gen_amd64.go:Equal,LessThan; archsimd/maskmerge_gen_amd64.go:Mask	convertUTF32ToUTF16BEArchsimd	symbol-v1-791fbff0fdaf57b3981ce12dbc371c4cf80e3533fdb93b15cf33f6bd064358c0	shared-kernel-v1-bcb74ade6e6d8988e5ce49b45eef3f0d06f0a860ca54e4e46d49b5371d23c174	cell-v1-28d16597cba25ffe8d4e0c9c211ddb0eca9c56aa18fc3fe041ac13df969ec350		KB-v1-FC-v1-utf32-source-archsimd-01	batch-v1-2734a64ea62e333b94aa9805657a5b4043895f608ffe78a81628bf384afdeade	EB-v1-KB-v1-FC-v1-utf32-source-archsimd-01-01	batch-v1-e89a1cf39cfc92f74627eb6395cb90dcf945886e6ea597f3b4d13d071a140b3a
v1	rk-v1-19280a90cf388865b846f77ea465f252c5432bb1d44fe259f594cf0bd7c96bc7	85	91	FC-v1-utf32-source	neon	cell-v1-55311f2d1a36ca341a7fb1bdac2bd2bf6280cd7a0bc298ff6038dc105801e2c8	op-v1-ea2475b4ee7714eee51951faef2b0c9e3bd230f1ed9c34abab54f52ccdedd4d7	18	eligible		611becc2a08c27a4edc77d9a45ff74c97130129b:include/simdutf/implementation.h:3399;611becc2a08c27a4edc77d9a45ff74c97130129b:src/arm64/arm_convert_utf32_to_utf16.cpp:1-1	convertUTF32ToUTF16BENEON	symbol-v1-cae44cb1fccbb4901ad7271eaccfec75ac2ec4d2dce2c419b843dfa4d833e4ca	shared-kernel-v1-20fd4d4817f0bb660f948c2940b9f0b3b009854d651ba39ed4f1def0edd93b7b	cell-v1-55311f2d1a36ca341a7fb1bdac2bd2bf6280cd7a0bc298ff6038dc105801e2c8		KB-v1-FC-v1-utf32-source-neon-01	batch-v1-fe3986e46da83bcaa1616b993639b448b0e0e8131e003d09690b8f8f0a6910d1	EB-v1-KB-v1-FC-v1-utf32-source-neon-01-01	batch-v1-23dd0c142a034245fe7e103ec6c50c75c081176db707c5beb4e9b7bd9eb0cabf
v1	rk-v1-1292bee9c8813203a6fd4f61893af7174366a7145f5cb1afbfae774b93a08098	86	100	FC-v1-utf32-source	westmere	cell-v1-314d1a6fa0003e719719424d43d80302f84885a813dd0214095d22ac7e86fd1d	op-v1-ea2475b4ee7714eee51951faef2b0c9e3bd230f1ed9c34abab54f52ccdedd4d7	18	not_applicable	native_wrapper_delegates_explicit_endian	611becc2a08c27a4edc77d9a45ff74c97130129b:include/simdutf/implementation.h:3435									
v1	rk-v1-1292bee9c8813203a6fd4f61893af7174366a7145f5cb1afbfae774b93a08098	86	100	FC-v1-utf32-source	haswell	cell-v1-fd6fe8fb8f4b7ef9bffc7c59deedbf0334c30c4badc0bd8d118281836b08181b	op-v1-ea2475b4ee7714eee51951faef2b0c9e3bd230f1ed9c34abab54f52ccdedd4d7	18	not_applicable	native_wrapper_delegates_explicit_endian	611becc2a08c27a4edc77d9a45ff74c97130129b:include/simdutf/implementation.h:3435									
v1	rk-v1-1292bee9c8813203a6fd4f61893af7174366a7145f5cb1afbfae774b93a08098	86	100	FC-v1-utf32-source	archsimd	cell-v1-b3eb26cdae0cdc5e17673398c6d35ecc85de3cf4758110497795941eb209d7d8	op-v1-ea2475b4ee7714eee51951faef2b0c9e3bd230f1ed9c34abab54f52ccdedd4d7	18	not_applicable	native_wrapper_delegates_explicit_endian	611becc2a08c27a4edc77d9a45ff74c97130129b:include/simdutf/implementation.h:3435									
v1	rk-v1-1292bee9c8813203a6fd4f61893af7174366a7145f5cb1afbfae774b93a08098	86	100	FC-v1-utf32-source	neon	cell-v1-1ad4b42ae9ea5f31dabe46deb8277bb9770921942d19239d21388603fda22d57	op-v1-ea2475b4ee7714eee51951faef2b0c9e3bd230f1ed9c34abab54f52ccdedd4d7	18	not_applicable	native_wrapper_delegates_explicit_endian	611becc2a08c27a4edc77d9a45ff74c97130129b:include/simdutf/implementation.h:3435									
v1	rk-v1-455bbdc537f2dc700e3b68c4db67936f7b98c00a0b3993d388fefd191d951339	87	92	FC-v1-utf32-source	westmere	cell-v1-1983f203decc5bd644cc7b84badd8788fa38442a5c86641ff7dd45a6364ce857	op-v1-ea2475b4ee7714eee51951faef2b0c9e3bd230f1ed9c34abab54f52ccdedd4d7	18	eligible		611becc2a08c27a4edc77d9a45ff74c97130129b:include/simdutf/implementation.h:3470;611becc2a08c27a4edc77d9a45ff74c97130129b:src/westmere/sse_convert_utf32_to_utf16.cpp:1-1	convertUTF32ToUTF16LEWithErrorsWestmere	symbol-v1-141fa9ffa275e7b48ece4806b055837681a453edd3c5494f7cd1aa7208c9d25d	shared-kernel-v1-9c0fcab61f245184d31d32c691fb6e80c4ea58d4de2903d2de86133be80a1c32	cell-v1-1983f203decc5bd644cc7b84badd8788fa38442a5c86641ff7dd45a6364ce857		KB-v1-FC-v1-utf32-source-westmere-01	batch-v1-36f4510b189ab73862739ef8607580dfc0e8cc60cdfd5726d9d7323ea4ca7587	EB-v1-KB-v1-FC-v1-utf32-source-westmere-01-01	batch-v1-4706177e1f32d14d17b9aa206b6bc381f387ad97fc9d4430af90a5490947958d
v1	rk-v1-455bbdc537f2dc700e3b68c4db67936f7b98c00a0b3993d388fefd191d951339	87	92	FC-v1-utf32-source	haswell	cell-v1-ae857bc00696c34aee2626bccd650be70075f10a4fcd24c4d07c9f70c913fc8f	op-v1-ea2475b4ee7714eee51951faef2b0c9e3bd230f1ed9c34abab54f52ccdedd4d7	18	eligible		611becc2a08c27a4edc77d9a45ff74c97130129b:include/simdutf/implementation.h:3470;611becc2a08c27a4edc77d9a45ff74c97130129b:src/haswell/avx2_convert_utf32_to_utf16.cpp:1-1	convertUTF32ToUTF16LEWithErrorsHaswell	symbol-v1-b892ec282073e9ec5b09555bbf7e2324acc5a2b26dbb43ed220a72ed50257a39	shared-kernel-v1-8abcbf8480e2423fede6ed293dc6d1a06d2d7067c668c022ab4f90aeebdce527	cell-v1-ae857bc00696c34aee2626bccd650be70075f10a4fcd24c4d07c9f70c913fc8f		KB-v1-FC-v1-utf32-source-haswell-01	batch-v1-92fc6c3c74d6f6206b355c461301cd0bf56c7379f1063eeaefe8afb19c4286a6	EB-v1-KB-v1-FC-v1-utf32-source-haswell-01-01	batch-v1-3c9b9356a595548272b17ed48644aa4ab228e06b97b7b365df272026bfcd08d0
v1	rk-v1-455bbdc537f2dc700e3b68c4db67936f7b98c00a0b3993d388fefd191d951339	87	92	FC-v1-utf32-source	archsimd	cell-v1-9e8a549388cf87f521261f207bd65ea37e034f3782399ecf99638bb9158f2daf	op-v1-ea2475b4ee7714eee51951faef2b0c9e3bd230f1ed9c34abab54f52ccdedd4d7	18	eligible		simd/archsimd Go 1.26.5:FC-v1-utf32-source audit row; required primitives: u32 range/surrogate checks, narrow/pack, UTF-8 shuffle/table packing, UTF-16 surrogate expansion/endian stores; available: archsimd/ops_amd64.go:Load,Store,Shuffle,And,Or,Xor; archsimd/compare_gen_amd64.go:Equal,LessThan; archsimd/maskmerge_gen_amd64.go:Mask	convertUTF32ToUTF16LEWithErrorsArchsimd	symbol-v1-e777929ab396a2cef65d3b0d67f906c8678150cf323be651864bff165c491531	shared-kernel-v1-c05ca6edb784ecfa9ce2fa875e97dbc9dbc19b99d5a29de41ba06eee76a51563	cell-v1-9e8a549388cf87f521261f207bd65ea37e034f3782399ecf99638bb9158f2daf		KB-v1-FC-v1-utf32-source-archsimd-01	batch-v1-2734a64ea62e333b94aa9805657a5b4043895f608ffe78a81628bf384afdeade	EB-v1-KB-v1-FC-v1-utf32-source-archsimd-01-01	batch-v1-e89a1cf39cfc92f74627eb6395cb90dcf945886e6ea597f3b4d13d071a140b3a
v1	rk-v1-455bbdc537f2dc700e3b68c4db67936f7b98c00a0b3993d388fefd191d951339	87	92	FC-v1-utf32-source	neon	cell-v1-8a98058be4161b87101e75bdb03f7718188b31814a06446645ca564fa4b2aeb9	op-v1-ea2475b4ee7714eee51951faef2b0c9e3bd230f1ed9c34abab54f52ccdedd4d7	18	eligible		611becc2a08c27a4edc77d9a45ff74c97130129b:include/simdutf/implementation.h:3470;611becc2a08c27a4edc77d9a45ff74c97130129b:src/arm64/arm_convert_utf32_to_utf16.cpp:1-1	convertUTF32ToUTF16LEWithErrorsNEON	symbol-v1-123cc7b05c918ea9207b206ca106958ad5784fe6f715e72fcfa3a2b4c9c3c322	shared-kernel-v1-af2d31a1aab27792b93307835c91fe9714829b79b338217544f9a42e1ebacec5	cell-v1-8a98058be4161b87101e75bdb03f7718188b31814a06446645ca564fa4b2aeb9		KB-v1-FC-v1-utf32-source-neon-01	batch-v1-fe3986e46da83bcaa1616b993639b448b0e0e8131e003d09690b8f8f0a6910d1	EB-v1-KB-v1-FC-v1-utf32-source-neon-01-01	batch-v1-23dd0c142a034245fe7e103ec6c50c75c081176db707c5beb4e9b7bd9eb0cabf
v1	rk-v1-38db57c0c70e39cb208b84cd0dc67f64b47615f0d7c2293e7bd2931ee2a4895c	88	93	FC-v1-utf32-source	westmere	cell-v1-c5599ba368dd831419d2fd0f5a5de4eb4435db4988c6b35306a0d2f9d8258269	op-v1-ea2475b4ee7714eee51951faef2b0c9e3bd230f1ed9c34abab54f52ccdedd4d7	18	eligible		611becc2a08c27a4edc77d9a45ff74c97130129b:include/simdutf/implementation.h:3506;611becc2a08c27a4edc77d9a45ff74c97130129b:src/westmere/sse_convert_utf32_to_utf16.cpp:1-1	convertUTF32ToUTF16BEWithErrorsWestmere	symbol-v1-35cbb55d95cd616ed3943291e366a9db3c45cf08fdf6c9b0aaca77d0d1569f04	shared-kernel-v1-58faab215ebeb943e80845115c81784ed8a0bfe1b440c99ab5ebd37dd81aa233	cell-v1-c5599ba368dd831419d2fd0f5a5de4eb4435db4988c6b35306a0d2f9d8258269		KB-v1-FC-v1-utf32-source-westmere-01	batch-v1-36f4510b189ab73862739ef8607580dfc0e8cc60cdfd5726d9d7323ea4ca7587	EB-v1-KB-v1-FC-v1-utf32-source-westmere-01-01	batch-v1-4706177e1f32d14d17b9aa206b6bc381f387ad97fc9d4430af90a5490947958d
v1	rk-v1-38db57c0c70e39cb208b84cd0dc67f64b47615f0d7c2293e7bd2931ee2a4895c	88	93	FC-v1-utf32-source	haswell	cell-v1-ba20446d9d0cb13daf14c459311fb4b597a820dfdc20edd98b56c46263266b3c	op-v1-ea2475b4ee7714eee51951faef2b0c9e3bd230f1ed9c34abab54f52ccdedd4d7	18	eligible		611becc2a08c27a4edc77d9a45ff74c97130129b:include/simdutf/implementation.h:3506;611becc2a08c27a4edc77d9a45ff74c97130129b:src/haswell/avx2_convert_utf32_to_utf16.cpp:1-1	convertUTF32ToUTF16BEWithErrorsHaswell	symbol-v1-f0d2644180f61aca956d5d2f54a02d8476d239dafe24a9b03e72d17719642c50	shared-kernel-v1-0b068f36594059824fbd00ba7a724fa857595c135ccb958996206843291d2af8	cell-v1-ba20446d9d0cb13daf14c459311fb4b597a820dfdc20edd98b56c46263266b3c		KB-v1-FC-v1-utf32-source-haswell-01	batch-v1-92fc6c3c74d6f6206b355c461301cd0bf56c7379f1063eeaefe8afb19c4286a6	EB-v1-KB-v1-FC-v1-utf32-source-haswell-01-01	batch-v1-3c9b9356a595548272b17ed48644aa4ab228e06b97b7b365df272026bfcd08d0
v1	rk-v1-38db57c0c70e39cb208b84cd0dc67f64b47615f0d7c2293e7bd2931ee2a4895c	88	93	FC-v1-utf32-source	archsimd	cell-v1-855e1e2fea5d1aa2cf69f6a68a1550f00b4436f5cd51d523dda31b65bc9c123a	op-v1-ea2475b4ee7714eee51951faef2b0c9e3bd230f1ed9c34abab54f52ccdedd4d7	18	eligible		simd/archsimd Go 1.26.5:FC-v1-utf32-source audit row; required primitives: u32 range/surrogate checks, narrow/pack, UTF-8 shuffle/table packing, UTF-16 surrogate expansion/endian stores; available: archsimd/ops_amd64.go:Load,Store,Shuffle,And,Or,Xor; archsimd/compare_gen_amd64.go:Equal,LessThan; archsimd/maskmerge_gen_amd64.go:Mask	convertUTF32ToUTF16BEWithErrorsArchsimd	symbol-v1-831a366e990a8b142e4ef43be26dace45f55cb27929273bbab377ae3270ff71d	shared-kernel-v1-43fd28768b6537337a82ab2933553d202693cf41d6eb919afc59a75a71538fe6	cell-v1-855e1e2fea5d1aa2cf69f6a68a1550f00b4436f5cd51d523dda31b65bc9c123a		KB-v1-FC-v1-utf32-source-archsimd-01	batch-v1-2734a64ea62e333b94aa9805657a5b4043895f608ffe78a81628bf384afdeade	EB-v1-KB-v1-FC-v1-utf32-source-archsimd-01-01	batch-v1-e89a1cf39cfc92f74627eb6395cb90dcf945886e6ea597f3b4d13d071a140b3a
v1	rk-v1-38db57c0c70e39cb208b84cd0dc67f64b47615f0d7c2293e7bd2931ee2a4895c	88	93	FC-v1-utf32-source	neon	cell-v1-e61d0615c8bc51b7c45d3f6d8dce367ba7a73100959cc920a569c0740e4bd848	op-v1-ea2475b4ee7714eee51951faef2b0c9e3bd230f1ed9c34abab54f52ccdedd4d7	18	eligible		611becc2a08c27a4edc77d9a45ff74c97130129b:include/simdutf/implementation.h:3506;611becc2a08c27a4edc77d9a45ff74c97130129b:src/arm64/arm_convert_utf32_to_utf16.cpp:1-1	convertUTF32ToUTF16BEWithErrorsNEON	symbol-v1-2cae5f04d7b694357c45c70423bb8230966ee03eb67037f825a2cdf49a24a86a	shared-kernel-v1-f4159d4578b67e137212c6309b37b70da584d033d805f2eb09eee8c076fc7e88	cell-v1-e61d0615c8bc51b7c45d3f6d8dce367ba7a73100959cc920a569c0740e4bd848		KB-v1-FC-v1-utf32-source-neon-01	batch-v1-fe3986e46da83bcaa1616b993639b448b0e0e8131e003d09690b8f8f0a6910d1	EB-v1-KB-v1-FC-v1-utf32-source-neon-01-01	batch-v1-23dd0c142a034245fe7e103ec6c50c75c081176db707c5beb4e9b7bd9eb0cabf
v1	rk-v1-b4331862253e9a3854477e6961a39e22eab275d2cdcc1b005d0d5c3112b32572	89	99	FC-v1-utf32-source	westmere	cell-v1-8c405045eea899227cbece686c61093dda11890797378b9531c326b5f0f3617e	op-v1-ea2475b4ee7714eee51951faef2b0c9e3bd230f1ed9c34abab54f52ccdedd4d7	18	not_applicable	native_wrapper_delegates_explicit_endian	611becc2a08c27a4edc77d9a45ff74c97130129b:include/simdutf/implementation.h:3539									
v1	rk-v1-b4331862253e9a3854477e6961a39e22eab275d2cdcc1b005d0d5c3112b32572	89	99	FC-v1-utf32-source	haswell	cell-v1-51964a074bb4197827b3c5e0bfdf4fdc45f1336119e82b8bc922267400d5e4d2	op-v1-ea2475b4ee7714eee51951faef2b0c9e3bd230f1ed9c34abab54f52ccdedd4d7	18	not_applicable	native_wrapper_delegates_explicit_endian	611becc2a08c27a4edc77d9a45ff74c97130129b:include/simdutf/implementation.h:3539									
v1	rk-v1-b4331862253e9a3854477e6961a39e22eab275d2cdcc1b005d0d5c3112b32572	89	99	FC-v1-utf32-source	archsimd	cell-v1-856787655708f9657f8601e96bcd55e8a41819867cda0cff378af6c5e045e512	op-v1-ea2475b4ee7714eee51951faef2b0c9e3bd230f1ed9c34abab54f52ccdedd4d7	18	not_applicable	native_wrapper_delegates_explicit_endian	611becc2a08c27a4edc77d9a45ff74c97130129b:include/simdutf/implementation.h:3539									
v1	rk-v1-b4331862253e9a3854477e6961a39e22eab275d2cdcc1b005d0d5c3112b32572	89	99	FC-v1-utf32-source	neon	cell-v1-6ecaa4b3ec48bfb4f0f9526a63ceea55f6108cfa1953826b6db8841e95cc696f	op-v1-ea2475b4ee7714eee51951faef2b0c9e3bd230f1ed9c34abab54f52ccdedd4d7	18	not_applicable	native_wrapper_delegates_explicit_endian	611becc2a08c27a4edc77d9a45ff74c97130129b:include/simdutf/implementation.h:3539									
v1	rk-v1-2d9d0f9805696f2e8c5a66ed70ebb9851a55880a7f986774b3a418dab2f3cb54	90	94	FC-v1-utf32-source	westmere	cell-v1-de86998d53aef10e167d6177a3a74950b3979c05d4a8c8d9c72166c70ca0dbec	op-v1-ea2475b4ee7714eee51951faef2b0c9e3bd230f1ed9c34abab54f52ccdedd4d7	18	eligible		611becc2a08c27a4edc77d9a45ff74c97130129b:include/simdutf/implementation.h:3574;611becc2a08c27a4edc77d9a45ff74c97130129b:src/westmere/sse_convert_utf32_to_utf16.cpp:1-1	convertValidUTF32ToUTF16LEWestmere	symbol-v1-432951b6bf9b75577a0acc21796e94b5040c2b34f16ca3ba129dac40af433a85	shared-kernel-v1-993e3535b814262e50de1792dbb7740bd6a1c33088c245743bf3236707d79360	cell-v1-6d6e25b066181332a31323a861bf11e45a2ad607491b538d212c2471668012c6	cell-v1-6d6e25b066181332a31323a861bf11e45a2ad607491b538d212c2471668012c6	KB-v1-FC-v1-utf32-source-westmere-01	batch-v1-36f4510b189ab73862739ef8607580dfc0e8cc60cdfd5726d9d7323ea4ca7587	EB-v1-KB-v1-FC-v1-utf32-source-westmere-01-01	batch-v1-4706177e1f32d14d17b9aa206b6bc381f387ad97fc9d4430af90a5490947958d
v1	rk-v1-2d9d0f9805696f2e8c5a66ed70ebb9851a55880a7f986774b3a418dab2f3cb54	90	94	FC-v1-utf32-source	haswell	cell-v1-be84a69201e7de4f13e4c4646ef2910bbd91c2f0c70997ff641c75ae0dc8a18d	op-v1-ea2475b4ee7714eee51951faef2b0c9e3bd230f1ed9c34abab54f52ccdedd4d7	18	eligible		611becc2a08c27a4edc77d9a45ff74c97130129b:include/simdutf/implementation.h:3574;611becc2a08c27a4edc77d9a45ff74c97130129b:src/haswell/avx2_convert_utf32_to_utf16.cpp:1-1	convertValidUTF32ToUTF16LEHaswell	symbol-v1-884f77625faa55a2656949c611d7de3227829e30388a0073642e495efbdc56ce	shared-kernel-v1-3738004ac189f0f6c3e32570e6ad97621fb81cbc3e26075008646998a3faef84	cell-v1-55ee78d0a650620d71aa1f11e290f00b39120ce6ba802bb89063be86d0a232b2	cell-v1-55ee78d0a650620d71aa1f11e290f00b39120ce6ba802bb89063be86d0a232b2	KB-v1-FC-v1-utf32-source-haswell-01	batch-v1-92fc6c3c74d6f6206b355c461301cd0bf56c7379f1063eeaefe8afb19c4286a6	EB-v1-KB-v1-FC-v1-utf32-source-haswell-01-01	batch-v1-3c9b9356a595548272b17ed48644aa4ab228e06b97b7b365df272026bfcd08d0
v1	rk-v1-2d9d0f9805696f2e8c5a66ed70ebb9851a55880a7f986774b3a418dab2f3cb54	90	94	FC-v1-utf32-source	archsimd	cell-v1-511054a4116db29865c9dfe373d8e765f251f00948154d0d85941707d6aae3b1	op-v1-ea2475b4ee7714eee51951faef2b0c9e3bd230f1ed9c34abab54f52ccdedd4d7	18	eligible		simd/archsimd Go 1.26.5:FC-v1-utf32-source audit row; required primitives: u32 range/surrogate checks, narrow/pack, UTF-8 shuffle/table packing, UTF-16 surrogate expansion/endian stores; available: archsimd/ops_amd64.go:Load,Store,Shuffle,And,Or,Xor; archsimd/compare_gen_amd64.go:Equal,LessThan; archsimd/maskmerge_gen_amd64.go:Mask	convertValidUTF32ToUTF16LEArchsimd	symbol-v1-7b8540615471aaf564f50f497537c65458fc2965d7800069687464edfdf7d1a5	shared-kernel-v1-41a4d5ff2fc3a15e79b5bd892429dc616a4d9ebb6e0389affb25bc6021d61536	cell-v1-91a184979e78920f7959db8ba2a4c17a1efd83abfe3a0e8b29c91b76bb940d80	cell-v1-91a184979e78920f7959db8ba2a4c17a1efd83abfe3a0e8b29c91b76bb940d80	KB-v1-FC-v1-utf32-source-archsimd-01	batch-v1-2734a64ea62e333b94aa9805657a5b4043895f608ffe78a81628bf384afdeade	EB-v1-KB-v1-FC-v1-utf32-source-archsimd-01-01	batch-v1-e89a1cf39cfc92f74627eb6395cb90dcf945886e6ea597f3b4d13d071a140b3a
v1	rk-v1-2d9d0f9805696f2e8c5a66ed70ebb9851a55880a7f986774b3a418dab2f3cb54	90	94	FC-v1-utf32-source	neon	cell-v1-4914ee9e25df5c2a60217950ca0adf34e6b891dd9df5db4024dfb9d002f51cf2	op-v1-ea2475b4ee7714eee51951faef2b0c9e3bd230f1ed9c34abab54f52ccdedd4d7	18	eligible		611becc2a08c27a4edc77d9a45ff74c97130129b:include/simdutf/implementation.h:3574;611becc2a08c27a4edc77d9a45ff74c97130129b:src/arm64/arm_convert_utf32_to_utf16.cpp:1-1	convertValidUTF32ToUTF16LENEON	symbol-v1-bd2e2116908f756700be5aecc0c4931094799e35e4bf5c42c3a91e8ea4847957	shared-kernel-v1-79969e63af2805f55e4f1e8d1d52cc292bc18117eb370f21d09d9887d3cc0cf6	cell-v1-32b6ca97f5738848b14b1f79500183643a6f45e4dac742dc318df91f07db0a7f	cell-v1-32b6ca97f5738848b14b1f79500183643a6f45e4dac742dc318df91f07db0a7f	KB-v1-FC-v1-utf32-source-neon-01	batch-v1-fe3986e46da83bcaa1616b993639b448b0e0e8131e003d09690b8f8f0a6910d1	EB-v1-KB-v1-FC-v1-utf32-source-neon-01-01	batch-v1-23dd0c142a034245fe7e103ec6c50c75c081176db707c5beb4e9b7bd9eb0cabf
v1	rk-v1-76c4359e6409326abb2364a580287202f81e8660a825855db064408027df1c14	91	95	FC-v1-utf32-source	westmere	cell-v1-91d5eaa1a21aa1e35824d5eca6a50978c35abaa05730befaedb438b555366b6f	op-v1-ea2475b4ee7714eee51951faef2b0c9e3bd230f1ed9c34abab54f52ccdedd4d7	18	eligible		611becc2a08c27a4edc77d9a45ff74c97130129b:include/simdutf/implementation.h:3608;611becc2a08c27a4edc77d9a45ff74c97130129b:src/westmere/sse_convert_utf32_to_utf16.cpp:1-1	convertValidUTF32ToUTF16BEWestmere	symbol-v1-1fe51e2fc30fff955995d4cf672523089ebfae69074eb9d6ab3ca5f7afc1b7d1	shared-kernel-v1-3f665ec1e5dc222e8f006ba60eacc848011d595d63e9eb9e0f0ebcc00921f141	cell-v1-65e0b6bd1b4fb60725a5243106c427143f139e50c56c528032a5dfe00ffd63be	cell-v1-65e0b6bd1b4fb60725a5243106c427143f139e50c56c528032a5dfe00ffd63be	KB-v1-FC-v1-utf32-source-westmere-01	batch-v1-36f4510b189ab73862739ef8607580dfc0e8cc60cdfd5726d9d7323ea4ca7587	EB-v1-KB-v1-FC-v1-utf32-source-westmere-01-01	batch-v1-4706177e1f32d14d17b9aa206b6bc381f387ad97fc9d4430af90a5490947958d
v1	rk-v1-76c4359e6409326abb2364a580287202f81e8660a825855db064408027df1c14	91	95	FC-v1-utf32-source	haswell	cell-v1-c82d4ae57f25e13afd5bb7feb6b9556f44189f10c62d6b40c24eccdacfa6dd2d	op-v1-ea2475b4ee7714eee51951faef2b0c9e3bd230f1ed9c34abab54f52ccdedd4d7	18	eligible		611becc2a08c27a4edc77d9a45ff74c97130129b:include/simdutf/implementation.h:3608;611becc2a08c27a4edc77d9a45ff74c97130129b:src/haswell/avx2_convert_utf32_to_utf16.cpp:1-1	convertValidUTF32ToUTF16BEHaswell	symbol-v1-1e3815fdedb1d4d52d3fe09248bba6a93169c1a7dce85af30b5e93916dcf94eb	shared-kernel-v1-5c910404518d7143f0efa0d117ca8620abc94aa246c76de9806475164b1a6470	cell-v1-8003e7b5d95b64da869949363a016385cb1b4d1d10ec297b9737ef2ccfb05351	cell-v1-8003e7b5d95b64da869949363a016385cb1b4d1d10ec297b9737ef2ccfb05351	KB-v1-FC-v1-utf32-source-haswell-01	batch-v1-92fc6c3c74d6f6206b355c461301cd0bf56c7379f1063eeaefe8afb19c4286a6	EB-v1-KB-v1-FC-v1-utf32-source-haswell-01-01	batch-v1-3c9b9356a595548272b17ed48644aa4ab228e06b97b7b365df272026bfcd08d0
v1	rk-v1-76c4359e6409326abb2364a580287202f81e8660a825855db064408027df1c14	91	95	FC-v1-utf32-source	archsimd	cell-v1-5c9b3803bd7fa607691375974d6c4898e45dd5a793d083e0b9e26c58c3c8abee	op-v1-ea2475b4ee7714eee51951faef2b0c9e3bd230f1ed9c34abab54f52ccdedd4d7	18	eligible		simd/archsimd Go 1.26.5:FC-v1-utf32-source audit row; required primitives: u32 range/surrogate checks, narrow/pack, UTF-8 shuffle/table packing, UTF-16 surrogate expansion/endian stores; available: archsimd/ops_amd64.go:Load,Store,Shuffle,And,Or,Xor; archsimd/compare_gen_amd64.go:Equal,LessThan; archsimd/maskmerge_gen_amd64.go:Mask	convertValidUTF32ToUTF16BEArchsimd	symbol-v1-aa51bf509fc2c81052f5106fb8b9ed22bbe116239bf89fe0d5001afa6d45217a	shared-kernel-v1-bcb74ade6e6d8988e5ce49b45eef3f0d06f0a860ca54e4e46d49b5371d23c174	cell-v1-28d16597cba25ffe8d4e0c9c211ddb0eca9c56aa18fc3fe041ac13df969ec350	cell-v1-28d16597cba25ffe8d4e0c9c211ddb0eca9c56aa18fc3fe041ac13df969ec350	KB-v1-FC-v1-utf32-source-archsimd-01	batch-v1-2734a64ea62e333b94aa9805657a5b4043895f608ffe78a81628bf384afdeade	EB-v1-KB-v1-FC-v1-utf32-source-archsimd-01-01	batch-v1-e89a1cf39cfc92f74627eb6395cb90dcf945886e6ea597f3b4d13d071a140b3a
v1	rk-v1-76c4359e6409326abb2364a580287202f81e8660a825855db064408027df1c14	91	95	FC-v1-utf32-source	neon	cell-v1-268cbd32244538837451f1a4f1b2143ef1eed919558e944772d8431d58bacaa5	op-v1-ea2475b4ee7714eee51951faef2b0c9e3bd230f1ed9c34abab54f52ccdedd4d7	18	eligible		611becc2a08c27a4edc77d9a45ff74c97130129b:include/simdutf/implementation.h:3608;611becc2a08c27a4edc77d9a45ff74c97130129b:src/arm64/arm_convert_utf32_to_utf16.cpp:1-1	convertValidUTF32ToUTF16BENEON	symbol-v1-ce3dedca67d2380f9a5793303b6237c7be72bd4c505ddcf7a52a2acaea01ca7a	shared-kernel-v1-20fd4d4817f0bb660f948c2940b9f0b3b009854d651ba39ed4f1def0edd93b7b	cell-v1-55311f2d1a36ca341a7fb1bdac2bd2bf6280cd7a0bc298ff6038dc105801e2c8	cell-v1-55311f2d1a36ca341a7fb1bdac2bd2bf6280cd7a0bc298ff6038dc105801e2c8	KB-v1-FC-v1-utf32-source-neon-01	batch-v1-fe3986e46da83bcaa1616b993639b448b0e0e8131e003d09690b8f8f0a6910d1	EB-v1-KB-v1-FC-v1-utf32-source-neon-01-01	batch-v1-23dd0c142a034245fe7e103ec6c50c75c081176db707c5beb4e9b7bd9eb0cabf
v1	rk-v1-9e488fb55daed3bbd7a5a4c1ed9114746c6d042dab52acfffc71b2f145cce978	92	65	FC-v1-utf16-source	westmere	cell-v1-e1a0f5c129ef5dc08f2a77a90596659c1c10a4fc13aacc2c7b2abd15ab8e87b4	op-v1-f16145af648802b565b96f95a0b48d81e4b24c8a3e638548cb6d147d331ebf1b	19	eligible		611becc2a08c27a4edc77d9a45ff74c97130129b:include/simdutf/implementation.h:3644;611becc2a08c27a4edc77d9a45ff74c97130129b:src/westmere/implementation.cpp:1-1	changeEndiannessUTF16Westmere	symbol-v1-d610f87fa2c46129b6ccbb3e948485b444cd8d1433ccdd2d8f1d45ffa6a99161	shared-kernel-v1-0568f4dd524965d73dfd78295c99c0c3e5638bca28c5538f171e0d37223664cc	cell-v1-e1a0f5c129ef5dc08f2a77a90596659c1c10a4fc13aacc2c7b2abd15ab8e87b4		KB-v1-FC-v1-utf16-source-westmere-01	batch-v1-8ac1e06fbe7b0d6d9acd7feef54aa06d45269dfbc52a2ce7402cc1fafe2c61a9	EB-v1-KB-v1-FC-v1-utf16-source-westmere-01-03	batch-v1-2cae14014b45b293acc1f342d93d250be65ea0ece673fa56cfeea93481c916d2
v1	rk-v1-9e488fb55daed3bbd7a5a4c1ed9114746c6d042dab52acfffc71b2f145cce978	92	65	FC-v1-utf16-source	haswell	cell-v1-001dfe97e4c9296133e92bb403e8118d6ce1750f2f246d2ee69cd72aa30ff921	op-v1-f16145af648802b565b96f95a0b48d81e4b24c8a3e638548cb6d147d331ebf1b	19	eligible		611becc2a08c27a4edc77d9a45ff74c97130129b:include/simdutf/implementation.h:3644;611becc2a08c27a4edc77d9a45ff74c97130129b:src/haswell/implementation.cpp:1-1	changeEndiannessUTF16Haswell	symbol-v1-17cdecea06daf2cb9f300211a4d46ed7a679ab9e4fe85098de8af9022a48c0b9	shared-kernel-v1-b3425e42756327a64b840448307da502e7a70fa688c9ca6127b87f04dad297ca	cell-v1-001dfe97e4c9296133e92bb403e8118d6ce1750f2f246d2ee69cd72aa30ff921		KB-v1-FC-v1-utf16-source-haswell-01	batch-v1-ec2f5d52cd3a97ee4c890ab940dfd992445655a453f7276d8bac3917ff81a9bd	EB-v1-KB-v1-FC-v1-utf16-source-haswell-01-03	batch-v1-b57f4f09ec0b27dc9d964f6b036f80a9f36eccf55997e543d6a594b64d44960c
v1	rk-v1-9e488fb55daed3bbd7a5a4c1ed9114746c6d042dab52acfffc71b2f145cce978	92	65	FC-v1-utf16-source	archsimd	cell-v1-c77a4a893145400c02e59dbd80e0ff79a4667feb8c4a7525f8f243ee1060a4df	op-v1-f16145af648802b565b96f95a0b48d81e4b24c8a3e638548cb6d147d331ebf1b	19	eligible		simd/archsimd Go 1.26.5:FC-v1-utf16-source audit row; required primitives: endian u16 loads/swaps, surrogate carry, compare/narrow, UTF-8 table/shuffle/pack, pair combine/u32 widen, counts/first-error; available: archsimd/ops_amd64.go:Load,Store,Shuffle,And,Or,Xor; archsimd/compare_gen_amd64.go:Equal,LessThan; archsimd/maskmerge_gen_amd64.go:Mask	changeEndiannessUTF16Archsimd	symbol-v1-bd365ff2bc64c92f5167bf76ded1567bc2bbff8838033333276c7faea3e866e9	shared-kernel-v1-1e921c02c6e79bd2906487327866677381260e571d44fe799bb3e61e9b9acf44	cell-v1-c77a4a893145400c02e59dbd80e0ff79a4667feb8c4a7525f8f243ee1060a4df		KB-v1-FC-v1-utf16-source-archsimd-01	batch-v1-24a2f41bf855af128ec8e1e690c8f977fe942bd66eedc73214cb5db9ecd946f6	EB-v1-KB-v1-FC-v1-utf16-source-archsimd-01-03	batch-v1-5ead3d4d2d4992f7f4261c62c0ca0f7dc1f7de286688c9f4e4d0b24716fdaf70
v1	rk-v1-9e488fb55daed3bbd7a5a4c1ed9114746c6d042dab52acfffc71b2f145cce978	92	65	FC-v1-utf16-source	neon	cell-v1-1886c13ca8a7ca378252831157a5aed98b1688e6ca32b692859089649ba3ab2a	op-v1-f16145af648802b565b96f95a0b48d81e4b24c8a3e638548cb6d147d331ebf1b	19	eligible		611becc2a08c27a4edc77d9a45ff74c97130129b:include/simdutf/implementation.h:3644;611becc2a08c27a4edc77d9a45ff74c97130129b:src/arm64/implementation.cpp:1-1	changeEndiannessUTF16NEON	symbol-v1-caa537b022e929ac33db6c94e381e3815968f0c5859ea117725d6c6085647527	shared-kernel-v1-075c7b399054847ec56f9972cb77a806955cdba00560a95f04930cc89f11dd41	cell-v1-1886c13ca8a7ca378252831157a5aed98b1688e6ca32b692859089649ba3ab2a		KB-v1-FC-v1-utf16-source-neon-01	batch-v1-b4d3e712f8dc898225dae4fa632a4c9d453ec6325eaba7443241e45c89b6efc7	EB-v1-KB-v1-FC-v1-utf16-source-neon-01-03	batch-v1-2b14dc02005e1f286fe8248f71d3974a8c3819b342d65b47e788e2b12875653c
v1	rk-v1-b1dac19023361ad33eeba6e9e13ad44e6a6331506c85693a8c8ea6e8d3543254	93	96	FC-v1-utf32-source	westmere	cell-v1-810fc2324263c5ae835204a92d5f8344418e45602f03cad88e7c9aab82c6a2d3	op-v1-f16145af648802b565b96f95a0b48d81e4b24c8a3e638548cb6d147d331ebf1b	19	eligible		611becc2a08c27a4edc77d9a45ff74c97130129b:include/simdutf/implementation.h:3676;611becc2a08c27a4edc77d9a45ff74c97130129b:src/westmere/implementation.cpp:1-1	utf8LengthFromUTF32Westmere	symbol-v1-198c70f4ced2cd25f1dcec25c0468078e3a58b6c9a2b55a2636084db258d8f8c	shared-kernel-v1-29a70b09c89be6a9c86dfd2811e2f2f500b92b5e22e7b31fa60e95e53c57fc62	cell-v1-810fc2324263c5ae835204a92d5f8344418e45602f03cad88e7c9aab82c6a2d3		KB-v1-FC-v1-utf32-source-westmere-01	batch-v1-36f4510b189ab73862739ef8607580dfc0e8cc60cdfd5726d9d7323ea4ca7587	EB-v1-KB-v1-FC-v1-utf32-source-westmere-01-02	batch-v1-5455c34dcf5cbdc5c306f7941d58c85a3661ea29a03edef29204e61863dcc557
v1	rk-v1-b1dac19023361ad33eeba6e9e13ad44e6a6331506c85693a8c8ea6e8d3543254	93	96	FC-v1-utf32-source	haswell	cell-v1-26c8f016a21c4b94bd2cbc6e7bd6c755392c77cc4a7731a0e0f047195b930f58	op-v1-f16145af648802b565b96f95a0b48d81e4b24c8a3e638548cb6d147d331ebf1b	19	eligible		611becc2a08c27a4edc77d9a45ff74c97130129b:include/simdutf/implementation.h:3676;611becc2a08c27a4edc77d9a45ff74c97130129b:src/haswell/implementation.cpp:1-1	utf8LengthFromUTF32Haswell	symbol-v1-c9e25e92af4b5ab35481e90ecb2cab9d576511d4b1e0ff0f56b72a567605496b	shared-kernel-v1-ed508e2c51449dc68522bd236a13f2572c04e35773a4360ff4b755610f6f025a	cell-v1-26c8f016a21c4b94bd2cbc6e7bd6c755392c77cc4a7731a0e0f047195b930f58		KB-v1-FC-v1-utf32-source-haswell-01	batch-v1-92fc6c3c74d6f6206b355c461301cd0bf56c7379f1063eeaefe8afb19c4286a6	EB-v1-KB-v1-FC-v1-utf32-source-haswell-01-02	batch-v1-0e3d9d3c11cf3e49a01b7bef78e18c27e5b7822165ec923bf182b8f3972ad412
v1	rk-v1-b1dac19023361ad33eeba6e9e13ad44e6a6331506c85693a8c8ea6e8d3543254	93	96	FC-v1-utf32-source	archsimd	cell-v1-d0952d53b1da186a339dc3908cf37e5e43a4693c9a85112fcbbfa74aa4587f5a	op-v1-f16145af648802b565b96f95a0b48d81e4b24c8a3e638548cb6d147d331ebf1b	19	eligible		simd/archsimd Go 1.26.5:FC-v1-utf32-source audit row; required primitives: u32 range/surrogate checks, narrow/pack, UTF-8 shuffle/table packing, UTF-16 surrogate expansion/endian stores; available: archsimd/ops_amd64.go:Load,Store,Shuffle,And,Or,Xor; archsimd/compare_gen_amd64.go:Equal,LessThan; archsimd/maskmerge_gen_amd64.go:Mask	utf8LengthFromUTF32Archsimd	symbol-v1-5b91213c0a6317b527f92eb90bb286cfce5cc1484b0aefd6c6c7d15e004e881e	shared-kernel-v1-f8c23777b3cdfae1b114444d8b944082460659afb6a6a9f5c7fd97f2b919e060	cell-v1-d0952d53b1da186a339dc3908cf37e5e43a4693c9a85112fcbbfa74aa4587f5a		KB-v1-FC-v1-utf32-source-archsimd-01	batch-v1-2734a64ea62e333b94aa9805657a5b4043895f608ffe78a81628bf384afdeade	EB-v1-KB-v1-FC-v1-utf32-source-archsimd-01-02	batch-v1-649fdd41c7f5c4b8725d925baa79396917fecb967f3ec9b5e992d7ac6274978a
v1	rk-v1-b1dac19023361ad33eeba6e9e13ad44e6a6331506c85693a8c8ea6e8d3543254	93	96	FC-v1-utf32-source	neon	cell-v1-a658d76f097eeaa18029fc027589fcf70c9abf5b94a3e1100825de7bc32147fd	op-v1-f16145af648802b565b96f95a0b48d81e4b24c8a3e638548cb6d147d331ebf1b	19	eligible		611becc2a08c27a4edc77d9a45ff74c97130129b:include/simdutf/implementation.h:3676;611becc2a08c27a4edc77d9a45ff74c97130129b:src/arm64/implementation.cpp:1-1	utf8LengthFromUTF32NEON	symbol-v1-23dc34c4b2965ad2aaa5f9d01c7b88d29b0d5984697aa7556ac96c81cfccbe09	shared-kernel-v1-43906cc1b027435edafd7a9f26c43b15ba89866e75d47c11c375095a83c4e83d	cell-v1-a658d76f097eeaa18029fc027589fcf70c9abf5b94a3e1100825de7bc32147fd		KB-v1-FC-v1-utf32-source-neon-01	batch-v1-fe3986e46da83bcaa1616b993639b448b0e0e8131e003d09690b8f8f0a6910d1	EB-v1-KB-v1-FC-v1-utf32-source-neon-01-02	batch-v1-40a048d8dd3fb72e6d7c3063075216317f09011ec3140de8605fa1040ab821bd
v1	rk-v1-aa68d18f93f74ffbc2306be91bf5fcb448825312b0fdc18a06f041242980edac	94	97	FC-v1-utf32-source	westmere	cell-v1-f94368bc6b53c92c34d0bfa455fa35cd1135a9142d936b51e600a321dd0446bb	op-v1-f16145af648802b565b96f95a0b48d81e4b24c8a3e638548cb6d147d331ebf1b	19	eligible		611becc2a08c27a4edc77d9a45ff74c97130129b:include/simdutf/implementation.h:3707;611becc2a08c27a4edc77d9a45ff74c97130129b:src/westmere/implementation.cpp:1-1	utf16LengthFromUTF32Westmere	symbol-v1-6679853adc54aab94374d5fb5df4ccdbb52f4912be112ec17dd258948b0135bc	shared-kernel-v1-065b395b1fa7c41edd2097a419c1d856972d012984fc4ddf095bda49ffb3df4b	cell-v1-f94368bc6b53c92c34d0bfa455fa35cd1135a9142d936b51e600a321dd0446bb		KB-v1-FC-v1-utf32-source-westmere-01	batch-v1-36f4510b189ab73862739ef8607580dfc0e8cc60cdfd5726d9d7323ea4ca7587	EB-v1-KB-v1-FC-v1-utf32-source-westmere-01-02	batch-v1-5455c34dcf5cbdc5c306f7941d58c85a3661ea29a03edef29204e61863dcc557
v1	rk-v1-aa68d18f93f74ffbc2306be91bf5fcb448825312b0fdc18a06f041242980edac	94	97	FC-v1-utf32-source	haswell	cell-v1-1418a2c3909eafecd7c63b907d2aee8371c26e6c8be8fcb8c0b312a4cff3ee02	op-v1-f16145af648802b565b96f95a0b48d81e4b24c8a3e638548cb6d147d331ebf1b	19	eligible		611becc2a08c27a4edc77d9a45ff74c97130129b:include/simdutf/implementation.h:3707;611becc2a08c27a4edc77d9a45ff74c97130129b:src/haswell/implementation.cpp:1-1	utf16LengthFromUTF32Haswell	symbol-v1-aa3a1a0344a18ef966fbb1212d1e1d7fa745bce9aabb562f6fbff8209df80d7a	shared-kernel-v1-65c348828c5a4f2b2c2bef79bee9445a6c6f3a9f9f9c5da015bf85111547ba36	cell-v1-1418a2c3909eafecd7c63b907d2aee8371c26e6c8be8fcb8c0b312a4cff3ee02		KB-v1-FC-v1-utf32-source-haswell-01	batch-v1-92fc6c3c74d6f6206b355c461301cd0bf56c7379f1063eeaefe8afb19c4286a6	EB-v1-KB-v1-FC-v1-utf32-source-haswell-01-02	batch-v1-0e3d9d3c11cf3e49a01b7bef78e18c27e5b7822165ec923bf182b8f3972ad412
v1	rk-v1-aa68d18f93f74ffbc2306be91bf5fcb448825312b0fdc18a06f041242980edac	94	97	FC-v1-utf32-source	archsimd	cell-v1-9c3cca9eb8a54eb349df25c2428676e41cdfa9fd096abc58bce8cc231ea43525	op-v1-f16145af648802b565b96f95a0b48d81e4b24c8a3e638548cb6d147d331ebf1b	19	eligible		simd/archsimd Go 1.26.5:FC-v1-utf32-source audit row; required primitives: u32 range/surrogate checks, narrow/pack, UTF-8 shuffle/table packing, UTF-16 surrogate expansion/endian stores; available: archsimd/ops_amd64.go:Load,Store,Shuffle,And,Or,Xor; archsimd/compare_gen_amd64.go:Equal,LessThan; archsimd/maskmerge_gen_amd64.go:Mask	utf16LengthFromUTF32Archsimd	symbol-v1-c8acdd6cbca2d33149db36398df09f7c3a5c4f084b9045a32ab6bd2e5a7c7b69	shared-kernel-v1-1391da4707e4319de46a6df4c65012cda9aae469b8cc7ea4363b3357cf23ea89	cell-v1-9c3cca9eb8a54eb349df25c2428676e41cdfa9fd096abc58bce8cc231ea43525		KB-v1-FC-v1-utf32-source-archsimd-01	batch-v1-2734a64ea62e333b94aa9805657a5b4043895f608ffe78a81628bf384afdeade	EB-v1-KB-v1-FC-v1-utf32-source-archsimd-01-02	batch-v1-649fdd41c7f5c4b8725d925baa79396917fecb967f3ec9b5e992d7ac6274978a
v1	rk-v1-aa68d18f93f74ffbc2306be91bf5fcb448825312b0fdc18a06f041242980edac	94	97	FC-v1-utf32-source	neon	cell-v1-73047a577a682474cb08b1475e582e7de8132c1ab8cf815d48a90b5c6a592ce1	op-v1-f16145af648802b565b96f95a0b48d81e4b24c8a3e638548cb6d147d331ebf1b	19	eligible		611becc2a08c27a4edc77d9a45ff74c97130129b:include/simdutf/implementation.h:3707;611becc2a08c27a4edc77d9a45ff74c97130129b:src/arm64/implementation.cpp:1-1	utf16LengthFromUTF32NEON	symbol-v1-193140f03e33a7813c009b7b79ef85895e82d8a45af5b3be1595bc6ae3f13b2e	shared-kernel-v1-04dfb4bc1d557cbeb7bcc06617aca9e10bc050b4d918beec026ee588674ff8da	cell-v1-73047a577a682474cb08b1475e582e7de8132c1ab8cf815d48a90b5c6a592ce1		KB-v1-FC-v1-utf32-source-neon-01	batch-v1-fe3986e46da83bcaa1616b993639b448b0e0e8131e003d09690b8f8f0a6910d1	EB-v1-KB-v1-FC-v1-utf32-source-neon-01-02	batch-v1-40a048d8dd3fb72e6d7c3063075216317f09011ec3140de8605fa1040ab821bd
v1	rk-v1-2d7549c295ce262887bf7ca01be00b4c469cf9c4c81adec7aab3c10d46cef675	95	69	FC-v1-utf16-source	westmere	cell-v1-8fc0fb19559e1a5a6dadab199f3abfeb5c1871ed0188613496f45ea04722c98b	op-v1-6eea92180fce34d88c932293380df3d76d366c3edd7e0ec5957e9ab46316c226	15	not_applicable	native_wrapper_delegates_explicit_endian	611becc2a08c27a4edc77d9a45ff74c97130129b:include/simdutf/implementation.h:3740									
v1	rk-v1-2d7549c295ce262887bf7ca01be00b4c469cf9c4c81adec7aab3c10d46cef675	95	69	FC-v1-utf16-source	haswell	cell-v1-06a02a497510a6ed6679328d32df998011b11dc3412eb8dc8eeb089040c912d5	op-v1-6eea92180fce34d88c932293380df3d76d366c3edd7e0ec5957e9ab46316c226	15	not_applicable	native_wrapper_delegates_explicit_endian	611becc2a08c27a4edc77d9a45ff74c97130129b:include/simdutf/implementation.h:3740									
v1	rk-v1-2d7549c295ce262887bf7ca01be00b4c469cf9c4c81adec7aab3c10d46cef675	95	69	FC-v1-utf16-source	archsimd	cell-v1-96ba38d8b20a55b3d28cd55251ea4b51be73fbdb0db1f627a208660dbe36ab61	op-v1-6eea92180fce34d88c932293380df3d76d366c3edd7e0ec5957e9ab46316c226	15	not_applicable	native_wrapper_delegates_explicit_endian	611becc2a08c27a4edc77d9a45ff74c97130129b:include/simdutf/implementation.h:3740									
v1	rk-v1-2d7549c295ce262887bf7ca01be00b4c469cf9c4c81adec7aab3c10d46cef675	95	69	FC-v1-utf16-source	neon	cell-v1-fe1b7e5cc39726d6c7cf8aa74bde7450847600d3c6589b10921d6c212b2dded7	op-v1-6eea92180fce34d88c932293380df3d76d366c3edd7e0ec5957e9ab46316c226	15	not_applicable	native_wrapper_delegates_explicit_endian	611becc2a08c27a4edc77d9a45ff74c97130129b:include/simdutf/implementation.h:3740									
v1	rk-v1-b181cb4a2746cce5c240b6d444498f5d37d6c2f8f98d7ed0406b5fad3e0b070a	96	47	FC-v1-utf16-source	westmere	cell-v1-cba6c068db4b60f967ac8f291ea49f67ce2a0b37f04ed379d68c6e1c9f254d4e	op-v1-6eea92180fce34d88c932293380df3d76d366c3edd7e0ec5957e9ab46316c226	15	eligible		611becc2a08c27a4edc77d9a45ff74c97130129b:include/simdutf/implementation.h:3773;611becc2a08c27a4edc77d9a45ff74c97130129b:src/westmere/sse_convert_utf16_to_utf32.cpp:1-1	utf32LengthFromUTF16LEWestmere	symbol-v1-aa008456f2e85f9f0721ed7767d2e27bf035efabab78aa9adc384c95efc3912e	shared-kernel-v1-82111954c4b6d94e3f0e79a1a82d8851bd093c691522486e6c9aa63ca9ce2d63	cell-v1-cba6c068db4b60f967ac8f291ea49f67ce2a0b37f04ed379d68c6e1c9f254d4e		KB-v1-FC-v1-utf16-source-westmere-01	batch-v1-8ac1e06fbe7b0d6d9acd7feef54aa06d45269dfbc52a2ce7402cc1fafe2c61a9	EB-v1-KB-v1-FC-v1-utf16-source-westmere-01-02	batch-v1-f507acb68feacd62d95656066632ef952e03dd5219eea2a940dc00d4b9121fd5
v1	rk-v1-b181cb4a2746cce5c240b6d444498f5d37d6c2f8f98d7ed0406b5fad3e0b070a	96	47	FC-v1-utf16-source	haswell	cell-v1-2f5319af3d728e9ecd18cb3e4851e8e1f3dae98fe1e6727f6d536a2635f52abb	op-v1-6eea92180fce34d88c932293380df3d76d366c3edd7e0ec5957e9ab46316c226	15	eligible		611becc2a08c27a4edc77d9a45ff74c97130129b:include/simdutf/implementation.h:3773;611becc2a08c27a4edc77d9a45ff74c97130129b:src/haswell/avx2_convert_utf16_to_utf32.cpp:1-1	utf32LengthFromUTF16LEHaswell	symbol-v1-4763e7c192f496be145cd83c1d53b686d75f539073d3a1398a3413f563e2d296	shared-kernel-v1-002ebc09a170519543980c00ffa4752de06d32708bfc526428c5b3932713bd34	cell-v1-2f5319af3d728e9ecd18cb3e4851e8e1f3dae98fe1e6727f6d536a2635f52abb		KB-v1-FC-v1-utf16-source-haswell-01	batch-v1-ec2f5d52cd3a97ee4c890ab940dfd992445655a453f7276d8bac3917ff81a9bd	EB-v1-KB-v1-FC-v1-utf16-source-haswell-01-02	batch-v1-98ce94838986347a0192dd207ffec4826ffe3995a50592d7a39a9d2d3dd0a69c
v1	rk-v1-b181cb4a2746cce5c240b6d444498f5d37d6c2f8f98d7ed0406b5fad3e0b070a	96	47	FC-v1-utf16-source	archsimd	cell-v1-99c54e7967fd90b8c273025a180c0728e1e00de8399809f00c58a1e2c17c044c	op-v1-6eea92180fce34d88c932293380df3d76d366c3edd7e0ec5957e9ab46316c226	15	eligible		simd/archsimd Go 1.26.5:FC-v1-utf16-source audit row; required primitives: endian u16 loads/swaps, surrogate carry, compare/narrow, UTF-8 table/shuffle/pack, pair combine/u32 widen, counts/first-error; available: archsimd/ops_amd64.go:Load,Store,Shuffle,And,Or,Xor; archsimd/compare_gen_amd64.go:Equal,LessThan; archsimd/maskmerge_gen_amd64.go:Mask	utf32LengthFromUTF16LEArchsimd	symbol-v1-d3f19381f7c28fd9d33316103c6b44e80975b6efdaaa617bdfbfb2e29aa28bbf	shared-kernel-v1-0ba20f3619590125bd76202acdd3789ea52ada39660b60091f2b32a82a1fc170	cell-v1-99c54e7967fd90b8c273025a180c0728e1e00de8399809f00c58a1e2c17c044c		KB-v1-FC-v1-utf16-source-archsimd-01	batch-v1-24a2f41bf855af128ec8e1e690c8f977fe942bd66eedc73214cb5db9ecd946f6	EB-v1-KB-v1-FC-v1-utf16-source-archsimd-01-02	batch-v1-59ed42e04d5b82c09e6d48103e34a0c2570bffa356bef821923a7f1300fb87cb
v1	rk-v1-b181cb4a2746cce5c240b6d444498f5d37d6c2f8f98d7ed0406b5fad3e0b070a	96	47	FC-v1-utf16-source	neon	cell-v1-10cd484dc8659a869caec76919c20645d76cda00056ea47cfd2e9e942fd41902	op-v1-6eea92180fce34d88c932293380df3d76d366c3edd7e0ec5957e9ab46316c226	15	eligible		611becc2a08c27a4edc77d9a45ff74c97130129b:include/simdutf/implementation.h:3773;611becc2a08c27a4edc77d9a45ff74c97130129b:src/arm64/arm_convert_utf16_to_utf32.cpp:1-1	utf32LengthFromUTF16LENEON	symbol-v1-a97e84c46050ce7e2c8a59355517b713be3345809e2d1d0153209743cbb14a97	shared-kernel-v1-085fb6572eb93e249fdb940a784b8064376318877e969133589e20a7ab456ed9	cell-v1-10cd484dc8659a869caec76919c20645d76cda00056ea47cfd2e9e942fd41902		KB-v1-FC-v1-utf16-source-neon-01	batch-v1-b4d3e712f8dc898225dae4fa632a4c9d453ec6325eaba7443241e45c89b6efc7	EB-v1-KB-v1-FC-v1-utf16-source-neon-01-02	batch-v1-32db806ac4e31411241ece9c1e72b8ce0f36a478de342786a87b81b80e5ce7cc
v1	rk-v1-13fdf244ba31aed9abc8748be6d3e46983dae13415e7f0c437a2ae10a4751ac2	97	48	FC-v1-utf16-source	westmere	cell-v1-63559b10a965b2ddd2f2da16a59ad3f897707002a389ac639836284ab8110c75	op-v1-6eea92180fce34d88c932293380df3d76d366c3edd7e0ec5957e9ab46316c226	15	eligible		611becc2a08c27a4edc77d9a45ff74c97130129b:include/simdutf/implementation.h:3807;611becc2a08c27a4edc77d9a45ff74c97130129b:src/westmere/sse_convert_utf16_to_utf32.cpp:1-1	utf32LengthFromUTF16BEWestmere	symbol-v1-7d54d249e7f1eb808796d1b1d15db7b430eff3a93ee53acdc1ff7aa4197dc67b	shared-kernel-v1-def9a0d62d461d778be9f81314f07a95fce546f3e7c1ad49073a8c34266e98f1	cell-v1-63559b10a965b2ddd2f2da16a59ad3f897707002a389ac639836284ab8110c75		KB-v1-FC-v1-utf16-source-westmere-01	batch-v1-8ac1e06fbe7b0d6d9acd7feef54aa06d45269dfbc52a2ce7402cc1fafe2c61a9	EB-v1-KB-v1-FC-v1-utf16-source-westmere-01-02	batch-v1-f507acb68feacd62d95656066632ef952e03dd5219eea2a940dc00d4b9121fd5
v1	rk-v1-13fdf244ba31aed9abc8748be6d3e46983dae13415e7f0c437a2ae10a4751ac2	97	48	FC-v1-utf16-source	haswell	cell-v1-8760bc97c175e3fccf5abf0ace7a17dd6c0e24e75ab50e086fcd1dc91dceb6a2	op-v1-6eea92180fce34d88c932293380df3d76d366c3edd7e0ec5957e9ab46316c226	15	eligible		611becc2a08c27a4edc77d9a45ff74c97130129b:include/simdutf/implementation.h:3807;611becc2a08c27a4edc77d9a45ff74c97130129b:src/haswell/avx2_convert_utf16_to_utf32.cpp:1-1	utf32LengthFromUTF16BEHaswell	symbol-v1-023e668338911e8bcd5bd11bb140fb9b5dd4fd3bb46bb7d2666b0a7378b2cc03	shared-kernel-v1-0e391aa02188bd4c0bbc847caf37c0a8de763ef6f9ef92919876a9946e7e1296	cell-v1-8760bc97c175e3fccf5abf0ace7a17dd6c0e24e75ab50e086fcd1dc91dceb6a2		KB-v1-FC-v1-utf16-source-haswell-01	batch-v1-ec2f5d52cd3a97ee4c890ab940dfd992445655a453f7276d8bac3917ff81a9bd	EB-v1-KB-v1-FC-v1-utf16-source-haswell-01-02	batch-v1-98ce94838986347a0192dd207ffec4826ffe3995a50592d7a39a9d2d3dd0a69c
v1	rk-v1-13fdf244ba31aed9abc8748be6d3e46983dae13415e7f0c437a2ae10a4751ac2	97	48	FC-v1-utf16-source	archsimd	cell-v1-24b49e60f96b3b74eaf8468c22e5e1c96299ef6f107f588c2ee33749d801cfe0	op-v1-6eea92180fce34d88c932293380df3d76d366c3edd7e0ec5957e9ab46316c226	15	eligible		simd/archsimd Go 1.26.5:FC-v1-utf16-source audit row; archsimd/ops_amd64.go:Load,Store,Shuffle,And,Or,Xor; archsimd/compare_gen_amd64.go:Equal,LessThan; archsimd/maskmerge_gen_amd64.go:Mask	utf32LengthFromUTF16BEArchsimd	symbol-v1-38e3e772fe0848e413361ad4a28e9bb37a2d7660e18c072ec1156159b0291a16	shared-kernel-v1-e235f9aaf6e85bd069c178af8284896c4975d0d6e4c305195e98f8657171ea52	cell-v1-24b49e60f96b3b74eaf8468c22e5e1c96299ef6f107f588c2ee33749d801cfe0		KB-v1-FC-v1-utf16-source-archsimd-01	batch-v1-24a2f41bf855af128ec8e1e690c8f977fe942bd66eedc73214cb5db9ecd946f6	EB-v1-KB-v1-FC-v1-utf16-source-archsimd-01-02	batch-v1-59ed42e04d5b82c09e6d48103e34a0c2570bffa356bef821923a7f1300fb87cb
v1	rk-v1-13fdf244ba31aed9abc8748be6d3e46983dae13415e7f0c437a2ae10a4751ac2	97	48	FC-v1-utf16-source	neon	cell-v1-51d319d473499c3f7105fe2c8cec0bed6efffc44279b81c7d03be9204d06c6a8	op-v1-6eea92180fce34d88c932293380df3d76d366c3edd7e0ec5957e9ab46316c226	15	eligible		611becc2a08c27a4edc77d9a45ff74c97130129b:include/simdutf/implementation.h:3807;611becc2a08c27a4edc77d9a45ff74c97130129b:src/arm64/arm_convert_utf16_to_utf32.cpp:1-1	utf32LengthFromUTF16BENEON	symbol-v1-2057c9d05c02920fbf193ce97315cadbc92c2cc0113fb6e77064e9fdbb122efb	shared-kernel-v1-3f1110213e54e9e3df7b1e7b203a1d04ed24333053704e8e243ffbad1a6b29f4	cell-v1-51d319d473499c3f7105fe2c8cec0bed6efffc44279b81c7d03be9204d06c6a8		KB-v1-FC-v1-utf16-source-neon-01	batch-v1-b4d3e712f8dc898225dae4fa632a4c9d453ec6325eaba7443241e45c89b6efc7	EB-v1-KB-v1-FC-v1-utf16-source-neon-01-02	batch-v1-32db806ac4e31411241ece9c1e72b8ce0f36a478de342786a87b81b80e5ce7cc
v1	rk-v1-989ea38c71bdbbb4fc8334a5538ef785c2f35e95fa599edff76a2ba498d1b5a5	98	76	FC-v1-utf16-source	westmere	cell-v1-6adc068594e1548a2536ce5f8a341ccbeaf541c25e29fb6d52516e1113e7067a	op-v1-f16145af648802b565b96f95a0b48d81e4b24c8a3e638548cb6d147d331ebf1b	19	not_applicable	native_wrapper_delegates_explicit_endian	611becc2a08c27a4edc77d9a45ff74c97130129b:include/simdutf/implementation.h:3842									
v1	rk-v1-989ea38c71bdbbb4fc8334a5538ef785c2f35e95fa599edff76a2ba498d1b5a5	98	76	FC-v1-utf16-source	haswell	cell-v1-211350dd5df2e7c02b6f2eaeb2cdbb582ce763c380330c100e83ab660267ac2e	op-v1-f16145af648802b565b96f95a0b48d81e4b24c8a3e638548cb6d147d331ebf1b	19	not_applicable	native_wrapper_delegates_explicit_endian	611becc2a08c27a4edc77d9a45ff74c97130129b:include/simdutf/implementation.h:3842									
v1	rk-v1-989ea38c71bdbbb4fc8334a5538ef785c2f35e95fa599edff76a2ba498d1b5a5	98	76	FC-v1-utf16-source	archsimd	cell-v1-dcc2bb5d683a08d8c8ff994ea286a8e81be8bb10e46f715d31e3cbe6b9275550	op-v1-f16145af648802b565b96f95a0b48d81e4b24c8a3e638548cb6d147d331ebf1b	19	not_applicable	native_wrapper_delegates_explicit_endian	611becc2a08c27a4edc77d9a45ff74c97130129b:include/simdutf/implementation.h:3842									
v1	rk-v1-989ea38c71bdbbb4fc8334a5538ef785c2f35e95fa599edff76a2ba498d1b5a5	98	76	FC-v1-utf16-source	neon	cell-v1-e2117dddcf1fdad534dc736639a16f169aa802dc5805d37a57ae426c20f4b541	op-v1-f16145af648802b565b96f95a0b48d81e4b24c8a3e638548cb6d147d331ebf1b	19	not_applicable	native_wrapper_delegates_explicit_endian	611becc2a08c27a4edc77d9a45ff74c97130129b:include/simdutf/implementation.h:3842									
v1	rk-v1-b8956cd7054389f907740438f5326fbfc5061d813dfb885a35a2d8abfe679a4b	99	66	FC-v1-utf16-source	westmere	cell-v1-733cb32c33c036cf5c82d072f353973bf949c862c3c49c0832ed72f03696aafc	op-v1-f16145af648802b565b96f95a0b48d81e4b24c8a3e638548cb6d147d331ebf1b	19	eligible		611becc2a08c27a4edc77d9a45ff74c97130129b:include/simdutf/implementation.h:3873;611becc2a08c27a4edc77d9a45ff74c97130129b:src/westmere/implementation.cpp:1-1	countUTF16LEWestmere	symbol-v1-07f71c7de5a62aaff552e1d763ed6aa1c0289df8c50da8abad451b697affba1d	shared-kernel-v1-f8e02c9e2d47b5c7237063fc89f8b1372bd683d7a11dddef2871ebca1c4c3ac8	cell-v1-733cb32c33c036cf5c82d072f353973bf949c862c3c49c0832ed72f03696aafc		KB-v1-FC-v1-utf16-source-westmere-01	batch-v1-8ac1e06fbe7b0d6d9acd7feef54aa06d45269dfbc52a2ce7402cc1fafe2c61a9	EB-v1-KB-v1-FC-v1-utf16-source-westmere-01-03	batch-v1-2cae14014b45b293acc1f342d93d250be65ea0ece673fa56cfeea93481c916d2
v1	rk-v1-b8956cd7054389f907740438f5326fbfc5061d813dfb885a35a2d8abfe679a4b	99	66	FC-v1-utf16-source	haswell	cell-v1-9e3cda4c011ba64816603759c406109ebd9b6bba5f17e73ea45704f6095fb7db	op-v1-f16145af648802b565b96f95a0b48d81e4b24c8a3e638548cb6d147d331ebf1b	19	eligible		611becc2a08c27a4edc77d9a45ff74c97130129b:include/simdutf/implementation.h:3873;611becc2a08c27a4edc77d9a45ff74c97130129b:src/haswell/implementation.cpp:1-1	countUTF16LEHaswell	symbol-v1-385cabd66e7f5c2a62b3a3769fe918cce21a222d4edc01f75156edaa10b8ce1e	shared-kernel-v1-737e72127bab85a06b1c937b34f6d06cc82f81346b0678fb65b10cb4d3daff2a	cell-v1-9e3cda4c011ba64816603759c406109ebd9b6bba5f17e73ea45704f6095fb7db		KB-v1-FC-v1-utf16-source-haswell-01	batch-v1-ec2f5d52cd3a97ee4c890ab940dfd992445655a453f7276d8bac3917ff81a9bd	EB-v1-KB-v1-FC-v1-utf16-source-haswell-01-03	batch-v1-b57f4f09ec0b27dc9d964f6b036f80a9f36eccf55997e543d6a594b64d44960c
v1	rk-v1-b8956cd7054389f907740438f5326fbfc5061d813dfb885a35a2d8abfe679a4b	99	66	FC-v1-utf16-source	archsimd	cell-v1-efea2f38cf70ec109af11cbe2eecd032322df83685bf37c27a1a3a40f33d5ce3	op-v1-f16145af648802b565b96f95a0b48d81e4b24c8a3e638548cb6d147d331ebf1b	19	eligible		simd/archsimd Go 1.26.5:FC-v1-utf16-source audit row; archsimd/ops_amd64.go:Load,Store,Shuffle,And,Or,Xor; archsimd/compare_gen_amd64.go:Equal,LessThan; archsimd/maskmerge_gen_amd64.go:Mask	countUTF16LEArchsimd	symbol-v1-ad6314cab882e76c89642e9310d37c36f2b64ece9adfde463122992bd81ffe00	shared-kernel-v1-36d7f32dd805f8702a076831ceb30ceb56f929d0659459a59459e4e8311da2f0	cell-v1-efea2f38cf70ec109af11cbe2eecd032322df83685bf37c27a1a3a40f33d5ce3		KB-v1-FC-v1-utf16-source-archsimd-01	batch-v1-24a2f41bf855af128ec8e1e690c8f977fe942bd66eedc73214cb5db9ecd946f6	EB-v1-KB-v1-FC-v1-utf16-source-archsimd-01-03	batch-v1-5ead3d4d2d4992f7f4261c62c0ca0f7dc1f7de286688c9f4e4d0b24716fdaf70
v1	rk-v1-b8956cd7054389f907740438f5326fbfc5061d813dfb885a35a2d8abfe679a4b	99	66	FC-v1-utf16-source	neon	cell-v1-94e813a34dcfc83647bfa65900e86be2b6f33360a91dac488c1020c4d0dcdacb	op-v1-f16145af648802b565b96f95a0b48d81e4b24c8a3e638548cb6d147d331ebf1b	19	eligible		611becc2a08c27a4edc77d9a45ff74c97130129b:include/simdutf/implementation.h:3873;611becc2a08c27a4edc77d9a45ff74c97130129b:src/arm64/implementation.cpp:1-1	countUTF16LENEON	symbol-v1-dc9e012c6d2d2c07b244b06566977b17955e00b9e101d6b4a8c2dc177b8b8698	shared-kernel-v1-4146dfeb133f1f4bdba6301bcdd316a671c990d79b0ed77088dced7b3cb08f04	cell-v1-94e813a34dcfc83647bfa65900e86be2b6f33360a91dac488c1020c4d0dcdacb		KB-v1-FC-v1-utf16-source-neon-01	batch-v1-b4d3e712f8dc898225dae4fa632a4c9d453ec6325eaba7443241e45c89b6efc7	EB-v1-KB-v1-FC-v1-utf16-source-neon-01-03	batch-v1-2b14dc02005e1f286fe8248f71d3974a8c3819b342d65b47e788e2b12875653c
v1	rk-v1-572016c90a1e54bdd49a85c57a26b1e407f3c9be0559fb395c62c4b6ee197679	100	67	FC-v1-utf16-source	westmere	cell-v1-1e2862eed8a7d9ea5cc628497cb0a97a7c7af026eb1aa93479532b4fc615179d	op-v1-f16145af648802b565b96f95a0b48d81e4b24c8a3e638548cb6d147d331ebf1b	19	eligible		611becc2a08c27a4edc77d9a45ff74c97130129b:include/simdutf/implementation.h:3904;611becc2a08c27a4edc77d9a45ff74c97130129b:src/westmere/implementation.cpp:1-1	countUTF16BEWestmere	symbol-v1-7b0b26f64d1c80019db2226b00e4885b534025cf81c48441b2dc4c217ee8dad9	shared-kernel-v1-b4345eb2883dcc7923cea49da2054faf7948001d0b8e492b669ce3be0bec353a	cell-v1-1e2862eed8a7d9ea5cc628497cb0a97a7c7af026eb1aa93479532b4fc615179d		KB-v1-FC-v1-utf16-source-westmere-01	batch-v1-8ac1e06fbe7b0d6d9acd7feef54aa06d45269dfbc52a2ce7402cc1fafe2c61a9	EB-v1-KB-v1-FC-v1-utf16-source-westmere-01-03	batch-v1-2cae14014b45b293acc1f342d93d250be65ea0ece673fa56cfeea93481c916d2
v1	rk-v1-572016c90a1e54bdd49a85c57a26b1e407f3c9be0559fb395c62c4b6ee197679	100	67	FC-v1-utf16-source	haswell	cell-v1-dd21c7359163303f20cae5413b9d860b1afba64a0eef1233d00289b9250f9086	op-v1-f16145af648802b565b96f95a0b48d81e4b24c8a3e638548cb6d147d331ebf1b	19	eligible		611becc2a08c27a4edc77d9a45ff74c97130129b:include/simdutf/implementation.h:3904;611becc2a08c27a4edc77d9a45ff74c97130129b:src/haswell/implementation.cpp:1-1	countUTF16BEHaswell	symbol-v1-2199dad45e1e830334dd39d98ea9ce7b1d0239cd2e19ea24518ff29bb4b374b6	shared-kernel-v1-66c66904a4af4b55b885137a0bfa4102e59bc17685a2a76e3efa89b7bb298dde	cell-v1-dd21c7359163303f20cae5413b9d860b1afba64a0eef1233d00289b9250f9086		KB-v1-FC-v1-utf16-source-haswell-01	batch-v1-ec2f5d52cd3a97ee4c890ab940dfd992445655a453f7276d8bac3917ff81a9bd	EB-v1-KB-v1-FC-v1-utf16-source-haswell-01-03	batch-v1-b57f4f09ec0b27dc9d964f6b036f80a9f36eccf55997e543d6a594b64d44960c
v1	rk-v1-572016c90a1e54bdd49a85c57a26b1e407f3c9be0559fb395c62c4b6ee197679	100	67	FC-v1-utf16-source	archsimd	cell-v1-b8dab296367baef8d3d4516cae7beb4787c05fdafe48c4d9acba0a914217ecae	op-v1-f16145af648802b565b96f95a0b48d81e4b24c8a3e638548cb6d147d331ebf1b	19	eligible		simd/archsimd Go 1.26.5:FC-v1-utf16-source audit row; archsimd/ops_amd64.go:Load,Store,Shuffle,And,Or,Xor; archsimd/compare_gen_amd64.go:Equal,LessThan; archsimd/maskmerge_gen_amd64.go:Mask	countUTF16BEArchsimd	symbol-v1-ca9265c95f25b2c9eb1c4290e12fe8abdea2877da05ed9b0dbba7f6fc4b922bd	shared-kernel-v1-08c4b9f0d05ac7d8a95245cbfb4c4e7a7e78a491b2ee2e125663f51ed73fa6bc	cell-v1-b8dab296367baef8d3d4516cae7beb4787c05fdafe48c4d9acba0a914217ecae		KB-v1-FC-v1-utf16-source-archsimd-01	batch-v1-24a2f41bf855af128ec8e1e690c8f977fe942bd66eedc73214cb5db9ecd946f6	EB-v1-KB-v1-FC-v1-utf16-source-archsimd-01-03	batch-v1-5ead3d4d2d4992f7f4261c62c0ca0f7dc1f7de286688c9f4e4d0b24716fdaf70
v1	rk-v1-572016c90a1e54bdd49a85c57a26b1e407f3c9be0559fb395c62c4b6ee197679	100	67	FC-v1-utf16-source	neon	cell-v1-c306ef3408feea85f4aae92914a88e237a9c5192639db8bf11a2ea0676785fc3	op-v1-f16145af648802b565b96f95a0b48d81e4b24c8a3e638548cb6d147d331ebf1b	19	eligible		611becc2a08c27a4edc77d9a45ff74c97130129b:include/simdutf/implementation.h:3904;611becc2a08c27a4edc77d9a45ff74c97130129b:src/arm64/implementation.cpp:1-1	countUTF16BENEON	symbol-v1-3f4d30f592e0b55df8cff496180ca7eabb7e2557d1d1541d41f842d40b68a520	shared-kernel-v1-3a695b92b844d66234555a515c44b5595fe8359e4b60610f32b14a4999a271c5	cell-v1-c306ef3408feea85f4aae92914a88e237a9c5192639db8bf11a2ea0676785fc3		KB-v1-FC-v1-utf16-source-neon-01	batch-v1-b4d3e712f8dc898225dae4fa632a4c9d453ec6325eaba7443241e45c89b6efc7	EB-v1-KB-v1-FC-v1-utf16-source-neon-01-03	batch-v1-2b14dc02005e1f286fe8248f71d3974a8c3819b342d65b47e788e2b12875653c
v1	rk-v1-25e033ef77ccc3e63c07ac741076ce1d84aa0a3ba6092aa340f75360014b4a9d	101	61	FC-v1-utf16-source	westmere	cell-v1-2c4d890c856dd837a51abe1da0939ec58022c5e24e12b3e63b687f77123c89eb	op-v1-dc41a17a7b88b99d47b14b848d1618d5bf37e67059c01353f855183488b599de	scalar	not_applicable	primitive_gap	611becc2a08c27a4edc77d9a45ff74c97130129b:include/simdutf/implementation.h:4002									
v1	rk-v1-25e033ef77ccc3e63c07ac741076ce1d84aa0a3ba6092aa340f75360014b4a9d	101	61	FC-v1-utf16-source	haswell	cell-v1-a672609553186588746101bc69c5c38cd8bd562bf173380d26a2a29d7d376a4a	op-v1-dc41a17a7b88b99d47b14b848d1618d5bf37e67059c01353f855183488b599de	scalar	not_applicable	primitive_gap	611becc2a08c27a4edc77d9a45ff74c97130129b:include/simdutf/implementation.h:4002									
v1	rk-v1-25e033ef77ccc3e63c07ac741076ce1d84aa0a3ba6092aa340f75360014b4a9d	101	61	FC-v1-utf16-source	archsimd	cell-v1-8cef601946dd0e02b3af42c0fa10942c6ef7ab346caa79ed4bb2f2f383ee1fd5	op-v1-dc41a17a7b88b99d47b14b848d1618d5bf37e67059c01353f855183488b599de	scalar	not_applicable	primitive_gap	611becc2a08c27a4edc77d9a45ff74c97130129b:include/simdutf/implementation.h:4002									
v1	rk-v1-25e033ef77ccc3e63c07ac741076ce1d84aa0a3ba6092aa340f75360014b4a9d	101	61	FC-v1-utf16-source	neon	cell-v1-f5d7aa4a82f8b30d281f304e952a1eaa26c9872234488f71ab298a03ca6bacc9	op-v1-dc41a17a7b88b99d47b14b848d1618d5bf37e67059c01353f855183488b599de	scalar	not_applicable	primitive_gap	611becc2a08c27a4edc77d9a45ff74c97130129b:include/simdutf/implementation.h:4002									
v1	rk-v1-816fabaa7b64ee597f682171467fa59e0bb120a20c806dc2336a281f17cfe3a0	102	60	FC-v1-utf16-source	westmere	cell-v1-9bdd26bd00b416914e3866988f2ffa8376e83c7096c4fcf964eb8e33ff026dab	op-v1-db895b918af754a72740e0d39bcb22e552c6b7115846d5ebbb3a3db38686e00f	scalar	not_applicable	primitive_gap	611becc2a08c27a4edc77d9a45ff74c97130129b:include/simdutf/implementation.h:4034									
v1	rk-v1-816fabaa7b64ee597f682171467fa59e0bb120a20c806dc2336a281f17cfe3a0	102	60	FC-v1-utf16-source	haswell	cell-v1-f61d8f6ce53aa860158857ddd2f1bf6b9882f78185b76d44c31ddd9d9f3a6030	op-v1-db895b918af754a72740e0d39bcb22e552c6b7115846d5ebbb3a3db38686e00f	scalar	not_applicable	primitive_gap	611becc2a08c27a4edc77d9a45ff74c97130129b:include/simdutf/implementation.h:4034									
v1	rk-v1-816fabaa7b64ee597f682171467fa59e0bb120a20c806dc2336a281f17cfe3a0	102	60	FC-v1-utf16-source	archsimd	cell-v1-eb221c1184aed75589dfdda3dfda65942a55daa1967e9e8a961a1825fb5f748d	op-v1-db895b918af754a72740e0d39bcb22e552c6b7115846d5ebbb3a3db38686e00f	scalar	not_applicable	primitive_gap	611becc2a08c27a4edc77d9a45ff74c97130129b:include/simdutf/implementation.h:4034									
v1	rk-v1-816fabaa7b64ee597f682171467fa59e0bb120a20c806dc2336a281f17cfe3a0	102	60	FC-v1-utf16-source	neon	cell-v1-e573d310e3f2725b774946395fb35356b5ceb491ec42758d00d2a379a9e13155	op-v1-db895b918af754a72740e0d39bcb22e552c6b7115846d5ebbb3a3db38686e00f	scalar	not_applicable	primitive_gap	611becc2a08c27a4edc77d9a45ff74c97130129b:include/simdutf/implementation.h:4034									
v1	rk-v1-733f4040d68277629ef333d777ae72a6b1247ff05b9ef3a873bf4fb443ff39e5	103	62	FC-v1-utf16-source	westmere	cell-v1-647bc408160ec399a1978ed321a6810ce912874e1722e42fd5541084cb172c6a	op-v1-e4854a45198c527dbf2b33fa8e7dcaf6d2498e92e94fefe3f94ccd9f97181b23	scalar	not_applicable	primitive_gap	611becc2a08c27a4edc77d9a45ff74c97130129b:include/simdutf/implementation.h:4066									
v1	rk-v1-733f4040d68277629ef333d777ae72a6b1247ff05b9ef3a873bf4fb443ff39e5	103	62	FC-v1-utf16-source	haswell	cell-v1-c71b93dcb5071c8658cfdb0c98ea59b75f1ce9259396601c9b457e0402333fd2	op-v1-e4854a45198c527dbf2b33fa8e7dcaf6d2498e92e94fefe3f94ccd9f97181b23	scalar	not_applicable	primitive_gap	611becc2a08c27a4edc77d9a45ff74c97130129b:include/simdutf/implementation.h:4066									
v1	rk-v1-733f4040d68277629ef333d777ae72a6b1247ff05b9ef3a873bf4fb443ff39e5	103	62	FC-v1-utf16-source	archsimd	cell-v1-7d8cf26806ba1cd4f536fcfdbcdf4c855c54e4f0929243b8438fccf11185f1fc	op-v1-e4854a45198c527dbf2b33fa8e7dcaf6d2498e92e94fefe3f94ccd9f97181b23	scalar	not_applicable	primitive_gap	611becc2a08c27a4edc77d9a45ff74c97130129b:include/simdutf/implementation.h:4066									
v1	rk-v1-733f4040d68277629ef333d777ae72a6b1247ff05b9ef3a873bf4fb443ff39e5	103	62	FC-v1-utf16-source	neon	cell-v1-f2f40688ee22574dd0d87ddaf7fde463aaf0e2cd452f47799b89b20e7511f60e	op-v1-e4854a45198c527dbf2b33fa8e7dcaf6d2498e92e94fefe3f94ccd9f97181b23	scalar	not_applicable	primitive_gap	611becc2a08c27a4edc77d9a45ff74c97130129b:include/simdutf/implementation.h:4066									
v1	rk-v1-37e6ac38121f9cd40c7230d0632b0525c1ddb2f0dea84a2f4a60cced70084f6d	104	103	FC-v1-find	westmere	cell-v1-459c34c247510af3abc701817e8145eadd8eaa59198e0cd82a3d77e3bf4ec2e5	op-v1-f457b8d0b8064fed65b7673d88f36043087ed548c21061e445413e0c72973a5e	22	eligible		611becc2a08c27a4edc77d9a45ff74c97130129b:include/simdutf/implementation.h:4158;611becc2a08c27a4edc77d9a45ff74c97130129b:src/westmere/implementation.cpp:1-1;611becc2a08c27a4edc77d9a45ff74c97130129b:src/generic/find.h:1-1	findWestmere	symbol-v1-78af53b415b7cc7af59df98a58abd83212b854a5261fbb9961aa152aa81f0e35	shared-kernel-v1-351a1889e56efac9451c33b9e56d6122a972d1cac923c7717b4b6bb210eb7368	cell-v1-459c34c247510af3abc701817e8145eadd8eaa59198e0cd82a3d77e3bf4ec2e5		KB-v1-FC-v1-find-westmere-01	batch-v1-b21faa53d3a6e7d902cc6a94416d468528b95027859e82e7131b8f35e5a26345	EB-v1-KB-v1-FC-v1-find-westmere-01-01	batch-v1-4b06212c02736ab421bb89317803a6aac992b0af23841d02610d27e807b5af7b
v1	rk-v1-37e6ac38121f9cd40c7230d0632b0525c1ddb2f0dea84a2f4a60cced70084f6d	104	103	FC-v1-find	haswell	cell-v1-0f7529106c0142f76185b0df293fa67ef260d2fa1c59e932eb51da47d1badaf3	op-v1-f457b8d0b8064fed65b7673d88f36043087ed548c21061e445413e0c72973a5e	22	eligible		611becc2a08c27a4edc77d9a45ff74c97130129b:include/simdutf/implementation.h:4158;611becc2a08c27a4edc77d9a45ff74c97130129b:src/haswell/implementation.cpp:1-1;611becc2a08c27a4edc77d9a45ff74c97130129b:src/generic/find.h:1-1	findHaswell	symbol-v1-7b70a36bc7c8b9f19996b9a51ae94c375637ba54cee39db2061822ced1df1909	shared-kernel-v1-3e40b1d77da36d5f8cd5393d157a81f8828feb9627f0d908ab7c98641181587c	cell-v1-0f7529106c0142f76185b0df293fa67ef260d2fa1c59e932eb51da47d1badaf3		KB-v1-FC-v1-find-haswell-01	batch-v1-3a4d37dd22c43d24c62e0fe8ac490dee040c3207f477b8dd1e68b9310223b4ee	EB-v1-KB-v1-FC-v1-find-haswell-01-01	batch-v1-81a5b182367e4e6c7c7f4892c79b8ab931c7dd0af2c24de156e1be31482378e6
v1	rk-v1-37e6ac38121f9cd40c7230d0632b0525c1ddb2f0dea84a2f4a60cced70084f6d	104	103	FC-v1-find	archsimd	cell-v1-1144b7348188c7eee331b09b338b6b7f71f1107902b663162ee15dfc64667e8e	op-v1-f457b8d0b8064fed65b7673d88f36043087ed548c21061e445413e0c72973a5e	22	eligible		simd/archsimd Go 1.26.5:FC-v1-find audit row; required primitives: u8/u16 splat/compare, mask extraction, first-set-lane index, bounded loads; available: archsimd/ops_amd64.go:Load,Store,Shuffle,And,Or,Xor; archsimd/compare_gen_amd64.go:Equal,LessThan; archsimd/maskmerge_gen_amd64.go:Mask	findArchsimd	symbol-v1-ebd21969f9cde9222b4199a2bf8425fb2eb670d216fe1e7eb6c14326a71bc675	shared-kernel-v1-a41ce3f58811596840f72fd43957cd2a52e6719de6f557bd417fb6d0df5c2ec1	cell-v1-1144b7348188c7eee331b09b338b6b7f71f1107902b663162ee15dfc64667e8e		KB-v1-FC-v1-find-archsimd-01	batch-v1-bda387d0887350902f8a0ce43d27723a8c3f58ecac3b2e044a80d0f951f79b30	EB-v1-KB-v1-FC-v1-find-archsimd-01-01	batch-v1-55769913d9d5d735811ab12e46b3be9d1a4ef70e6d9429fe1168c98a976f9c8b
v1	rk-v1-37e6ac38121f9cd40c7230d0632b0525c1ddb2f0dea84a2f4a60cced70084f6d	104	103	FC-v1-find	neon	cell-v1-8a8c080b2e83bc1b238eaf6197aa66874e70efb586d811a524e211834b550515	op-v1-f457b8d0b8064fed65b7673d88f36043087ed548c21061e445413e0c72973a5e	22	eligible		611becc2a08c27a4edc77d9a45ff74c97130129b:include/simdutf/implementation.h:4158;611becc2a08c27a4edc77d9a45ff74c97130129b:src/arm64/arm_find.cpp:1-1	findNEON	symbol-v1-ec43fab5e2a18052566b98e09f8e594677c0c3a9be010d209a6d5e87fe93d863	shared-kernel-v1-237ff0c4441f98a06ae5c62ab9090b58dd5fbdf43b52a95b3bdd9063286d988d	cell-v1-8a8c080b2e83bc1b238eaf6197aa66874e70efb586d811a524e211834b550515		KB-v1-FC-v1-find-neon-01	batch-v1-fe1c7a67e26df22f57a34e9f6bba1e0b881a103656b070f6ae6b335f44c082df	EB-v1-KB-v1-FC-v1-find-neon-01-01	batch-v1-d25058537b847486a709bd06c2dc1e2221fb06820ed635ad34c66f257994f6c3
v1	rk-v1-387954bdef28fa555492c2ce9c51bf34e116cc2f5a9c08e04d7763aa0b07b507	105	104	FC-v1-find	westmere	cell-v1-32df6db0fe14fbb984a4eb6c843cb383794b65d63d13e92c68a6b9d02bcd3688	op-v1-f457b8d0b8064fed65b7673d88f36043087ed548c21061e445413e0c72973a5e	22	eligible		611becc2a08c27a4edc77d9a45ff74c97130129b:include/simdutf/implementation.h:4172;611becc2a08c27a4edc77d9a45ff74c97130129b:src/westmere/implementation.cpp:1-1;611becc2a08c27a4edc77d9a45ff74c97130129b:src/generic/find.h:1-1	findUTF16Westmere	symbol-v1-c98896185ca77c9b1230729e1bf2b1dcd29410b3da246c2e97e50e049879ee34	shared-kernel-v1-79b0d2a0a9d48f20b1e9229d13998730737c989797e0dcc53da00542deafdbd1	cell-v1-32df6db0fe14fbb984a4eb6c843cb383794b65d63d13e92c68a6b9d02bcd3688		KB-v1-FC-v1-find-westmere-01	batch-v1-b21faa53d3a6e7d902cc6a94416d468528b95027859e82e7131b8f35e5a26345	EB-v1-KB-v1-FC-v1-find-westmere-01-01	batch-v1-4b06212c02736ab421bb89317803a6aac992b0af23841d02610d27e807b5af7b
v1	rk-v1-387954bdef28fa555492c2ce9c51bf34e116cc2f5a9c08e04d7763aa0b07b507	105	104	FC-v1-find	haswell	cell-v1-52a8c7a91aa3cdc06253f8471e1a7f5d00ded22ac8e66974e4879bb0d0109d26	op-v1-f457b8d0b8064fed65b7673d88f36043087ed548c21061e445413e0c72973a5e	22	eligible		611becc2a08c27a4edc77d9a45ff74c97130129b:include/simdutf/implementation.h:4172;611becc2a08c27a4edc77d9a45ff74c97130129b:src/haswell/implementation.cpp:1-1;611becc2a08c27a4edc77d9a45ff74c97130129b:src/generic/find.h:1-1	findUTF16Haswell	symbol-v1-b4fadb249d2ba72b677dbb6fa338b5ade8eacd4f5056d71c10528029b962be11	shared-kernel-v1-4c52e6f2af88caf803939bd612676df386d7cf2d9245548b936d9a1ea2a5fec6	cell-v1-52a8c7a91aa3cdc06253f8471e1a7f5d00ded22ac8e66974e4879bb0d0109d26		KB-v1-FC-v1-find-haswell-01	batch-v1-3a4d37dd22c43d24c62e0fe8ac490dee040c3207f477b8dd1e68b9310223b4ee	EB-v1-KB-v1-FC-v1-find-haswell-01-01	batch-v1-81a5b182367e4e6c7c7f4892c79b8ab931c7dd0af2c24de156e1be31482378e6
v1	rk-v1-387954bdef28fa555492c2ce9c51bf34e116cc2f5a9c08e04d7763aa0b07b507	105	104	FC-v1-find	archsimd	cell-v1-a179c70bbfeed8f7dab385600d001dc56db7c690e92f0189c2bef7678a98d52e	op-v1-f457b8d0b8064fed65b7673d88f36043087ed548c21061e445413e0c72973a5e	22	eligible		simd/archsimd Go 1.26.5:FC-v1-find audit row; required primitives: u8/u16 splat/compare, mask extraction, first-set-lane index, bounded loads; available: archsimd/ops_amd64.go:Load,Store,Shuffle,And,Or,Xor; archsimd/compare_gen_amd64.go:Equal,LessThan; archsimd/maskmerge_gen_amd64.go:Mask	findUTF16Archsimd	symbol-v1-a25b25c9481824b05104a661ac8cc5d5b496e4566019d2a457df3b2dd148c07f	shared-kernel-v1-6c7ae9ddaca61d6163967aa1bcf04baba6a4ffc52cd38e35a378db7bb062b9de	cell-v1-a179c70bbfeed8f7dab385600d001dc56db7c690e92f0189c2bef7678a98d52e		KB-v1-FC-v1-find-archsimd-01	batch-v1-bda387d0887350902f8a0ce43d27723a8c3f58ecac3b2e044a80d0f951f79b30	EB-v1-KB-v1-FC-v1-find-archsimd-01-01	batch-v1-55769913d9d5d735811ab12e46b3be9d1a4ef70e6d9429fe1168c98a976f9c8b
v1	rk-v1-387954bdef28fa555492c2ce9c51bf34e116cc2f5a9c08e04d7763aa0b07b507	105	104	FC-v1-find	neon	cell-v1-9283f069d0b35261b1b8aa49035a349a91e069bc91d37a3659e424d7d8ebd6f3	op-v1-f457b8d0b8064fed65b7673d88f36043087ed548c21061e445413e0c72973a5e	22	eligible		611becc2a08c27a4edc77d9a45ff74c97130129b:include/simdutf/implementation.h:4172;611becc2a08c27a4edc77d9a45ff74c97130129b:src/arm64/arm_find.cpp:1-1	findUTF16NEON	symbol-v1-fab511a4b62a08d32fb7d9e258ebf52ab5d6dfadf1c9423969d7d80bf0fb3c3c	shared-kernel-v1-39783f85b804e14960868e5e5df734ec746677ed98e377966e5bbda098cba191	cell-v1-9283f069d0b35261b1b8aa49035a349a91e069bc91d37a3659e424d7d8ebd6f3		KB-v1-FC-v1-find-neon-01	batch-v1-fe1c7a67e26df22f57a34e9f6bba1e0b881a103656b070f6ae6b335f44c082df	EB-v1-KB-v1-FC-v1-find-neon-01-01	batch-v1-d25058537b847486a709bd06c2dc1e2221fb06820ed635ad34c66f257994f6c3
v1	rk-v1-50b21783520f709fd5e0f5f80ed6b53c727e0792ad023002f01b5e8879079883	106	122	FC-v1-base64	westmere	cell-v1-38ef3fb5ea406eca1993305bdbe27b7dbc4de3719cde756f24adb4e6cd711523	op-v1-e0db0e9bafc45fede172883e27c362f1fad8628fe723630fb422200a51151a4f	scalar	not_applicable	primitive_gap	611becc2a08c27a4edc77d9a45ff74c97130129b:include/simdutf/implementation.h:4244									
v1	rk-v1-50b21783520f709fd5e0f5f80ed6b53c727e0792ad023002f01b5e8879079883	106	122	FC-v1-base64	haswell	cell-v1-6d8e942e4879f85edcf03c13b5cfdd4297bbe990c073ac78caa401590652106c	op-v1-e0db0e9bafc45fede172883e27c362f1fad8628fe723630fb422200a51151a4f	scalar	not_applicable	primitive_gap	611becc2a08c27a4edc77d9a45ff74c97130129b:include/simdutf/implementation.h:4244									
v1	rk-v1-50b21783520f709fd5e0f5f80ed6b53c727e0792ad023002f01b5e8879079883	106	122	FC-v1-base64	archsimd	cell-v1-7c46f320b3261bb79cc3c7301b6f9a69754fc37d6dbac4dfd0d02b56c7d0bb87	op-v1-e0db0e9bafc45fede172883e27c362f1fad8628fe723630fb422200a51151a4f	scalar	not_applicable	primitive_gap	611becc2a08c27a4edc77d9a45ff74c97130129b:include/simdutf/implementation.h:4244									
v1	rk-v1-50b21783520f709fd5e0f5f80ed6b53c727e0792ad023002f01b5e8879079883	106	122	FC-v1-base64	neon	cell-v1-5aeb2b9b7c7a74adc71b3148b35ca0d54c78106865022e18cb0857fb7fdc2a76	op-v1-e0db0e9bafc45fede172883e27c362f1fad8628fe723630fb422200a51151a4f	scalar	not_applicable	primitive_gap	611becc2a08c27a4edc77d9a45ff74c97130129b:include/simdutf/implementation.h:4244									
v1	rk-v1-5a666b1e7fdbfce6ec632d54462273c049cddfc1addf0757fe9fb729bf970987	107	105	FC-v1-base64	westmere	cell-v1-67ba99fc398f00f9c3548867be5ac45220828658d187b51759418ddf1c6d7bca	op-v1-2103d99bcb1e4a27742af3a2ee36dfddb6ef140bf91f73502ec8266df07fe777	scalar	not_applicable	primitive_gap	611becc2a08c27a4edc77d9a45ff74c97130129b:include/simdutf/implementation.h:4276									
v1	rk-v1-5a666b1e7fdbfce6ec632d54462273c049cddfc1addf0757fe9fb729bf970987	107	105	FC-v1-base64	haswell	cell-v1-8bced68d0e7f2fa9ad54ea0c5fa632b57e7c54d906b67f674dae8df70acbe851	op-v1-2103d99bcb1e4a27742af3a2ee36dfddb6ef140bf91f73502ec8266df07fe777	scalar	not_applicable	primitive_gap	611becc2a08c27a4edc77d9a45ff74c97130129b:include/simdutf/implementation.h:4276									
v1	rk-v1-5a666b1e7fdbfce6ec632d54462273c049cddfc1addf0757fe9fb729bf970987	107	105	FC-v1-base64	archsimd	cell-v1-14f91238732d1197b4d31e673c3dc6b335124b5c1d832668d08351caf9dab137	op-v1-2103d99bcb1e4a27742af3a2ee36dfddb6ef140bf91f73502ec8266df07fe777	scalar	not_applicable	primitive_gap	611becc2a08c27a4edc77d9a45ff74c97130129b:include/simdutf/implementation.h:4276									
v1	rk-v1-5a666b1e7fdbfce6ec632d54462273c049cddfc1addf0757fe9fb729bf970987	107	105	FC-v1-base64	neon	cell-v1-d2d5da86b1bf989dd3aa1090b3626eb630cdf588f2fb093c64ceb8b27a1fdb63	op-v1-2103d99bcb1e4a27742af3a2ee36dfddb6ef140bf91f73502ec8266df07fe777	scalar	not_applicable	primitive_gap	611becc2a08c27a4edc77d9a45ff74c97130129b:include/simdutf/implementation.h:4276									
v1	rk-v1-9dad734064ad53eb48805e361a95f077dead8f178dbea3cb68beb54a7313cd73	108	106	FC-v1-base64	westmere	cell-v1-91846cef44468ad400bd2b60fb7d4bbec38c3ec7d8f76512859095d36ca2c382	op-v1-26b7be20b0edb4bbe19d6040c653a2816d536b2323353575cfe0c48bfbaa7fe5	21	eligible		611becc2a08c27a4edc77d9a45ff74c97130129b:include/simdutf/implementation.h:4307;611becc2a08c27a4edc77d9a45ff74c97130129b:src/westmere/implementation.cpp:1479-1482;611becc2a08c27a4edc77d9a45ff74c97130129b:src/generic/base64lengths.h:6-31;611becc2a08c27a4edc77d9a45ff74c97130129b:src/westmere/sse_base64.cpp:363-397	binaryLengthFromBase64Westmere	symbol-v1-b3ad0bd1b3b1b46cad331e299da96b438fac7d59c9ad56821e7f415ac4f7c5b8	shared-kernel-v1-a63b9ad2dc9183b3a245c418ed2dc3488b738e63521551989372c1617b2acb2b	cell-v1-91846cef44468ad400bd2b60fb7d4bbec38c3ec7d8f76512859095d36ca2c382		KB-v1-FC-v1-base64-westmere-01	batch-v1-cd818edb9a74319edbd89759f7ddf70b73f8f709734e66ed35019789c112d463	EB-v1-KB-v1-FC-v1-base64-westmere-01-01	batch-v1-9847c022f27e0442198ed5780baf9e0ad6cf6de441a8267d82c9c8354ad542e3
v1	rk-v1-9dad734064ad53eb48805e361a95f077dead8f178dbea3cb68beb54a7313cd73	108	106	FC-v1-base64	haswell	cell-v1-156b1872b9577ab14c582fd6ef96a0c7baffd3b74df1fd60101cdf528af5effe	op-v1-26b7be20b0edb4bbe19d6040c653a2816d536b2323353575cfe0c48bfbaa7fe5	21	eligible		611becc2a08c27a4edc77d9a45ff74c97130129b:include/simdutf/implementation.h:4307;611becc2a08c27a4edc77d9a45ff74c97130129b:src/haswell/implementation.cpp:1447-1450;611becc2a08c27a4edc77d9a45ff74c97130129b:src/haswell/avx2_base64.cpp:715-746	binaryLengthFromBase64Haswell	symbol-v1-3c82fd7844fc81802d8e92c9a41d467198be5dcd099d55a6d1e41a4db3f3b60b	shared-kernel-v1-1b76bd1243c154b9421040a817ae525cb7887c058445beddcd1cf100a377e65e	cell-v1-156b1872b9577ab14c582fd6ef96a0c7baffd3b74df1fd60101cdf528af5effe		KB-v1-FC-v1-base64-haswell-01	batch-v1-a8129f200d2cdb20f6277b5595de90a0c0570847a22bcc58ae2c6e97bc3e16cc	EB-v1-KB-v1-FC-v1-base64-haswell-01-01	batch-v1-a58e435d18cca80b8c8403b4edc40a2b3112f8575283fe71f243bbe8310e05d6
v1	rk-v1-9dad734064ad53eb48805e361a95f077dead8f178dbea3cb68beb54a7313cd73	108	106	FC-v1-base64	archsimd	cell-v1-f03a7aa4e22375baf12869544f262de97774d68640f13d2efc541424ad19af7a	op-v1-26b7be20b0edb4bbe19d6040c653a2816d536b2323353575cfe0c48bfbaa7fe5	21	eligible		simd/archsimd Go 1.26.5:FC-v1-base64 audit row; required primitives: shuffle/unpack, alphabet lookup, pack/store, line insertion; decode classification, whitespace/padding masks, compression, first-invalid index; available: archsimd/ops_amd64.go:Load,Store,Shuffle,And,Or,Xor; archsimd/compare_gen_amd64.go:Equal,LessThan; archsimd/maskmerge_gen_amd64.go:Mask	binaryLengthFromBase64Archsimd	symbol-v1-8ec7ac29acc444c4141fe846f3472b3ce88e9b99e3542154c136cbb8f116be19	shared-kernel-v1-4f27a4f9ac9558081cfcc8910aa236a26535cad303b6be2b14b1f86b2320ae79	cell-v1-f03a7aa4e22375baf12869544f262de97774d68640f13d2efc541424ad19af7a		KB-v1-FC-v1-base64-archsimd-01	batch-v1-eb2a31c9027b113d5bb27b19ed7f4fd0dd899eb75e3a93822206649cee09c5ec	EB-v1-KB-v1-FC-v1-base64-archsimd-01-01	batch-v1-06a44913d3d007dd3779a7e09d634eb436d9d9a88b17a55ab1fcc7ff5324a9ff
v1	rk-v1-9dad734064ad53eb48805e361a95f077dead8f178dbea3cb68beb54a7313cd73	108	106	FC-v1-base64	neon	cell-v1-c5eaef07b3008183bd1080382c79153502a93ab4d931f1d643649aab1a714725	op-v1-26b7be20b0edb4bbe19d6040c653a2816d536b2323353575cfe0c48bfbaa7fe5	21	eligible		611becc2a08c27a4edc77d9a45ff74c97130129b:include/simdutf/implementation.h:4307;611becc2a08c27a4edc77d9a45ff74c97130129b:src/arm64/implementation.cpp:1441-1444;611becc2a08c27a4edc77d9a45ff74c97130129b:src/generic/base64lengths.h:6-31;611becc2a08c27a4edc77d9a45ff74c97130129b:src/arm64/arm_base64.cpp:511-745	binaryLengthFromBase64NEON	symbol-v1-ef05536c36c72b38d990e09721848c3d90da5ddf9e1e2c4f4cf309827dea3a11	shared-kernel-v1-5a096fd0ecc2378018dd1e6b29d5169a50cab5f1bc4c6874adf19dc1dd991242	cell-v1-c5eaef07b3008183bd1080382c79153502a93ab4d931f1d643649aab1a714725		KB-v1-FC-v1-base64-neon-01	batch-v1-6c3b007720167296a74ef2568ca212ffafb2d01235b74eaf2f4b69ace0bf872b	EB-v1-KB-v1-FC-v1-base64-neon-01-01	batch-v1-41c9747e3fbe0f815337dd20563bb0f4ed261ecc2b3ea9f83249faca4114d69f
v1	rk-v1-37945655ce47d18f868420938978757bd41a0e0da213b742158a8167e2bf3b09	109	107	FC-v1-base64	westmere	cell-v1-0074e3cebac838e000da9225255f83cbcee3c2715d50aac9c0badbcbcc5df36a	op-v1-26b7be20b0edb4bbe19d6040c653a2816d536b2323353575cfe0c48bfbaa7fe5	21	eligible		611becc2a08c27a4edc77d9a45ff74c97130129b:include/simdutf/implementation.h:4341;611becc2a08c27a4edc77d9a45ff74c97130129b:src/westmere/implementation.cpp:1484-1487;611becc2a08c27a4edc77d9a45ff74c97130129b:src/generic/base64lengths.h:33-60;611becc2a08c27a4edc77d9a45ff74c97130129b:src/westmere/sse_base64.cpp:363-397	binaryLengthFromBase64UTF16Westmere	symbol-v1-78f6176e1cab7076ae001eb7a93e6e25b403b0f1e1dd0f5b1fd4786db087554b	shared-kernel-v1-6b1e3ef372f5acafd6241bd5a9ba7e87ac0e6d68af3ab8f5f62826d9bc176fd1	cell-v1-0074e3cebac838e000da9225255f83cbcee3c2715d50aac9c0badbcbcc5df36a		KB-v1-FC-v1-base64-westmere-01	batch-v1-cd818edb9a74319edbd89759f7ddf70b73f8f709734e66ed35019789c112d463	EB-v1-KB-v1-FC-v1-base64-westmere-01-01	batch-v1-9847c022f27e0442198ed5780baf9e0ad6cf6de441a8267d82c9c8354ad542e3
v1	rk-v1-37945655ce47d18f868420938978757bd41a0e0da213b742158a8167e2bf3b09	109	107	FC-v1-base64	haswell	cell-v1-944f0b84588186ee1f7069c8dda1bd4f4952c4a923ad7792fd93d157523a1401	op-v1-26b7be20b0edb4bbe19d6040c653a2816d536b2323353575cfe0c48bfbaa7fe5	21	eligible		611becc2a08c27a4edc77d9a45ff74c97130129b:include/simdutf/implementation.h:4341;611becc2a08c27a4edc77d9a45ff74c97130129b:src/haswell/implementation.cpp:1452-1455;611becc2a08c27a4edc77d9a45ff74c97130129b:src/haswell/avx2_base64.cpp:748-780	binaryLengthFromBase64UTF16Haswell	symbol-v1-8b677324db0467aafd45409fcefedfbd49fa36c4cabfbc452e5b54f6024d5d99	shared-kernel-v1-cbdb18083bbe7102d47a0991e0dbcaa64bc0db63d140e6b65ea411ae87e92ad2	cell-v1-944f0b84588186ee1f7069c8dda1bd4f4952c4a923ad7792fd93d157523a1401		KB-v1-FC-v1-base64-haswell-01	batch-v1-a8129f200d2cdb20f6277b5595de90a0c0570847a22bcc58ae2c6e97bc3e16cc	EB-v1-KB-v1-FC-v1-base64-haswell-01-01	batch-v1-a58e435d18cca80b8c8403b4edc40a2b3112f8575283fe71f243bbe8310e05d6
v1	rk-v1-37945655ce47d18f868420938978757bd41a0e0da213b742158a8167e2bf3b09	109	107	FC-v1-base64	archsimd	cell-v1-f7923f61383b04af798fc74b7ddee7e507107ee0ecbed7bae335d45d8b6f54f9	op-v1-26b7be20b0edb4bbe19d6040c653a2816d536b2323353575cfe0c48bfbaa7fe5	21	eligible		simd/archsimd Go 1.26.5:FC-v1-base64 audit row; required primitives: shuffle/unpack, alphabet lookup, pack/store, line insertion; decode classification, whitespace/padding masks, compression, first-invalid index; available: archsimd/ops_amd64.go:Load,Store,Shuffle,And,Or,Xor; archsimd/compare_gen_amd64.go:Equal,LessThan; archsimd/maskmerge_gen_amd64.go:Mask	binaryLengthFromBase64UTF16Archsimd	symbol-v1-a1bd1b788e2abd662d73f4826b4c7878d71c476d31af95e2bfdbc5f8b775261e	shared-kernel-v1-0e11fbde674ecb4d8514f69f7371361a6c57c0e5e2cb68d309c867d8572677db	cell-v1-f7923f61383b04af798fc74b7ddee7e507107ee0ecbed7bae335d45d8b6f54f9		KB-v1-FC-v1-base64-archsimd-01	batch-v1-eb2a31c9027b113d5bb27b19ed7f4fd0dd899eb75e3a93822206649cee09c5ec	EB-v1-KB-v1-FC-v1-base64-archsimd-01-01	batch-v1-06a44913d3d007dd3779a7e09d634eb436d9d9a88b17a55ab1fcc7ff5324a9ff
v1	rk-v1-37945655ce47d18f868420938978757bd41a0e0da213b742158a8167e2bf3b09	109	107	FC-v1-base64	neon	cell-v1-12edf100eb17023e7003cf627fc8d3c89573d3ce238a320cba0a6396957c2899	op-v1-26b7be20b0edb4bbe19d6040c653a2816d536b2323353575cfe0c48bfbaa7fe5	21	eligible		611becc2a08c27a4edc77d9a45ff74c97130129b:include/simdutf/implementation.h:4341;611becc2a08c27a4edc77d9a45ff74c97130129b:src/arm64/implementation.cpp:1446-1449;611becc2a08c27a4edc77d9a45ff74c97130129b:src/generic/base64lengths.h:33-60;611becc2a08c27a4edc77d9a45ff74c97130129b:src/arm64/arm_base64.cpp:511-745	binaryLengthFromBase64UTF16NEON	symbol-v1-7bed7554a3c4fc4ce46d8bd6ee03e648f67f60677954432c1cfd96d35db084bf	shared-kernel-v1-7c48496a26f41a7207959a9460b7df0990893ab68fec1a60a3a99b49b1186bf6	cell-v1-12edf100eb17023e7003cf627fc8d3c89573d3ce238a320cba0a6396957c2899		KB-v1-FC-v1-base64-neon-01	batch-v1-6c3b007720167296a74ef2568ca212ffafb2d01235b74eaf2f4b69ace0bf872b	EB-v1-KB-v1-FC-v1-base64-neon-01-01	batch-v1-41c9747e3fbe0f815337dd20563bb0f4ed261ecc2b3ea9f83249faca4114d69f
v1	rk-v1-ac71416aab71b2a2192e4135abe8bb197dea5f8d244187521fd4778da85416a7	110	108	FC-v1-base64	westmere	cell-v1-5c7f41c3b86cc05e5e379f7ba41f585854cf98570ddd818a88cdbcefba44e4b3	op-v1-26b7be20b0edb4bbe19d6040c653a2816d536b2323353575cfe0c48bfbaa7fe5	21	eligible		611becc2a08c27a4edc77d9a45ff74c97130129b:include/simdutf/implementation.h:4412;611becc2a08c27a4edc77d9a45ff74c97130129b:src/westmere/implementation.cpp:1326-1354;611becc2a08c27a4edc77d9a45ff74c97130129b:src/generic/base64.h:1-1;611becc2a08c27a4edc77d9a45ff74c97130129b:src/westmere/sse_base64.cpp:363-397	base64ToBinaryWestmere	symbol-v1-7e7531e487d7d981948ddffd198f0b470a66cf71a58aac576b3108992b148087	shared-kernel-v1-65214b0e50fc8e9ce4db4a9113d1b7f5c4d138dfd6de054519fcfa292cf47908	cell-v1-5c7f41c3b86cc05e5e379f7ba41f585854cf98570ddd818a88cdbcefba44e4b3		KB-v1-FC-v1-base64-westmere-01	batch-v1-cd818edb9a74319edbd89759f7ddf70b73f8f709734e66ed35019789c112d463	EB-v1-KB-v1-FC-v1-base64-westmere-01-01	batch-v1-9847c022f27e0442198ed5780baf9e0ad6cf6de441a8267d82c9c8354ad542e3
v1	rk-v1-ac71416aab71b2a2192e4135abe8bb197dea5f8d244187521fd4778da85416a7	110	108	FC-v1-base64	haswell	cell-v1-034d3bfd9e852574848def90e6147e53e112508aaa176770925ffb59239fbcd1	op-v1-26b7be20b0edb4bbe19d6040c653a2816d536b2323353575cfe0c48bfbaa7fe5	21	eligible		611becc2a08c27a4edc77d9a45ff74c97130129b:include/simdutf/implementation.h:4412;611becc2a08c27a4edc77d9a45ff74c97130129b:src/haswell/implementation.cpp:1295-1323;611becc2a08c27a4edc77d9a45ff74c97130129b:src/generic/base64.h:1-1;611becc2a08c27a4edc77d9a45ff74c97130129b:src/haswell/avx2_base64.cpp:409-440	base64ToBinaryHaswell	symbol-v1-820c7830a42de493eb30a3b284d02f6bc93f4b73201943cf3dadc936d7916f9d	shared-kernel-v1-c161132a0f63265d085e8583799a3654bec3464010ad979daec3d86cfc5015e0	cell-v1-034d3bfd9e852574848def90e6147e53e112508aaa176770925ffb59239fbcd1		KB-v1-FC-v1-base64-haswell-01	batch-v1-a8129f200d2cdb20f6277b5595de90a0c0570847a22bcc58ae2c6e97bc3e16cc	EB-v1-KB-v1-FC-v1-base64-haswell-01-01	batch-v1-a58e435d18cca80b8c8403b4edc40a2b3112f8575283fe71f243bbe8310e05d6
v1	rk-v1-ac71416aab71b2a2192e4135abe8bb197dea5f8d244187521fd4778da85416a7	110	108	FC-v1-base64	archsimd	cell-v1-339f5c7b4a73caa088b984cedd0209833e7678938dd4e4943758a45c57bd825a	op-v1-26b7be20b0edb4bbe19d6040c653a2816d536b2323353575cfe0c48bfbaa7fe5	21	eligible		simd/archsimd Go 1.26.5:FC-v1-base64 audit row; required primitives: shuffle/unpack, alphabet lookup, pack/store, line insertion; decode classification, whitespace/padding masks, compression, first-invalid index; available: archsimd/ops_amd64.go:Load,Store,Shuffle,And,Or,Xor; archsimd/compare_gen_amd64.go:Equal,LessThan; archsimd/maskmerge_gen_amd64.go:Mask	base64ToBinaryArchsimd	symbol-v1-45b48a16e400d642010510de49c40d3e969869d19895b29af3aba5149fd72cf1	shared-kernel-v1-2eb7aa4487fc53119827498f50813b5806506006743b92bd0e56f561d64e7a85	cell-v1-339f5c7b4a73caa088b984cedd0209833e7678938dd4e4943758a45c57bd825a		KB-v1-FC-v1-base64-archsimd-01	batch-v1-eb2a31c9027b113d5bb27b19ed7f4fd0dd899eb75e3a93822206649cee09c5ec	EB-v1-KB-v1-FC-v1-base64-archsimd-01-01	batch-v1-06a44913d3d007dd3779a7e09d634eb436d9d9a88b17a55ab1fcc7ff5324a9ff
v1	rk-v1-ac71416aab71b2a2192e4135abe8bb197dea5f8d244187521fd4778da85416a7	110	108	FC-v1-base64	neon	cell-v1-4e2bea34bdc6662267982a7d8fbc3c3656bff3b7037d5688377381190406523e	op-v1-26b7be20b0edb4bbe19d6040c653a2816d536b2323353575cfe0c48bfbaa7fe5	21	eligible		611becc2a08c27a4edc77d9a45ff74c97130129b:include/simdutf/implementation.h:4412;611becc2a08c27a4edc77d9a45ff74c97130129b:src/arm64/implementation.cpp:1299-1327;611becc2a08c27a4edc77d9a45ff74c97130129b:src/arm64/arm_base64.cpp:511-745	base64ToBinaryNEON	symbol-v1-9a2c152939dffbcc7b2957e1d240f0e76950948dc45104bd67052a2de3fe67aa	shared-kernel-v1-31020566d9f8ed34ccafa2efe72e9b583d1fdd09161f78c77eca1f6fca4c150f	cell-v1-4e2bea34bdc6662267982a7d8fbc3c3656bff3b7037d5688377381190406523e		KB-v1-FC-v1-base64-neon-01	batch-v1-6c3b007720167296a74ef2568ca212ffafb2d01235b74eaf2f4b69ace0bf872b	EB-v1-KB-v1-FC-v1-base64-neon-01-01	batch-v1-41c9747e3fbe0f815337dd20563bb0f4ed261ecc2b3ea9f83249faca4114d69f
v1	rk-v1-feba86b6f7e4b0dbdef40519dbc718619da7ee8b29f1c152dde0e6c61ffc71da	111	109	FC-v1-base64	westmere	cell-v1-3fcfe3d5625dbeb0fd171ca778c4f9ec917785529f94dbbe9feec27f60bc0e90	op-v1-26b7be20b0edb4bbe19d6040c653a2816d536b2323353575cfe0c48bfbaa7fe5	21	eligible		611becc2a08c27a4edc77d9a45ff74c97130129b:include/simdutf/implementation.h:4674;611becc2a08c27a4edc77d9a45ff74c97130129b:src/westmere/implementation.cpp:1386-1414;611becc2a08c27a4edc77d9a45ff74c97130129b:src/generic/base64.h:1-1;611becc2a08c27a4edc77d9a45ff74c97130129b:src/westmere/sse_base64.cpp:363-397	base64ToBinaryUTF16Westmere	symbol-v1-2ccf2d33b78fa12b7a44816b91603d1ad4834f8f70dbcc5c194c33e29ff483c7	shared-kernel-v1-823a9d9c5f2e228081b98c28fa371db74652e4b1d6966f5230daffbb9cbe11da	cell-v1-3fcfe3d5625dbeb0fd171ca778c4f9ec917785529f94dbbe9feec27f60bc0e90		KB-v1-FC-v1-base64-westmere-01	batch-v1-cd818edb9a74319edbd89759f7ddf70b73f8f709734e66ed35019789c112d463	EB-v1-KB-v1-FC-v1-base64-westmere-01-01	batch-v1-9847c022f27e0442198ed5780baf9e0ad6cf6de441a8267d82c9c8354ad542e3
v1	rk-v1-feba86b6f7e4b0dbdef40519dbc718619da7ee8b29f1c152dde0e6c61ffc71da	111	109	FC-v1-base64	haswell	cell-v1-5e6a0dba608d94ff8633cfe0f55f5c223f291df0842bef9746a15ebbb4dd027b	op-v1-26b7be20b0edb4bbe19d6040c653a2816d536b2323353575cfe0c48bfbaa7fe5	21	eligible		611becc2a08c27a4edc77d9a45ff74c97130129b:include/simdutf/implementation.h:4674;611becc2a08c27a4edc77d9a45ff74c97130129b:src/haswell/implementation.cpp:1355-1383;611becc2a08c27a4edc77d9a45ff74c97130129b:src/generic/base64.h:1-1;611becc2a08c27a4edc77d9a45ff74c97130129b:src/haswell/avx2_base64.cpp:409-440	base64ToBinaryUTF16Haswell	symbol-v1-6246263f2a923964d3076417abd8558ebe8de3ad1077545c2f1a27a2aea6a765	shared-kernel-v1-722ade7188f45182adf5eefaf7fe5ab9a6feb682861951713304a76d108e2497	cell-v1-5e6a0dba608d94ff8633cfe0f55f5c223f291df0842bef9746a15ebbb4dd027b		KB-v1-FC-v1-base64-haswell-01	batch-v1-a8129f200d2cdb20f6277b5595de90a0c0570847a22bcc58ae2c6e97bc3e16cc	EB-v1-KB-v1-FC-v1-base64-haswell-01-01	batch-v1-a58e435d18cca80b8c8403b4edc40a2b3112f8575283fe71f243bbe8310e05d6
v1	rk-v1-feba86b6f7e4b0dbdef40519dbc718619da7ee8b29f1c152dde0e6c61ffc71da	111	109	FC-v1-base64	archsimd	cell-v1-7991ada1419a1b39067a4bc902026e2449db1367bb31a371998d41e751362bce	op-v1-26b7be20b0edb4bbe19d6040c653a2816d536b2323353575cfe0c48bfbaa7fe5	21	eligible		simd/archsimd Go 1.26.5:FC-v1-base64 audit row; required primitives: shuffle/unpack, alphabet lookup, pack/store, line insertion; decode classification, whitespace/padding masks, compression, first-invalid index; available: archsimd/ops_amd64.go:Load,Store,Shuffle,And,Or,Xor; archsimd/compare_gen_amd64.go:Equal,LessThan; archsimd/maskmerge_gen_amd64.go:Mask	base64ToBinaryUTF16Archsimd	symbol-v1-74d733131f6f5214ad7905d568512f5562dc7873125b41f7e9a0877ce33f9e90	shared-kernel-v1-e7db26d22da94be95376ed4e327e74c31961f10952f6f9ea4233564f738e4625	cell-v1-7991ada1419a1b39067a4bc902026e2449db1367bb31a371998d41e751362bce		KB-v1-FC-v1-base64-archsimd-01	batch-v1-eb2a31c9027b113d5bb27b19ed7f4fd0dd899eb75e3a93822206649cee09c5ec	EB-v1-KB-v1-FC-v1-base64-archsimd-01-01	batch-v1-06a44913d3d007dd3779a7e09d634eb436d9d9a88b17a55ab1fcc7ff5324a9ff
v1	rk-v1-feba86b6f7e4b0dbdef40519dbc718619da7ee8b29f1c152dde0e6c61ffc71da	111	109	FC-v1-base64	neon	cell-v1-cb8777ca848ae385da9926ab34da5c995e100bf8d052bb9e0bd6a1500294b201	op-v1-26b7be20b0edb4bbe19d6040c653a2816d536b2323353575cfe0c48bfbaa7fe5	21	eligible		611becc2a08c27a4edc77d9a45ff74c97130129b:include/simdutf/implementation.h:4674;611becc2a08c27a4edc77d9a45ff74c97130129b:src/arm64/implementation.cpp:1359-1387;611becc2a08c27a4edc77d9a45ff74c97130129b:src/arm64/arm_base64.cpp:511-745	base64ToBinaryUTF16NEON	symbol-v1-1bedd9c8b94968dab87ea806c42c386cfe1ac05687e9ed4d7cc0d0e270fcb215	shared-kernel-v1-d17cd4188fd98a60064f0cf76c746a2608aa8e6ee8dd068bafb985110c2435ae	cell-v1-cb8777ca848ae385da9926ab34da5c995e100bf8d052bb9e0bd6a1500294b201		KB-v1-FC-v1-base64-neon-01	batch-v1-6c3b007720167296a74ef2568ca212ffafb2d01235b74eaf2f4b69ace0bf872b	EB-v1-KB-v1-FC-v1-base64-neon-01-01	batch-v1-41c9747e3fbe0f815337dd20563bb0f4ed261ecc2b3ea9f83249faca4114d69f
v1	rk-v1-8b7dab9a0de485c9b8fdeb694d290f44929a4c79ef57dbcdd566be92aa86754c	112	119	FC-v1-base64	westmere	cell-v1-ff4c23d3d58c6b1c5414cc61e38014003ffd75b9f5d6cd850176eb0cd8c88247	op-v1-b3ed939cd5a71624594cb74a1c97c77644a89ffba6122b21f2fa6e60618c0aed	scalar	not_applicable	primitive_gap	611becc2a08c27a4edc77d9a45ff74c97130129b:include/simdutf/implementation.h:4446									
v1	rk-v1-8b7dab9a0de485c9b8fdeb694d290f44929a4c79ef57dbcdd566be92aa86754c	112	119	FC-v1-base64	haswell	cell-v1-78c9f5fca7f98b115b2a7a39289f0d75f998e2098f2e07c656b91a8e6fb96528	op-v1-b3ed939cd5a71624594cb74a1c97c77644a89ffba6122b21f2fa6e60618c0aed	scalar	not_applicable	primitive_gap	611becc2a08c27a4edc77d9a45ff74c97130129b:include/simdutf/implementation.h:4446									
v1	rk-v1-8b7dab9a0de485c9b8fdeb694d290f44929a4c79ef57dbcdd566be92aa86754c	112	119	FC-v1-base64	archsimd	cell-v1-ad7259c3a52dc34dcf3a1f4550cfeb26a8621f4c90282d3de1f89714aa2c4c03	op-v1-b3ed939cd5a71624594cb74a1c97c77644a89ffba6122b21f2fa6e60618c0aed	scalar	not_applicable	primitive_gap	611becc2a08c27a4edc77d9a45ff74c97130129b:include/simdutf/implementation.h:4446									
v1	rk-v1-8b7dab9a0de485c9b8fdeb694d290f44929a4c79ef57dbcdd566be92aa86754c	112	119	FC-v1-base64	neon	cell-v1-3f894cb90f0a30f3aae7066a125646e1397ea5f5044fe0835fe6d80278229dc4	op-v1-b3ed939cd5a71624594cb74a1c97c77644a89ffba6122b21f2fa6e60618c0aed	scalar	not_applicable	primitive_gap	611becc2a08c27a4edc77d9a45ff74c97130129b:include/simdutf/implementation.h:4446									
v1	rk-v1-7a19427f3ffa5b8b45947a709a09a0f2671f3bd6b08cb8ceb437c64dac10c451	113	120	FC-v1-base64	westmere	cell-v1-e71c696d98984978e28933b20d8b7a419b9baf05fcca7943b6e61440b067f0a4	op-v1-b7d46826f574129e6e96e0ef2938d7d485a578afca2918908b4bde7a9aaa3c8f	scalar	not_applicable	primitive_gap	611becc2a08c27a4edc77d9a45ff74c97130129b:include/simdutf/implementation.h:4462									
v1	rk-v1-7a19427f3ffa5b8b45947a709a09a0f2671f3bd6b08cb8ceb437c64dac10c451	113	120	FC-v1-base64	haswell	cell-v1-26dccf412fc29ca4b2a58a4134afbbf99b1fcd2511c2734aa2bf7648c4da841c	op-v1-b7d46826f574129e6e96e0ef2938d7d485a578afca2918908b4bde7a9aaa3c8f	scalar	not_applicable	primitive_gap	611becc2a08c27a4edc77d9a45ff74c97130129b:include/simdutf/implementation.h:4462									
v1	rk-v1-7a19427f3ffa5b8b45947a709a09a0f2671f3bd6b08cb8ceb437c64dac10c451	113	120	FC-v1-base64	archsimd	cell-v1-f5d1eef6be6858da6faf46390c6841bb74b61a6bb5be2839ad5b3a60cec5d421	op-v1-b7d46826f574129e6e96e0ef2938d7d485a578afca2918908b4bde7a9aaa3c8f	scalar	not_applicable	primitive_gap	611becc2a08c27a4edc77d9a45ff74c97130129b:include/simdutf/implementation.h:4462									
v1	rk-v1-7a19427f3ffa5b8b45947a709a09a0f2671f3bd6b08cb8ceb437c64dac10c451	113	120	FC-v1-base64	neon	cell-v1-b9409d96d243df25d4639cf0b09f19e5183ea0105a7fc5412d78eb3458f1ea9b	op-v1-b7d46826f574129e6e96e0ef2938d7d485a578afca2918908b4bde7a9aaa3c8f	scalar	not_applicable	primitive_gap	611becc2a08c27a4edc77d9a45ff74c97130129b:include/simdutf/implementation.h:4462									
v1	rk-v1-f90752995a313f8265e357fd0f9ffbe92f6b7c08a219168b5c3c69f8df284b2f	114	115	FC-v1-base64	westmere	cell-v1-017a4080a7bdf4ffb235a1a5b9b4cba9c52739ac8b30011ef90c2cebbe5ae593	op-v1-848432663386540ad98bd7928ec1b28e69d62fd64d15c46ba10443166210a11b	20	eligible		611becc2a08c27a4edc77d9a45ff74c97130129b:include/simdutf/implementation.h:4490;611becc2a08c27a4edc77d9a45ff74c97130129b:src/westmere/implementation.cpp:1446-1454;611becc2a08c27a4edc77d9a45ff74c97130129b:src/westmere/sse_base64.cpp:89-324	binaryToBase64Westmere	symbol-v1-6be78d948364e4c2abe1050f8677ddcfb7c950ef96e288afaedeb74db197fd23	shared-kernel-v1-fd1d39d9fecd1c2fa0faa639ef3cc3d9cbdaef5e0f51711e7732b1959f6a8085	cell-v1-017a4080a7bdf4ffb235a1a5b9b4cba9c52739ac8b30011ef90c2cebbe5ae593		KB-v1-FC-v1-base64-westmere-01	batch-v1-cd818edb9a74319edbd89759f7ddf70b73f8f709734e66ed35019789c112d463	EB-v1-KB-v1-FC-v1-base64-westmere-01-01	batch-v1-9847c022f27e0442198ed5780baf9e0ad6cf6de441a8267d82c9c8354ad542e3
v1	rk-v1-f90752995a313f8265e357fd0f9ffbe92f6b7c08a219168b5c3c69f8df284b2f	114	115	FC-v1-base64	haswell	cell-v1-2d4281f357be7dd721e0d24ba97615bcb5cc30b3b5a4e6f6cc22dd795a5990cd	op-v1-848432663386540ad98bd7928ec1b28e69d62fd64d15c46ba10443166210a11b	20	eligible		611becc2a08c27a4edc77d9a45ff74c97130129b:include/simdutf/implementation.h:4490;611becc2a08c27a4edc77d9a45ff74c97130129b:src/haswell/implementation.cpp:1415-1423;611becc2a08c27a4edc77d9a45ff74c97130129b:src/haswell/avx2_base64.cpp:95-350	binaryToBase64Haswell	symbol-v1-969184020dbc398b2cb2d00fc181680009e05f5ee4a28f9e3a1173c98064f407	shared-kernel-v1-623af46488ea94a9f528c933fdec1c3c597fde55d77907452e1fca13dd368407	cell-v1-2d4281f357be7dd721e0d24ba97615bcb5cc30b3b5a4e6f6cc22dd795a5990cd		KB-v1-FC-v1-base64-haswell-01	batch-v1-a8129f200d2cdb20f6277b5595de90a0c0570847a22bcc58ae2c6e97bc3e16cc	EB-v1-KB-v1-FC-v1-base64-haswell-01-01	batch-v1-a58e435d18cca80b8c8403b4edc40a2b3112f8575283fe71f243bbe8310e05d6
v1	rk-v1-f90752995a313f8265e357fd0f9ffbe92f6b7c08a219168b5c3c69f8df284b2f	114	115	FC-v1-base64	archsimd	cell-v1-4681ba937c379472c5ae038a10d70e22dcb3838e44e661b905332e57a374aa3f	op-v1-848432663386540ad98bd7928ec1b28e69d62fd64d15c46ba10443166210a11b	20	eligible		simd/archsimd Go 1.26.5:FC-v1-base64 audit row; required primitives: shuffle/unpack, alphabet lookup, pack/store, line insertion; decode classification, whitespace/padding masks, compression, first-invalid index; available: archsimd/ops_amd64.go:Load,Store,Shuffle,And,Or,Xor; archsimd/compare_gen_amd64.go:Equal,LessThan; archsimd/maskmerge_gen_amd64.go:Mask	binaryToBase64Archsimd	symbol-v1-aa2bd012d816aa252a8a18d940a634e0d5a26a8553c2d76da1be607c123d5e95	shared-kernel-v1-0a1eb31600f0e27ef16a69135e44f6b4f7bd66377dac9d8c92d335a44497ebbc	cell-v1-4681ba937c379472c5ae038a10d70e22dcb3838e44e661b905332e57a374aa3f		KB-v1-FC-v1-base64-archsimd-01	batch-v1-eb2a31c9027b113d5bb27b19ed7f4fd0dd899eb75e3a93822206649cee09c5ec	EB-v1-KB-v1-FC-v1-base64-archsimd-01-01	batch-v1-06a44913d3d007dd3779a7e09d634eb436d9d9a88b17a55ab1fcc7ff5324a9ff
v1	rk-v1-f90752995a313f8265e357fd0f9ffbe92f6b7c08a219168b5c3c69f8df284b2f	114	115	FC-v1-base64	neon	cell-v1-8ce2d331d616fc9b9a0a4ea43ce9d47acaced3f4e5a5a4235ac5a723db09f477	op-v1-848432663386540ad98bd7928ec1b28e69d62fd64d15c46ba10443166210a11b	20	eligible		611becc2a08c27a4edc77d9a45ff74c97130129b:include/simdutf/implementation.h:4490;611becc2a08c27a4edc77d9a45ff74c97130129b:src/arm64/implementation.cpp:1419-1423;611becc2a08c27a4edc77d9a45ff74c97130129b:src/arm64/arm_base64.cpp:113-245	binaryToBase64NEON	symbol-v1-26f1e5da9318c9b61fdf882bb964e8bb33ef6d37b70dfd0ac4b778a9f4ea3eb3	shared-kernel-v1-fed3bf12ce5baac4586844b30e5f143a05f6488e713bd86b60dcc46672def92b	cell-v1-8ce2d331d616fc9b9a0a4ea43ce9d47acaced3f4e5a5a4235ac5a723db09f477		KB-v1-FC-v1-base64-neon-01	batch-v1-6c3b007720167296a74ef2568ca212ffafb2d01235b74eaf2f4b69ace0bf872b	EB-v1-KB-v1-FC-v1-base64-neon-01-01	batch-v1-41c9747e3fbe0f815337dd20563bb0f4ed261ecc2b3ea9f83249faca4114d69f
v1	rk-v1-96de3068de76d8c676cd15270b401d02ce26867042e4af2cf176b015826a081b	115	116	FC-v1-base64	westmere	cell-v1-cee6fed938262d57cbfea632a641c2109a9fc622519b0f84b9762da036c8eac3	op-v1-848432663386540ad98bd7928ec1b28e69d62fd64d15c46ba10443166210a11b	20	eligible		611becc2a08c27a4edc77d9a45ff74c97130129b:include/simdutf/implementation.h:4536;611becc2a08c27a4edc77d9a45ff74c97130129b:src/westmere/implementation.cpp:1456-1467;611becc2a08c27a4edc77d9a45ff74c97130129b:src/westmere/sse_base64.cpp:89-318	binaryToBase64WithLinesWestmere	symbol-v1-cd5eee0e3f22a40cd641f42c2395c05762e5e8b81254c0cb20c6b12bfbc3afea	shared-kernel-v1-96139ede5c4abf40d46991c38551f980d7908687f88d79032a90d29a530a72fe	cell-v1-cee6fed938262d57cbfea632a641c2109a9fc622519b0f84b9762da036c8eac3		KB-v1-FC-v1-base64-westmere-01	batch-v1-cd818edb9a74319edbd89759f7ddf70b73f8f709734e66ed35019789c112d463	EB-v1-KB-v1-FC-v1-base64-westmere-01-01	batch-v1-9847c022f27e0442198ed5780baf9e0ad6cf6de441a8267d82c9c8354ad542e3
v1	rk-v1-96de3068de76d8c676cd15270b401d02ce26867042e4af2cf176b015826a081b	115	116	FC-v1-base64	haswell	cell-v1-9a1c8001eb3544d4985474790e61ec0148ab8b6a25a4a27da46f1583a250b7c2	op-v1-848432663386540ad98bd7928ec1b28e69d62fd64d15c46ba10443166210a11b	20	eligible		611becc2a08c27a4edc77d9a45ff74c97130129b:include/simdutf/implementation.h:4536;611becc2a08c27a4edc77d9a45ff74c97130129b:src/haswell/implementation.cpp:1425-1436;611becc2a08c27a4edc77d9a45ff74c97130129b:src/haswell/avx2_base64.cpp:95-350	binaryToBase64WithLinesHaswell	symbol-v1-cdbf5f16b087719ceb113a0f92695821d14b721f6d43aab967149b750025e50d	shared-kernel-v1-3ad47991dc2a4b338951c2703dda2c56b58d0b280c620ca3b027f08528627f71	cell-v1-9a1c8001eb3544d4985474790e61ec0148ab8b6a25a4a27da46f1583a250b7c2		KB-v1-FC-v1-base64-haswell-01	batch-v1-a8129f200d2cdb20f6277b5595de90a0c0570847a22bcc58ae2c6e97bc3e16cc	EB-v1-KB-v1-FC-v1-base64-haswell-01-01	batch-v1-a58e435d18cca80b8c8403b4edc40a2b3112f8575283fe71f243bbe8310e05d6
v1	rk-v1-96de3068de76d8c676cd15270b401d02ce26867042e4af2cf176b015826a081b	115	116	FC-v1-base64	archsimd	cell-v1-947b1686a49035fa2048a9474b08b07f0ee423aaeb2c5c4b8bce19bffa2949d2	op-v1-848432663386540ad98bd7928ec1b28e69d62fd64d15c46ba10443166210a11b	20	eligible		simd/archsimd Go 1.26.5:FC-v1-base64 audit row; required primitives: shuffle/unpack, alphabet lookup, pack/store, line insertion; decode classification, whitespace/padding masks, compression, first-invalid index; available: archsimd/ops_amd64.go:Load,Store,Shuffle,And,Or,Xor; archsimd/compare_gen_amd64.go:Equal,LessThan; archsimd/maskmerge_gen_amd64.go:Mask	binaryToBase64WithLinesArchsimd	symbol-v1-9a344bb8c737b269dfc735a14752c732cba141ea4eb27e2ecf174c64ba23436c	shared-kernel-v1-b6c2f99598037f8f333ff160e3fb1fbf6ec57e54292bab6aa3b85c36196ec333	cell-v1-947b1686a49035fa2048a9474b08b07f0ee423aaeb2c5c4b8bce19bffa2949d2		KB-v1-FC-v1-base64-archsimd-01	batch-v1-eb2a31c9027b113d5bb27b19ed7f4fd0dd899eb75e3a93822206649cee09c5ec	EB-v1-KB-v1-FC-v1-base64-archsimd-01-01	batch-v1-06a44913d3d007dd3779a7e09d634eb436d9d9a88b17a55ab1fcc7ff5324a9ff
v1	rk-v1-96de3068de76d8c676cd15270b401d02ce26867042e4af2cf176b015826a081b	115	116	FC-v1-base64	neon	cell-v1-f9a00682432964d2fe50b906e15276b4b6e4030487a7304e6604718d859b8bb1	op-v1-848432663386540ad98bd7928ec1b28e69d62fd64d15c46ba10443166210a11b	20	eligible		611becc2a08c27a4edc77d9a45ff74c97130129b:include/simdutf/implementation.h:4536;611becc2a08c27a4edc77d9a45ff74c97130129b:src/arm64/implementation.cpp:1425-1429;611becc2a08c27a4edc77d9a45ff74c97130129b:src/arm64/arm_base64.cpp:113-240	binaryToBase64WithLinesNEON	symbol-v1-eedcb820e519b635831bb7fd38e0ec440578f393bc9df2112857eb130c8cd563	shared-kernel-v1-4022c0f2b09e7f4e3d748b664120a94fdc4990f439f8779137dfda6f8f6edcae	cell-v1-f9a00682432964d2fe50b906e15276b4b6e4030487a7304e6604718d859b8bb1		KB-v1-FC-v1-base64-neon-01	batch-v1-6c3b007720167296a74ef2568ca212ffafb2d01235b74eaf2f4b69ace0bf872b	EB-v1-KB-v1-FC-v1-base64-neon-01-01	batch-v1-41c9747e3fbe0f815337dd20563bb0f4ed261ecc2b3ea9f83249faca4114d69f
v1	rk-v1-2ac3efd97f13e0754e432673c7e0d651c796332a49ccce71baa9fe483c5c2a17	116	110	FC-v1-base64	westmere	cell-v1-bbc81ae79a593807514c113d2ba2c504247ba9cfa9628587ba1d79cb30787ad5	op-v1-26b7be20b0edb4bbe19d6040c653a2816d536b2323353575cfe0c48bfbaa7fe5	21	eligible		611becc2a08c27a4edc77d9a45ff74c97130129b:include/simdutf/implementation.h:4748;611becc2a08c27a4edc77d9a45ff74c97130129b:src/westmere/implementation.cpp:1356-1384;611becc2a08c27a4edc77d9a45ff74c97130129b:src/generic/base64.h:1-1;611becc2a08c27a4edc77d9a45ff74c97130129b:src/westmere/sse_base64.cpp:363-397	base64ToBinaryDetailsWestmere	symbol-v1-e9145cef5a94e795f98a36dfd56dbc42cf657a101e0f4d6997ca83b5b87a098d	shared-kernel-v1-65214b0e50fc8e9ce4db4a9113d1b7f5c4d138dfd6de054519fcfa292cf47908	cell-v1-5c7f41c3b86cc05e5e379f7ba41f585854cf98570ddd818a88cdbcefba44e4b3	cell-v1-5c7f41c3b86cc05e5e379f7ba41f585854cf98570ddd818a88cdbcefba44e4b3	KB-v1-FC-v1-base64-westmere-01	batch-v1-cd818edb9a74319edbd89759f7ddf70b73f8f709734e66ed35019789c112d463	EB-v1-KB-v1-FC-v1-base64-westmere-01-01	batch-v1-9847c022f27e0442198ed5780baf9e0ad6cf6de441a8267d82c9c8354ad542e3
v1	rk-v1-2ac3efd97f13e0754e432673c7e0d651c796332a49ccce71baa9fe483c5c2a17	116	110	FC-v1-base64	haswell	cell-v1-6d88e2cbb39f4fd9c40884977442ae903ff17cc6eb9df3f88949ec107f4ce393	op-v1-26b7be20b0edb4bbe19d6040c653a2816d536b2323353575cfe0c48bfbaa7fe5	21	eligible		611becc2a08c27a4edc77d9a45ff74c97130129b:include/simdutf/implementation.h:4748;611becc2a08c27a4edc77d9a45ff74c97130129b:src/haswell/implementation.cpp:1325-1353;611becc2a08c27a4edc77d9a45ff74c97130129b:src/generic/base64.h:1-1;611becc2a08c27a4edc77d9a45ff74c97130129b:src/haswell/avx2_base64.cpp:409-440	base64ToBinaryDetailsHaswell	symbol-v1-e1fe7a79ff5064d3b1df50ac9072da85977539f1a2c653e2c4f23d63e2a97e87	shared-kernel-v1-c161132a0f63265d085e8583799a3654bec3464010ad979daec3d86cfc5015e0	cell-v1-034d3bfd9e852574848def90e6147e53e112508aaa176770925ffb59239fbcd1	cell-v1-034d3bfd9e852574848def90e6147e53e112508aaa176770925ffb59239fbcd1	KB-v1-FC-v1-base64-haswell-01	batch-v1-a8129f200d2cdb20f6277b5595de90a0c0570847a22bcc58ae2c6e97bc3e16cc	EB-v1-KB-v1-FC-v1-base64-haswell-01-01	batch-v1-a58e435d18cca80b8c8403b4edc40a2b3112f8575283fe71f243bbe8310e05d6
v1	rk-v1-2ac3efd97f13e0754e432673c7e0d651c796332a49ccce71baa9fe483c5c2a17	116	110	FC-v1-base64	archsimd	cell-v1-a246075a99be2f6bf1ce103458048190167d3c6413497aed06cc7fc936db9f15	op-v1-26b7be20b0edb4bbe19d6040c653a2816d536b2323353575cfe0c48bfbaa7fe5	21	eligible		simd/archsimd Go 1.26.5:FC-v1-base64 audit row; required primitives: shuffle/unpack, alphabet lookup, pack/store, line insertion; decode classification, whitespace/padding masks, compression, first-invalid index; available: archsimd/ops_amd64.go:Load,Store,Shuffle,And,Or,Xor; archsimd/compare_gen_amd64.go:Equal,LessThan; archsimd/maskmerge_gen_amd64.go:Mask	base64ToBinaryDetailsArchsimd	symbol-v1-05f631530eb71e854c4e11ce6ec0c809167c4981564fbf3302a88d947da173d6	shared-kernel-v1-2eb7aa4487fc53119827498f50813b5806506006743b92bd0e56f561d64e7a85	cell-v1-339f5c7b4a73caa088b984cedd0209833e7678938dd4e4943758a45c57bd825a	cell-v1-339f5c7b4a73caa088b984cedd0209833e7678938dd4e4943758a45c57bd825a	KB-v1-FC-v1-base64-archsimd-01	batch-v1-eb2a31c9027b113d5bb27b19ed7f4fd0dd899eb75e3a93822206649cee09c5ec	EB-v1-KB-v1-FC-v1-base64-archsimd-01-01	batch-v1-06a44913d3d007dd3779a7e09d634eb436d9d9a88b17a55ab1fcc7ff5324a9ff
v1	rk-v1-2ac3efd97f13e0754e432673c7e0d651c796332a49ccce71baa9fe483c5c2a17	116	110	FC-v1-base64	neon	cell-v1-89505917208d59c2b50c9d5eb1eb02336fa4fa982adff8df5689a141301265f8	op-v1-26b7be20b0edb4bbe19d6040c653a2816d536b2323353575cfe0c48bfbaa7fe5	21	eligible		611becc2a08c27a4edc77d9a45ff74c97130129b:include/simdutf/implementation.h:4748;611becc2a08c27a4edc77d9a45ff74c97130129b:src/arm64/implementation.cpp:1329-1357;611becc2a08c27a4edc77d9a45ff74c97130129b:src/arm64/arm_base64.cpp:511-745	base64ToBinaryDetailsNEON	symbol-v1-8f393f135fd3cc0e6f8e185c07cfa4942664c89ba346f76a93c3bd21173df7c6	shared-kernel-v1-31020566d9f8ed34ccafa2efe72e9b583d1fdd09161f78c77eca1f6fca4c150f	cell-v1-4e2bea34bdc6662267982a7d8fbc3c3656bff3b7037d5688377381190406523e	cell-v1-4e2bea34bdc6662267982a7d8fbc3c3656bff3b7037d5688377381190406523e	KB-v1-FC-v1-base64-neon-01	batch-v1-6c3b007720167296a74ef2568ca212ffafb2d01235b74eaf2f4b69ace0bf872b	EB-v1-KB-v1-FC-v1-base64-neon-01-01	batch-v1-41c9747e3fbe0f815337dd20563bb0f4ed261ecc2b3ea9f83249faca4114d69f
v1	rk-v1-c25d8902351c52a70076a0c32e89306dc8c5d1eefb01a038fc3f4c51fa8c7b68	117	111	FC-v1-base64	westmere	cell-v1-6d9b42845d2be2e1e9073027826d7653ebbfba11e87c9f5da4649ebf0f443ceb	op-v1-26b7be20b0edb4bbe19d6040c653a2816d536b2323353575cfe0c48bfbaa7fe5	21	eligible		611becc2a08c27a4edc77d9a45ff74c97130129b:include/simdutf/implementation.h:4824;611becc2a08c27a4edc77d9a45ff74c97130129b:src/westmere/implementation.cpp:1416-1444;611becc2a08c27a4edc77d9a45ff74c97130129b:src/generic/base64.h:1-1;611becc2a08c27a4edc77d9a45ff74c97130129b:src/westmere/sse_base64.cpp:363-397	base64ToBinaryDetailsUTF16Westmere	symbol-v1-6a956d77a8a59f826355ad548ff09065ec16107c60871eb0524ac2e1827970e7	shared-kernel-v1-823a9d9c5f2e228081b98c28fa371db74652e4b1d6966f5230daffbb9cbe11da	cell-v1-3fcfe3d5625dbeb0fd171ca778c4f9ec917785529f94dbbe9feec27f60bc0e90	cell-v1-3fcfe3d5625dbeb0fd171ca778c4f9ec917785529f94dbbe9feec27f60bc0e90	KB-v1-FC-v1-base64-westmere-01	batch-v1-cd818edb9a74319edbd89759f7ddf70b73f8f709734e66ed35019789c112d463	EB-v1-KB-v1-FC-v1-base64-westmere-01-01	batch-v1-9847c022f27e0442198ed5780baf9e0ad6cf6de441a8267d82c9c8354ad542e3
v1	rk-v1-c25d8902351c52a70076a0c32e89306dc8c5d1eefb01a038fc3f4c51fa8c7b68	117	111	FC-v1-base64	haswell	cell-v1-ab561242f362c3bee1198f582dc5e55c487e9d7ca95fee9d7767c87c2fcb3a4c	op-v1-26b7be20b0edb4bbe19d6040c653a2816d536b2323353575cfe0c48bfbaa7fe5	21	eligible		611becc2a08c27a4edc77d9a45ff74c97130129b:include/simdutf/implementation.h:4824;611becc2a08c27a4edc77d9a45ff74c97130129b:src/haswell/implementation.cpp:1385-1413;611becc2a08c27a4edc77d9a45ff74c97130129b:src/generic/base64.h:1-1;611becc2a08c27a4edc77d9a45ff74c97130129b:src/haswell/avx2_base64.cpp:409-440	base64ToBinaryDetailsUTF16Haswell	symbol-v1-3745f9de7b7782039d506bbfb75832ac2c5f1442b86e9bc783f78cbfbceff15b	shared-kernel-v1-722ade7188f45182adf5eefaf7fe5ab9a6feb682861951713304a76d108e2497	cell-v1-5e6a0dba608d94ff8633cfe0f55f5c223f291df0842bef9746a15ebbb4dd027b	cell-v1-5e6a0dba608d94ff8633cfe0f55f5c223f291df0842bef9746a15ebbb4dd027b	KB-v1-FC-v1-base64-haswell-01	batch-v1-a8129f200d2cdb20f6277b5595de90a0c0570847a22bcc58ae2c6e97bc3e16cc	EB-v1-KB-v1-FC-v1-base64-haswell-01-01	batch-v1-a58e435d18cca80b8c8403b4edc40a2b3112f8575283fe71f243bbe8310e05d6
v1	rk-v1-c25d8902351c52a70076a0c32e89306dc8c5d1eefb01a038fc3f4c51fa8c7b68	117	111	FC-v1-base64	archsimd	cell-v1-9dd48d1a2621b8cf52cdc4ad5b7d3ca2e0ac38a45566636c70466e41c5e4f7a1	op-v1-26b7be20b0edb4bbe19d6040c653a2816d536b2323353575cfe0c48bfbaa7fe5	21	eligible		simd/archsimd Go 1.26.5:FC-v1-base64 audit row; required primitives: shuffle/unpack, alphabet lookup, pack/store, line insertion; decode classification, whitespace/padding masks, compression, first-invalid index; available: archsimd/ops_amd64.go:Load,Store,Shuffle,And,Or,Xor; archsimd/compare_gen_amd64.go:Equal,LessThan; archsimd/maskmerge_gen_amd64.go:Mask	base64ToBinaryDetailsUTF16Archsimd	symbol-v1-ca60e5f4e6804aa2f31f37e565cefdb8404dff4873f1fac14262f8ba69b85501	shared-kernel-v1-e7db26d22da94be95376ed4e327e74c31961f10952f6f9ea4233564f738e4625	cell-v1-7991ada1419a1b39067a4bc902026e2449db1367bb31a371998d41e751362bce	cell-v1-7991ada1419a1b39067a4bc902026e2449db1367bb31a371998d41e751362bce	KB-v1-FC-v1-base64-archsimd-01	batch-v1-eb2a31c9027b113d5bb27b19ed7f4fd0dd899eb75e3a93822206649cee09c5ec	EB-v1-KB-v1-FC-v1-base64-archsimd-01-01	batch-v1-06a44913d3d007dd3779a7e09d634eb436d9d9a88b17a55ab1fcc7ff5324a9ff
v1	rk-v1-c25d8902351c52a70076a0c32e89306dc8c5d1eefb01a038fc3f4c51fa8c7b68	117	111	FC-v1-base64	neon	cell-v1-fa9e4babc6269b518d183faaa9670168dd4b1493b69b4e92c19c333288bf73fd	op-v1-26b7be20b0edb4bbe19d6040c653a2816d536b2323353575cfe0c48bfbaa7fe5	21	eligible		611becc2a08c27a4edc77d9a45ff74c97130129b:include/simdutf/implementation.h:4824;611becc2a08c27a4edc77d9a45ff74c97130129b:src/arm64/implementation.cpp:1389-1417;611becc2a08c27a4edc77d9a45ff74c97130129b:src/arm64/arm_base64.cpp:511-745	base64ToBinaryDetailsUTF16NEON	symbol-v1-1723166569905b7ce12c4c3656792c1b2fe297aa59b28df79ee1180fca87de67	shared-kernel-v1-d17cd4188fd98a60064f0cf76c746a2608aa8e6ee8dd068bafb985110c2435ae	cell-v1-cb8777ca848ae385da9926ab34da5c995e100bf8d052bb9e0bd6a1500294b201	cell-v1-cb8777ca848ae385da9926ab34da5c995e100bf8d052bb9e0bd6a1500294b201	KB-v1-FC-v1-base64-neon-01	batch-v1-6c3b007720167296a74ef2568ca212ffafb2d01235b74eaf2f4b69ace0bf872b	EB-v1-KB-v1-FC-v1-base64-neon-01-01	batch-v1-41c9747e3fbe0f815337dd20563bb0f4ed261ecc2b3ea9f83249faca4114d69f
v1	rk-v1-b46eed8155e8711cadc444b70bb4902b6bd0ff1fa2c56e91aa3c246d98a50496	118	121	FC-v1-base64	westmere	cell-v1-ab46d1ba24bc5d7047146126577b0cb563f4c3d592304542cd44734bd7cf5041	op-v1-c27880a5471cb877267fb5dcd9b83a50b56636ff5bb3630c6a1489164cf3d4da	scalar	not_applicable	primitive_gap	611becc2a08c27a4edc77d9a45ff74c97130129b:include/simdutf/implementation.h:4862									
v1	rk-v1-b46eed8155e8711cadc444b70bb4902b6bd0ff1fa2c56e91aa3c246d98a50496	118	121	FC-v1-base64	haswell	cell-v1-0d2f8f3ba84904eb3aeb19fa763b0e2fc917b3e3260abe6eb8313d3d4683f1f0	op-v1-c27880a5471cb877267fb5dcd9b83a50b56636ff5bb3630c6a1489164cf3d4da	scalar	not_applicable	primitive_gap	611becc2a08c27a4edc77d9a45ff74c97130129b:include/simdutf/implementation.h:4862									
v1	rk-v1-b46eed8155e8711cadc444b70bb4902b6bd0ff1fa2c56e91aa3c246d98a50496	118	121	FC-v1-base64	archsimd	cell-v1-614dc07823404ed4e06d9415aca9be9980cccdc69a1f9d41db99b5a67832b503	op-v1-c27880a5471cb877267fb5dcd9b83a50b56636ff5bb3630c6a1489164cf3d4da	scalar	not_applicable	primitive_gap	611becc2a08c27a4edc77d9a45ff74c97130129b:include/simdutf/implementation.h:4862									
v1	rk-v1-b46eed8155e8711cadc444b70bb4902b6bd0ff1fa2c56e91aa3c246d98a50496	118	121	FC-v1-base64	neon	cell-v1-5f0c5aec3976bacbec6f614e013b4cc6ff64be4122aed61d5c9ea3462b9a8656	op-v1-c27880a5471cb877267fb5dcd9b83a50b56636ff5bb3630c6a1489164cf3d4da	scalar	not_applicable	primitive_gap	611becc2a08c27a4edc77d9a45ff74c97130129b:include/simdutf/implementation.h:4862									
v1	rk-v1-54c21357a483598befd84fbc768831037f6ad11a57ab95af598f1ef0976a72ed	119	113	FC-v1-base64	westmere	cell-v1-82396de66dd39e487110e045f82cfbe69329d24784b06036927658a92ffda8f6	op-v1-652d9f2761e380b2ca2896d833ee1020960339056335a25b9c96bfdadb1040d8	scalar	not_applicable	primitive_gap	611becc2a08c27a4edc77d9a45ff74c97130129b:include/simdutf/implementation.h:4866									
v1	rk-v1-54c21357a483598befd84fbc768831037f6ad11a57ab95af598f1ef0976a72ed	119	113	FC-v1-base64	haswell	cell-v1-71e67a68cf1b10abc5ae3116c58436d4714017db1ebb3d7b69e5aa1a7f2d5118	op-v1-652d9f2761e380b2ca2896d833ee1020960339056335a25b9c96bfdadb1040d8	scalar	not_applicable	primitive_gap	611becc2a08c27a4edc77d9a45ff74c97130129b:include/simdutf/implementation.h:4866									
v1	rk-v1-54c21357a483598befd84fbc768831037f6ad11a57ab95af598f1ef0976a72ed	119	113	FC-v1-base64	archsimd	cell-v1-da0326801658f2855a8975ad472e9982634fb9ae6cde03e91cac2e79d2887ac8	op-v1-652d9f2761e380b2ca2896d833ee1020960339056335a25b9c96bfdadb1040d8	scalar	not_applicable	primitive_gap	611becc2a08c27a4edc77d9a45ff74c97130129b:include/simdutf/implementation.h:4866									
v1	rk-v1-54c21357a483598befd84fbc768831037f6ad11a57ab95af598f1ef0976a72ed	119	113	FC-v1-base64	neon	cell-v1-76ae19a5f0de0cb05de8a3053fc29fa6c9b8e455dc9321cbb69f72eb99d05a13	op-v1-652d9f2761e380b2ca2896d833ee1020960339056335a25b9c96bfdadb1040d8	scalar	not_applicable	primitive_gap	611becc2a08c27a4edc77d9a45ff74c97130129b:include/simdutf/implementation.h:4866									
v1	rk-v1-48054ee9944c5846d4d39acc5c3a4f6cf83b646f1ceb9e1c866a2d9724cc534d	120	118	FC-v1-base64	westmere	cell-v1-c8d66c13b6a300c8fb1bac7758ecf995aa21ac3f50eb7ce08c825ff2a1ca632e	op-v1-b12135debf5c27e98236e42d63cf49d080163bd60172c35b3d32fbcd2b88fc49	scalar	not_applicable	primitive_gap	611becc2a08c27a4edc77d9a45ff74c97130129b:include/simdutf/implementation.h:4883									
v1	rk-v1-48054ee9944c5846d4d39acc5c3a4f6cf83b646f1ceb9e1c866a2d9724cc534d	120	118	FC-v1-base64	haswell	cell-v1-262bd4e5834afa3c9be7c4eba053bbd3af05f79694e07d7aae340d79d314a7c1	op-v1-b12135debf5c27e98236e42d63cf49d080163bd60172c35b3d32fbcd2b88fc49	scalar	not_applicable	primitive_gap	611becc2a08c27a4edc77d9a45ff74c97130129b:include/simdutf/implementation.h:4883									
v1	rk-v1-48054ee9944c5846d4d39acc5c3a4f6cf83b646f1ceb9e1c866a2d9724cc534d	120	118	FC-v1-base64	archsimd	cell-v1-5fdc2af855e2682138c53ec2d81e583fbf8bbc475105ce4ed0fb19f6199a415e	op-v1-b12135debf5c27e98236e42d63cf49d080163bd60172c35b3d32fbcd2b88fc49	scalar	not_applicable	primitive_gap	611becc2a08c27a4edc77d9a45ff74c97130129b:include/simdutf/implementation.h:4883									
v1	rk-v1-48054ee9944c5846d4d39acc5c3a4f6cf83b646f1ceb9e1c866a2d9724cc534d	120	118	FC-v1-base64	neon	cell-v1-7e6a6a9c6ddb02e4c3256ea216efa1bd727659be7915548a3c21f2211180bde8	op-v1-b12135debf5c27e98236e42d63cf49d080163bd60172c35b3d32fbcd2b88fc49	scalar	not_applicable	primitive_gap	611becc2a08c27a4edc77d9a45ff74c97130129b:include/simdutf/implementation.h:4883									
v1	rk-v1-39ae2dfb9309be31ab1bf5ac86f0adf60d2fab289e1a9b516c5706edbc00497a	121	112	FC-v1-base64	westmere	cell-v1-cfd526d5f4e0bb252be8cb5259bfe39cfc8cf9f8b33586ada696ed5f6e687ef6	op-v1-3467e96e46b74f183e5ee3f6aeab4a53e5020390f1dd70194b2b047f4e9c5032	scalar	not_applicable	primitive_gap	611becc2a08c27a4edc77d9a45ff74c97130129b:include/simdutf/implementation.h:4887									
v1	rk-v1-39ae2dfb9309be31ab1bf5ac86f0adf60d2fab289e1a9b516c5706edbc00497a	121	112	FC-v1-base64	haswell	cell-v1-f3c0153910f20051f165116c6e8bfeac973e1ba74fb083d035ecc998c6373f19	op-v1-3467e96e46b74f183e5ee3f6aeab4a53e5020390f1dd70194b2b047f4e9c5032	scalar	not_applicable	primitive_gap	611becc2a08c27a4edc77d9a45ff74c97130129b:include/simdutf/implementation.h:4887									
v1	rk-v1-39ae2dfb9309be31ab1bf5ac86f0adf60d2fab289e1a9b516c5706edbc00497a	121	112	FC-v1-base64	archsimd	cell-v1-95b471eeac09acc12bf3132c11f3d68c023d8ce9bd60d277e75242b63597d192	op-v1-3467e96e46b74f183e5ee3f6aeab4a53e5020390f1dd70194b2b047f4e9c5032	scalar	not_applicable	primitive_gap	611becc2a08c27a4edc77d9a45ff74c97130129b:include/simdutf/implementation.h:4887									
v1	rk-v1-39ae2dfb9309be31ab1bf5ac86f0adf60d2fab289e1a9b516c5706edbc00497a	121	112	FC-v1-base64	neon	cell-v1-407f8e3451aa4de25487dee1c9e5a66625188ad41a2461edab6d12974fbacaff	op-v1-3467e96e46b74f183e5ee3f6aeab4a53e5020390f1dd70194b2b047f4e9c5032	scalar	not_applicable	primitive_gap	611becc2a08c27a4edc77d9a45ff74c97130129b:include/simdutf/implementation.h:4887									
v1	rk-v1-925c9723885fa27cffa8081cb6d18cf709b414feb19864a5ace5428db8b18323	122	117	FC-v1-base64	westmere	cell-v1-fd11fb37a460dbbbd1405ac39d675ce784f33dc20fcaa5ffe5084da7ec49b6db	op-v1-aca1b4a7303d38f5f64d24f7c6ed676a051092fa3c2e925d651f008c35c9eb2c	scalar	not_applicable	primitive_gap	611becc2a08c27a4edc77d9a45ff74c97130129b:include/simdutf/implementation.h:4901									
v1	rk-v1-925c9723885fa27cffa8081cb6d18cf709b414feb19864a5ace5428db8b18323	122	117	FC-v1-base64	haswell	cell-v1-b0ca5057af54755c16475276756ef4c31cc0eca3191ddd328808979d086f39ce	op-v1-aca1b4a7303d38f5f64d24f7c6ed676a051092fa3c2e925d651f008c35c9eb2c	scalar	not_applicable	primitive_gap	611becc2a08c27a4edc77d9a45ff74c97130129b:include/simdutf/implementation.h:4901									
v1	rk-v1-925c9723885fa27cffa8081cb6d18cf709b414feb19864a5ace5428db8b18323	122	117	FC-v1-base64	archsimd	cell-v1-a4368f9ca7ae0e63df8e40aba02476a12bec06171c0fdc2be8cff6f90288a37e	op-v1-aca1b4a7303d38f5f64d24f7c6ed676a051092fa3c2e925d651f008c35c9eb2c	scalar	not_applicable	primitive_gap	611becc2a08c27a4edc77d9a45ff74c97130129b:include/simdutf/implementation.h:4901									
v1	rk-v1-925c9723885fa27cffa8081cb6d18cf709b414feb19864a5ace5428db8b18323	122	117	FC-v1-base64	neon	cell-v1-fadcfc2c2a934dbfb63ea4e2da6d2ea9821a7d455325b114ea56d1e95d5fb30d	op-v1-aca1b4a7303d38f5f64d24f7c6ed676a051092fa3c2e925d651f008c35c9eb2c	scalar	not_applicable	primitive_gap	611becc2a08c27a4edc77d9a45ff74c97130129b:include/simdutf/implementation.h:4901									
v1	rk-v1-02b389379d8eddc42028e988ebab7a6f6d9316ea361be0fd7987069ec7f487ca	123	114	FC-v1-base64	westmere	cell-v1-a2ce5b8dd428b2bc71d65a163b91551ece1182151030cc9cd4a0dd782df12f52	op-v1-734f26e20d17f3da0299a3bb37a77cb07982457e98cc0f84cc5d58e522222525	scalar	not_applicable	primitive_gap	611becc2a08c27a4edc77d9a45ff74c97130129b:include/simdutf/implementation.h:4906									
v1	rk-v1-02b389379d8eddc42028e988ebab7a6f6d9316ea361be0fd7987069ec7f487ca	123	114	FC-v1-base64	haswell	cell-v1-2ff381c6948ddb9c747c7fae95c54e33852b3e1ea6e6cf89f877650d1bedbbb7	op-v1-734f26e20d17f3da0299a3bb37a77cb07982457e98cc0f84cc5d58e522222525	scalar	not_applicable	primitive_gap	611becc2a08c27a4edc77d9a45ff74c97130129b:include/simdutf/implementation.h:4906									
v1	rk-v1-02b389379d8eddc42028e988ebab7a6f6d9316ea361be0fd7987069ec7f487ca	123	114	FC-v1-base64	archsimd	cell-v1-91e7dad29525e9c25315f0a3648c047adadb5c8cd3ad93c4c0d98f8761c0a9a8	op-v1-734f26e20d17f3da0299a3bb37a77cb07982457e98cc0f84cc5d58e522222525	scalar	not_applicable	primitive_gap	611becc2a08c27a4edc77d9a45ff74c97130129b:include/simdutf/implementation.h:4906									
v1	rk-v1-02b389379d8eddc42028e988ebab7a6f6d9316ea361be0fd7987069ec7f487ca	123	114	FC-v1-base64	neon	cell-v1-39bae9b9a1d5c0ac184257c212b974050fc7fbb707e5405a46256b8746f4a886	op-v1-734f26e20d17f3da0299a3bb37a77cb07982457e98cc0f84cc5d58e522222525	scalar	not_applicable	primitive_gap	611becc2a08c27a4edc77d9a45ff74c97130129b:include/simdutf/implementation.h:4906									
v1	rk-v1-14d973be79b097ee820076a9b50aa8a21b93bab4e25712f9e6323fabb4ddd645	124	123	FC-v1-base64	westmere	cell-v1-c3a0300f71317e2689bc29cc79243fc7fcfb45c51d69e5c57f34b13609dae9f6	op-v1-26b7be20b0edb4bbe19d6040c653a2816d536b2323353575cfe0c48bfbaa7fe5	21	not_applicable	composite_wrapper_delegates_accelerated_core	611becc2a08c27a4edc77d9a45ff74c97130129b:include/simdutf/implementation.h:4979;dependency:Base64ToBinary									
v1	rk-v1-14d973be79b097ee820076a9b50aa8a21b93bab4e25712f9e6323fabb4ddd645	124	123	FC-v1-base64	haswell	cell-v1-a2930a605f641dfed5d7f54e925c3b37b3dc8f1eefe7197f88d790229966316b	op-v1-26b7be20b0edb4bbe19d6040c653a2816d536b2323353575cfe0c48bfbaa7fe5	21	not_applicable	composite_wrapper_delegates_accelerated_core	611becc2a08c27a4edc77d9a45ff74c97130129b:include/simdutf/implementation.h:4979;dependency:Base64ToBinary									
v1	rk-v1-14d973be79b097ee820076a9b50aa8a21b93bab4e25712f9e6323fabb4ddd645	124	123	FC-v1-base64	archsimd	cell-v1-5b4c3d760c5ecc61c7b7a90d78d868e95615e6ee4a233db7b2c987e10dc52b79	op-v1-26b7be20b0edb4bbe19d6040c653a2816d536b2323353575cfe0c48bfbaa7fe5	21	not_applicable	composite_wrapper_delegates_accelerated_core	611becc2a08c27a4edc77d9a45ff74c97130129b:include/simdutf/implementation.h:4979;dependency:Base64ToBinary									
v1	rk-v1-14d973be79b097ee820076a9b50aa8a21b93bab4e25712f9e6323fabb4ddd645	124	123	FC-v1-base64	neon	cell-v1-77832ecc110c2831ebeea61ea933fb87f369db5a23edd06865ebdde2722ef9b0	op-v1-26b7be20b0edb4bbe19d6040c653a2816d536b2323353575cfe0c48bfbaa7fe5	21	not_applicable	composite_wrapper_delegates_accelerated_core	611becc2a08c27a4edc77d9a45ff74c97130129b:include/simdutf/implementation.h:4979;dependency:Base64ToBinary									
v1	rk-v1-2533351259b6b897f9b0a419a60063a6d3ceaf2cd2006ef2af57f1b27cacb691	125	124	FC-v1-base64	westmere	cell-v1-aa5d6580a00710c3631a70a02f4c83eb1eba4f814bef828214199ea364cd1fe2	op-v1-26b7be20b0edb4bbe19d6040c653a2816d536b2323353575cfe0c48bfbaa7fe5	21	not_applicable	composite_wrapper_delegates_accelerated_core	611becc2a08c27a4edc77d9a45ff74c97130129b:include/simdutf/implementation.h:4987;dependency:Base64ToBinaryUTF16									
v1	rk-v1-2533351259b6b897f9b0a419a60063a6d3ceaf2cd2006ef2af57f1b27cacb691	125	124	FC-v1-base64	haswell	cell-v1-a6f3f843aa8c1f4ad9bdad2f06fad25293a5490fb61b5494a6506ae292ed2832	op-v1-26b7be20b0edb4bbe19d6040c653a2816d536b2323353575cfe0c48bfbaa7fe5	21	not_applicable	composite_wrapper_delegates_accelerated_core	611becc2a08c27a4edc77d9a45ff74c97130129b:include/simdutf/implementation.h:4987;dependency:Base64ToBinaryUTF16									
v1	rk-v1-2533351259b6b897f9b0a419a60063a6d3ceaf2cd2006ef2af57f1b27cacb691	125	124	FC-v1-base64	archsimd	cell-v1-7880b8453d04f3bc98c60d31c7b493de9adb98200bb45d30630044a77dd40c9e	op-v1-26b7be20b0edb4bbe19d6040c653a2816d536b2323353575cfe0c48bfbaa7fe5	21	not_applicable	composite_wrapper_delegates_accelerated_core	611becc2a08c27a4edc77d9a45ff74c97130129b:include/simdutf/implementation.h:4987;dependency:Base64ToBinaryUTF16									
v1	rk-v1-2533351259b6b897f9b0a419a60063a6d3ceaf2cd2006ef2af57f1b27cacb691	125	124	FC-v1-base64	neon	cell-v1-9ef0a6cb922af1f8378a075f3f200f23294eba6cf17e3bdf5603acfe4c007035	op-v1-26b7be20b0edb4bbe19d6040c653a2816d536b2323353575cfe0c48bfbaa7fe5	21	not_applicable	composite_wrapper_delegates_accelerated_core	611becc2a08c27a4edc77d9a45ff74c97130129b:include/simdutf/implementation.h:4987;dependency:Base64ToBinaryUTF16									
